user_id,item_id
266,1778
266,57
266,57
266,61
266,549
266,758
266,1776
266,60
266,204
266,510
266,67
266,69
266,205
266,1950
266,68
266,655
266,656
266,1866
266,71
266,70
266,72
266,202
266,489
266,31
266,207
266,74
266,209
266,210
266,653
266,1085
167,546
167,664
167,666
167,502
167,245
167,515
167,714
167,271
167,712
167,145
167,610
167,721
167,772
167,778
167,812
167,387
149,720
149,732
149,134
149,137
149,139
149,707
149,150
149,594
149,103
149,681
149,1818
149,1027
149,1026
149,1028
1592,640
1592,1119
1592,1159
1592,1212
1592,335
1592,29
1592,2451
1592,1398
1592,1404
1592,1425
1592,1426
1592,1842
1592,2043
1592,1609
1592,1656
1592,1663
1522,1643
1522,1762
1522,1763
1522,2017
1522,2018
1522,2019
1522,1741
1522,2307
1522,2150
1522,2308
1522,2309
1522,2310
1522,2311
1522,2312
1522,2313
1522,2314
1522,2315
1522,2403
1522,2404
1522,2426
1199,309
1199,310
1199,1177
1199,311
1199,1820
1199,1219
1199,1225
1199,312
1199,118
1199,1302
1199,1322
1199,1342
1199,1463
1199,2144
1199,195
1199,2142
1199,1854
1199,1022
1199,644
1199,2134
1199,2225
1199,1507
1199,2069
1199,2187
1420,977
1420,1113
1420,21
1420,984
1420,1002
1420,1005
1420,149
1420,1044
1420,1786
1420,331
1420,1066
1420,1099
1420,332
1420,1116
1420,1137
1420,1167
1420,2117
1420,474
1420,1281
1420,335
535,60
535,796
535,911
535,747
535,892
535,202
535,303
535,574
535,1222
535,930
535,1176
535,1234
535,1462
535,1584
535,1590
535,798
535,1694
535,2058
535,1700
535,1724
535,1231
535,1752
535,2200
535,2209
535,2301
535,2318
535,2350
535,2366
535,1434
535,2380
535,2059
1375,1036
1375,597
1375,596
1375,1046
1375,1056
1375,1119
1375,1159
1375,1168
1375,2062
1375,144
1375,399
1375,1486
1375,1853
1375,1844
1375,1854
1375,1522
1375,1523
1375,1874
1375,1534
1375,1554
1375,1555
1375,51
1375,1559
1375,2064
1375,400
1375,409
1375,1825
1375,2065
1375,1598
1375,1826
1375,1464
1375,1543
1375,1880
1375,1218
1375,1672
1375,1556
1375,109
1375,423
1375,1715
1375,488
1375,1758
1375,2203
1375,2212
1375,1019
1375,1557
1375,2198
1375,1884
1375,2233
1375,1881
1375,2134
1375,2136
1375,1558
1440,136
1440,264
1440,213
1440,214
1440,698
1440,724
1440,731
1440,717
1440,527
1440,271
1440,708
1440,749
1440,624
1440,265
1553,760
1553,778
1553,146
1553,159
1553,512
1553,519
1553,1792
1553,17
1553,342
1553,1799
1553,1798
1553,941
1553,1806
1553,452
1553,1201
1553,1240
1553,1291
1553,2073
1553,1842
1553,535
1553,1878
1553,1883
1553,1879
1553,514
1553,2287
1553,446
1553,403
1553,2323
1553,440
1553,2071
1553,2427
1553,2072
1715,597
1715,903
1715,622
1715,607
1715,1045
1715,1119
1715,937
1715,633
1715,367
1715,1172
1715,1159
1715,23
1715,1021
1715,2106
1715,1321
1715,345
1715,408
1715,419
1715,1874
1715,1614
1715,2180
1715,1650
1715,2098
1715,1663
1715,2097
1715,1768
1715,2233
1715,438
1715,2302
1715,2099
1715,2327
1715,2316
1715,2365
1715,2365
1715,2393
1715,445
1715,2397
1715,2171
1715,2431
1715,1894
1715,1888
1715,2112
1715,1907
1207,777
1207,788
1207,891
1207,942
1207,887
1207,772
1207,797
1207,988
1207,956
1207,922
1207,994
1207,1815
1207,1816
1207,1114
1207,1002
1207,1137
1207,360
1207,971
1207,870
1207,983
1207,296
1207,376
1207,1071
1207,343
1207,344
1207,1190
1207,1279
1207,1208
1207,1305
1207,2060
1207,1256
1207,337
1207,1945
1207,964
1207,1372
1207,1386
1207,408
1207,1410
1207,1343
1207,1403
1207,1408
1207,1045
1207,925
1207,1104
1207,1236
1207,1451
1207,1441
1207,419
1207,383
1207,1464
1207,1456
1207,1477
1207,453
1207,345
1207,1523
1207,1543
1207,420
1207,1581
1207,1502
1207,1609
1207,1825
1207,2446
1207,2065
1207,461
1207,2126
1207,421
1207,233
1207,1826
1207,1637
1207,1670
1207,1875
1207,1876
1207,389
1207,2373
1207,440
1207,2284
1207,436
1207,2334
1207,2391
1207,407
1207,2397
1207,441
1207,2423
1207,2410
1207,2431
1207,1905
1207,2433
1207,1893
1207,1888
1207,2414
1207,1907
366,1167
366,979
366,1210
366,845
366,1281
366,1463
366,23
366,1369
366,1857
366,1458
366,1409
366,51
366,1564
366,24
366,26
366,1640
1702,86
1702,961
1702,788
1702,754
1702,243
1702,1045
1702,1062
1702,705
1702,1945
1702,1136
1702,343
1702,344
1702,1274
1702,1495
1236,775
1236,594
1236,1788
1236,826
1236,873
1236,888
1236,1789
1236,602
1236,994
1236,1053
1236,103
1236,681
1236,473
497,675
497,785
497,997
497,1006
497,1037
497,1043
497,1055
497,1241
497,1337
497,1428
497,1432
497,2223
816,716
816,264
816,146
816,600
816,214
816,604
816,714
816,708
816,171
816,565
816,592
816,990
816,283
816,737
816,169
816,15
816,796
816,624
816,162
816,159
816,285
816,170
816,641
816,647
816,168
816,691
816,166
816,174
816,778
816,176
816,605
816,797
816,771
816,178
816,809
816,1791
816,1793
816,371
816,640
816,692
816,783
816,813
816,1794
816,1795
816,1785
816,1797
816,606
816,567
816,1796
816,596
816,1799
816,807
816,712
816,898
816,936
816,1100
816,806
816,824
816,871
816,693
816,717
816,566
816,948
816,1800
816,92
816,1801
816,570
816,927
816,185
816,970
816,1803
816,597
816,812
816,607
816,995
816,1154
816,1029
816,1049
816,1122
816,2011
816,1021
816,1098
816,914
816,1371
39,1066
39,782
39,805
39,822
39,1139
39,1151
39,1162
39,1181
39,1184
39,1185
39,2056
39,1193
39,1186
39,1227
39,1230
39,1243
39,1241
39,1252
39,1269
39,1263
39,1278
39,451
39,1323
39,1234
39,1092
39,1329
39,1214
39,1339
39,1463
39,1364
39,1375
39,1423
39,1388
39,1157
39,1401
39,1402
39,460
39,1393
39,2450
39,1392
39,1399
39,1413
39,1458
39,1430
39,402
39,1461
39,1452
39,1438
39,1379
39,1542
39,476
39,2038
39,1436
39,1514
39,83
39,82
39,1539
39,1288
39,1540
39,1575
39,1620
39,1462
39,1547
39,1590
39,2145
39,1354
39,1631
39,1608
39,1653
39,1657
39,1686
39,1578
39,2058
39,1082
39,1716
39,1424
39,1710
39,1733
39,1744
39,2197
39,2213
39,2149
39,2236
39,2249
39,1913
39,2240
39,2218
39,2274
39,2196
39,2317
39,2325
39,2194
39,2255
39,2369
39,1923
39,2361
39,2376
39,2389
39,2264
39,1031
39,1032
39,2402
39,2409
39,2342
39,2411
39,2343
39,2059
39,2429
39,2195
319,1052
319,1153
319,1300
319,1081
319,1512
319,1760
319,442
319,1640
319,2262
319,2282
319,444
319,1226
319,1304
319,2299
319,2336
319,1765
319,1360
319,1182
319,2150
319,389
319,2323
319,2125
416,914
416,566
416,596
416,1100
416,605
416,597
416,555
416,565
416,592
416,568
416,943
416,1177
416,633
416,1256
416,1021
1117,1415
1117,1517
1117,1916
1117,1522
1117,1926
1117,1418
1117,1519
1117,424
1117,1347
1117,1466
1117,1604
1117,314
1117,387
1117,1541
1117,1563
1117,1911
1117,1858
1117,1997
1117,1882
1117,2160
1117,1611
1117,1208
1117,388
1117,1620
1117,1917
1117,2122
1117,2437
1117,1847
1117,1629
1117,425
1117,1652
1117,2438
1117,1656
1117,2110
1117,2080
1117,368
1117,1918
1117,421
1117,1676
1117,1711
1117,1701
1117,1991
1117,1712
1117,1684
1117,1744
1117,2111
1117,1729
1117,2197
1117,1276
1117,2081
1117,2212
1117,2220
1117,1919
1117,442
1117,2219
1117,2214
1117,2113
1117,1833
1117,1992
1117,2267
1117,1836
1117,2277
1117,444
1117,2260
1117,2335
1117,428
1117,2181
1117,2357
1117,381
1117,2355
1117,2359
1117,389
1117,2379
1117,2389
1117,2386
1117,2384
1117,2391
1117,407
1117,2165
1117,1693
1117,427
1117,2166
1117,2412
1117,2424
1117,2431
1117,2431
1117,2167
1117,1892
1117,1921
1117,1888
1117,2112
524,287
524,1971
524,1972
524,2024
524,1973
524,912
524,596
524,833
524,1945
524,1106
524,1276
524,1405
524,1538
524,1209
524,318
524,1760
524,1738
524,2335
524,2365
524,2302
524,2423
524,2253
524,2284
524,1894
1046,219
1046,918
1046,566
1046,597
1046,692
1046,670
1046,1158
1046,23
1046,1109
1046,1206
1046,1282
1046,138
1046,138
1046,142
1046,1051
1046,568
1046,1371
1046,1058
1046,1021
1046,24
1046,610
1046,349
1046,1200
1046,1022
1046,22
1046,2
1046,1842
1046,2101
1046,1782
1046,1886
1046,12
1046,18
1046,13
1046,14
1046,594
1046,1615
1046,2173
1046,2091
1046,2098
1046,2169
1046,1696
1046,938
1046,1070
1046,25
1046,1424
1046,1004
1046,1845
1046,2097
1046,1449
1046,1389
1046,2099
1046,1429
1046,1457
1046,1478
1046,1872
1046,2100
1046,2421
1046,1685
1066,528
1066,545
1066,590
1066,88
1066,529
1066,566
1066,4
1066,592
1066,268
1066,527
1066,90
1066,39
1066,640
1066,812
1066,288
1066,596
1066,827
1066,580
1066,289
1066,924
1066,245
1066,92
1066,593
1066,855
1066,565
1066,114
1066,87
1066,90
1066,103
1066,681
1066,1100
1066,378
1066,1136
1066,2172
1066,1083
1066,81
323,1
323,181
323,645
323,1302
323,1588
323,1477
323,1597
323,2121
323,2279
323,1092
323,2327
323,1667
633,2236
633,1833
633,2256
633,2328
633,1194
633,2351
633,2368
633,2411
633,2417
633,2059
633,2412
633,2432
796,644
796,496
796,213
796,214
796,585
796,724
796,637
796,637
796,129
796,641
796,593
796,453
796,682
796,636
796,691
796,98
796,989
796,992
796,990
796,991
796,164
796,601
796,516
796,1123
796,454
796,1126
796,1074
1633,509
1633,114
1633,184
1633,1002
1633,102
1633,1044
1633,1052
1633,2060
1633,189
1633,140
1633,194
1633,1409
1154,616
1154,96
1154,629
1154,220
1154,221
1154,139
1154,719
1154,245
1154,15
1154,566
1154,215
1154,562
1154,575
1154,495
1154,629
1154,496
1154,250
1154,666
1154,634
1154,670
1154,506
1154,737
1154,705
1154,584
1154,527
1390,744
1390,767
1390,1781
1390,547
1390,1972
1390,596
1390,7
1390,3
1390,215
1390,629
1390,642
1390,699
1390,994
1390,1064
1390,1254
440,529
440,706
440,864
440,1068
440,1126
440,546
440,1129
440,628
440,1132
440,1170
440,1213
440,1318
1434,127
1434,129
1434,133
1434,218
1434,250
1434,261
1434,517
1434,555
1434,565
1434,592
1434,587
1434,590
1434,635
1434,641
1434,666
1434,673
1434,676
1434,697
1434,708
1434,714
1434,726
1434,733
1434,769
1434,244
1434,743
1434,219
1434,800
1434,249
1434,832
1434,348
1434,718
1434,2030
1434,826
1434,903
1434,933
1434,953
1434,1041
1434,1062
1434,1056
1434,1109
1434,1119
1434,340
1434,341
1434,1159
1434,848
1434,1321
1434,1232
1434,1078
1434,1679
1434,2334
1189,541
1189,1045
1189,541
1189,1978
1189,1979
1189,659
1189,1976
1189,1977
1189,1975
1189,132
1189,163
1189,552
1189,556
1189,573
1189,671
1189,919
1189,145
1189,151
1189,165
1189,177
1189,550
1189,551
1189,557
1189,561
1189,560
1189,663
1189,861
1189,1974
1189,2452
1189,135
1189,1332
1189,201
1189,200
1189,645
1189,206
1189,1091
999,60
999,652
999,306
999,668
999,452
999,723
999,959
999,1389
999,1859
999,1860
999,2106
999,694
999,1274
999,1366
999,1530
999,1608
999,1311
999,2097
999,81
637,1186
637,1214
637,1241
637,1252
637,1151
637,1227
637,1251
637,1269
637,1263
637,2449
637,1263
637,1323
637,1329
637,1339
637,1339
637,1352
637,1378
637,1401
637,1392
637,1413
637,1434
637,1437
637,1450
637,1542
637,1460
637,1442
637,1492
637,1406
637,1508
637,1514
637,997
637,1526
637,1552
637,1472
637,1575
637,1572
637,1572
637,2057
637,1627
637,1516
637,1631
637,1648
637,1608
637,1725
637,1660
637,2437
637,1680
637,1312
637,1682
637,1675
637,1314
637,1689
637,1726
637,1710
637,1414
637,1724
637,1716
637,1738
637,2207
637,1752
637,1761
637,2222
637,2249
637,2223
637,1922
637,2272
637,2293
637,2333
637,478
637,2324
637,2350
637,2348
637,2360
637,2372
637,2371
637,2375
637,2381
637,2448
637,1915
637,2264
637,2395
637,2402
637,2407
637,2419
637,2342
637,2428
637,2344
637,1890
637,1900
637,1903
50,833
50,1801
50,710
50,1800
50,1795
50,162
50,287
50,289
50,288
50,356
50,160
50,161
50,169
50,170
50,168
50,176
50,173
50,178
50,497
50,912
50,1797
50,1799
50,1804
50,1798
50,1966
50,90
50,174
50,300
50,299
50,320
50,356
50,594
50,599
50,617
50,616
50,1967
50,747
50,89
50,91
50,88
50,103
50,681
50,321
50,855
50,947
50,1004
50,1806
50,1997
50,307
50,643
50,651
50,994
50,1968
50,590
50,1814
50,1813
320,660
320,1238
320,405
320,1074
320,1370
320,1853
320,2445
320,1534
320,1480
320,1922
320,2212
320,1835
468,1618
468,1630
468,1649
468,1311
468,1661
468,1680
468,1683
468,1082
468,1316
468,1733
468,1759
468,2226
468,2231
468,1591
468,2252
468,2271
468,794
468,2289
468,2295
468,1773
468,2305
468,2331
468,2351
468,2364
468,2362
468,795
468,2398
468,2417
468,2291
468,2195
468,1898
468,1903
1685,92
1685,356
1685,571
1685,356
1685,570
1685,593
1685,630
1685,114
1685,531
1685,530
1685,567
1685,597
1685,3
1685,4
1685,1775
1685,2023
1685,2217
1058,724
1058,765
1058,880
1058,814
1058,827
1058,934
1058,950
1058,959
1058,1134
1058,1150
1058,856
1058,1196
1058,1238
1058,1242
1058,452
1630,587
1630,600
1630,109
1630,39
1630,749
1630,750
1630,649
1630,624
1630,159
1630,216
1630,453
1630,581
1630,346
1630,88
1630,740
1630,739
1630,636
1630,1086
1630,778
1630,93
1630,725
1630,784
1630,797
1630,810
1630,791
1630,226
1630,738
1630,150
1630,864
1630,923
1630,541
1630,541
1630,347
1630,807
1630,914
1630,90
1630,483
1630,610
1116,354
1116,289
1116,612
1116,356
1116,364
1116,453
1116,947
1116,964
1116,596
1116,103
1116,681
1116,597
1116,116
1116,310
1116,1012
1116,238
1116,1256
1116,392
1116,600
1116,601
1116,1347
1116,372
73,300
73,881
73,1973
73,92
73,912
73,967
73,994
73,826
73,1108
73,843
73,1045
73,595
73,627
73,452
73,585
73,237
1258,1236
1258,1190
1258,850
1258,1301
1258,1344
1258,1201
1258,1097
1258,2141
1258,1274
1258,1366
1258,387
1258,1916
1258,1096
1258,1038
1258,1652
1258,1650
1258,1875
1258,1506
1258,1711
1258,1709
1258,2135
1258,539
1258,1750
1258,407
1258,2139
1258,2138
1258,1888
1274,13
1274,340
1274,341
1274,950
1274,933
1274,1119
1274,1152
1274,1042
1274,1209
1274,1208
1274,1321
1274,121
1274,23
1274,1147
1274,1281
1274,1338
1274,1098
1274,1841
1274,1842
1274,1440
1274,1555
1274,665
1274,439
1274,1684
1274,1563
1274,1756
1274,2099
1274,1599
1274,1692
282,562
282,502
282,3
282,39
282,582
282,580
282,637
282,483
282,134
282,137
282,220
282,587
282,221
282,677
282,678
282,590
282,93
282,575
282,250
282,585
282,600
282,649
282,610
282,16
282,766
282,260
282,743
282,251
282,810
282,818
282,17
282,842
282,914
282,107
282,934
282,945
282,954
282,938
282,299
282,973
282,1782
282,597
282,306
282,295
282,182
282,1004
282,1039
282,1050
282,1053
282,1029
282,321
282,911
282,986
282,1109
282,1002
282,1147
282,365
282,1140
282,1167
282,1213
282,1179
282,1998
282,2092
282,1229
282,1237
282,2102
282,241
282,1250
282,1277
282,1295
282,1231
282,378
282,569
282,1274
282,1844
282,1463
282,1371
282,1444
282,1853
282,1869
282,1233
282,1000
282,1615
282,1449
282,1828
282,1585
282,1852
282,1696
282,1712
282,1703
282,1884
282,2069
282,1894
1749,1884
1749,1755
1749,2267
1749,1182
1749,1555
1749,1758
1749,478
1749,666
1749,1334
1749,697
1749,769
1749,389
1749,2069
1749,943
1749,438
1749,2284
1749,440
1749,1484
1749,2070
1749,2107
1749,1012
1749,2397
1749,2423
1176,484
1176,528
1176,555
1176,592
1176,796
1176,852
1176,1961
1176,866
1176,454
1176,1996
1176,100
1176,531
1176,530
1176,906
1176,1113
1176,455
1176,843
1176,844
1176,456
1176,241
572,128
572,557
572,2452
572,262
572,206
572,725
572,163
572,302
572,201
572,709
572,553
572,2086
572,2087
572,2088
560,426
560,1712
560,1736
560,1752
560,1747
560,1761
560,2215
560,1730
560,1823
560,1716
560,2272
560,444
560,2297
560,2301
560,1689
560,2338
560,2350
560,2255
560,2349
560,2354
560,2366
560,2377
560,2369
560,2389
560,2409
560,2412
560,2410
560,2429
560,2341
560,2414
1745,2116
1745,453
1745,454
1745,2115
1745,455
1745,378
1745,2117
1745,377
1745,1841
1745,2118
1745,1863
1745,2119
1745,2121
1745,1389
1745,1877
1745,1429
1745,2122
1745,1131
1745,475
1745,2098
1745,2097
1745,1127
1745,387
1745,1711
1745,1440
1745,2123
1745,2071
1745,1907
1292,920
1292,781
1292,958
1292,893
1292,1817
1292,356
1292,984
1292,322
1292,996
1292,1044
1292,323
1292,1116
1292,1118
1292,1105
1292,1124
1292,1145
1292,333
1292,1604
1292,1856
1292,2210
1008,960
1008,779
1008,870
1008,912
1008,912
1008,994
1008,1040
1008,343
1008,947
1008,1045
1008,1942
1008,360
1008,842
1008,812
1008,1194
1008,296
1008,1051
1008,2011
1008,2013
1008,1356
1008,1522
1008,1715
1008,428
463,590
463,596
463,821
463,904
463,1003
463,229
463,662
463,1073
463,549
463,1776
463,1388
463,679
463,558
463,1778
463,639
463,653
463,1076
463,661
463,650
463,655
463,656
463,1088
463,1090
463,1085
463,74
463,80
463,1234
463,1364
463,1462
463,1547
463,1590
463,1694
463,2209
463,2318
463,2380
874,734
874,604
874,990
874,744
874,624
874,763
874,255
874,784
874,780
874,761
874,815
874,820
874,852
874,107
874,807
874,100
874,799
874,101
823,617
823,1817
823,979
823,845
823,1045
823,1004
823,568
823,15
823,17
823,16
823,22
823,562
823,575
823,1121
823,625
823,1931
823,20
823,245
823,503
823,566
823,592
823,596
823,624
823,853
823,1029
823,706
823,454
823,8
823,621
823,7
823,591
823,532
823,597
823,1154
823,456
823,1318
823,21
823,142
823,9
823,187
823,188
823,192
823,191
823,1250
823,493
823,1512
823,194
823,2091
823,1609
823,1760
823,479
1664,497
1664,506
1664,515
1664,529
1664,528
1664,563
1664,581
1664,585
1664,587
1664,590
1664,600
1664,670
1664,708
1664,712
1664,713
1664,716
1664,757
1664,610
1664,732
1664,990
1664,870
665,791
665,790
665,297
665,298
665,1003
665,327
665,328
665,1960
665,1254
665,841
665,1548
665,2184
665,2185
1168,310
1168,382
1168,674
1168,746
1168,757
1168,813
1168,891
1168,925
1168,964
1168,984
1168,994
1168,999
1168,1000
1168,1039
1168,1041
1168,1061
1168,1107
1018,947
1018,1004
1018,903
1018,596
1018,842
1018,1070
1018,1120
1018,1056
1018,1180
1018,357
1018,116
1018,1218
1018,1189
1018,834
1018,1256
1018,1022
1018,864
1018,1522
1018,2198
188,1754
188,2221
188,2293
188,2283
188,2324
188,2348
188,2360
188,2371
188,2395
188,2402
188,2419
188,2428
1672,673
1672,700
1672,778
1672,616
1672,617
1672,512
1672,348
1672,342
1672,2027
1672,518
1672,519
1672,928
1672,1045
1672,1109
1672,1040
1672,759
1672,1224
1672,1321
1672,1093
1672,596
1672,633
1672,2073
1672,555
1672,1098
1672,535
1672,230
1672,231
1672,232
1672,399
1672,400
1672,1623
1672,1081
1672,1669
1672,536
1672,423
1672,1717
1672,1748
1672,2197
1672,2232
1672,2330
1672,514
1672,2359
1672,1594
1672,887
1672,403
994,1778
994,558
994,155
994,156
994,164
994,52
994,157
994,154
994,158
994,53
994,639
994,222
994,361
994,181
994,707
994,720
994,732
994,799
994,885
994,1817
994,608
994,803
994,650
994,1776
994,679
994,661
994,549
994,184
994,362
994,206
994,200
994,201
994,44
994,54
994,1818
994,653
994,1819
994,2086
994,2087
994,2088
994,262
994,263
994,2089
994,322
994,333
994,2034
994,2032
994,2040
994,2047
775,166
775,178
775,1795
775,708
775,1792
775,1798
775,1794
775,1799
775,885
775,2027
775,133
775,1053
775,888
775,2102
775,1846
775,1858
775,1554
1330,281
1330,886
1330,895
1330,827
1330,901
1330,915
1330,921
1330,926
1330,929
1330,935
1330,856
1330,918
1330,614
1330,978
1330,21
1330,224
1330,622
1330,1009
1330,1054
1330,1066
1330,782
1330,805
1330,822
1330,374
1330,212
1330,1111
1330,793
1330,1954
1330,843
1330,1157
259,166
259,178
259,702
259,1793
259,874
259,886
259,895
259,1798
259,915
259,921
259,1799
259,926
259,1796
259,929
259,935
259,1800
259,1801
259,1802
259,1804
259,1009
259,1054
259,1805
259,1806
259,1807
259,1808
259,1953
259,1954
259,1810
259,1811
259,1812
259,1955
259,1814
259,1021
297,130
297,249
297,809
297,804
297,289
297,827
297,596
297,816
297,937
297,779
297,597
297,754
297,1059
297,1119
297,633
297,869
297,1017
297,1021
1315,731
1315,737
1315,610
1315,227
1315,265
1315,123
1315,774
1315,16
1315,590
1315,593
1315,763
1315,617
1315,769
1315,779
1315,600
1315,113
1315,249
1315,800
1315,820
1315,18
1315,586
1315,601
1315,807
1315,615
1315,830
1315,91
1315,256
1315,240
1315,340
1315,124
1315,259
1315,111
1315,859
1315,814
1315,350
1315,871
1315,875
1315,883
1315,606
1315,876
1315,837
1315,121
1315,180
1315,864
1315,855
1315,342
1315,827
1315,612
1315,252
1315,924
1315,914
1315,566
1315,613
1315,595
1315,27
1315,937
1315,938
1315,619
1315,570
1315,351
1315,611
1315,455
1315,994
1315,607
1315,1956
1315,309
1315,1051
1315,959
1315,1044
1315,631
1315,632
1315,1059
1315,627
1315,323
1315,625
1315,1103
1315,458
1315,382
1315,1180
1315,237
1315,2010
1315,1960
1315,1859
1315,456
1315,633
1315,626
1315,1042
1315,1014
1315,1020
1315,1173
1315,618
1315,1187
1315,1860
1315,1208
1315,1213
1315,1207
1315,1212
1315,376
1315,1017
1315,569
1315,1015
1315,238
1315,2011
1315,1051
1315,1023
1315,1248
1315,1305
1315,1021
1315,462
1315,1326
1315,1334
1315,2106
1315,2012
1315,1993
1315,1371
1315,232
1315,513
1315,1405
1315,2013
1315,1018
1315,1441
1315,1444
1315,1994
1315,1495
1315,399
1315,1480
1315,1511
1315,1524
1315,1870
1315,1498
1315,2126
1315,417
1315,1418
1315,1846
1315,400
1315,1858
1315,1600
1315,1825
1315,2446
1315,1871
1315,2127
1088,128
1088,1088
1088,1264
1088,2103
1088,1332
1088,1908
1088,1250
1088,1470
1088,386
1088,2155
1088,2157
1088,2156
1088,2158
1088,2091
1088,412
1088,1875
1088,1563
1088,1626
1088,1658
1088,1691
1088,2189
1667,593
1667,596
1667,343
1667,545
1667,812
1667,1045
1667,1056
1667,1119
1667,14
1667,597
1667,666
1667,769
1667,1049
1667,640
1667,15
1667,58
1667,555
1667,565
1667,592
1667,633
1667,689
1667,1147
1667,647
1278,566
1278,140
1278,744
1278,1102
1278,192
1278,825
1278,797
1278,540
1278,346
1278,853
1278,356
1278,181
1278,940
1278,1002
1278,383
1278,184
1278,1044
1278,843
1278,1124
1278,1207
1278,1245
1278,191
1278,1255
1278,1218
1278,1089
1278,1346
1278,195
1278,335
1278,1479
1278,1567
1278,1656
1278,1179
1278,2257
1278,426
1278,2356
715,245
715,590
715,683
715,96
715,616
715,136
715,501
715,691
715,223
715,503
715,759
715,779
715,1970
715,1971
715,1972
715,457
715,943
715,484
715,708
715,555
715,565
715,630
715,792
715,596
715,562
715,719
715,774
715,859
715,891
715,831
715,1064
715,1007
715,570
715,1068
715,1067
715,507
715,323
715,1110
715,958
715,1044
715,959
715,1129
715,751
715,1121
715,879
715,961
715,852
715,1034
715,1035
715,1101
715,1204
715,862
715,931
715,979
715,845
715,351
715,360
715,1170
715,1124
715,1189
715,996
715,1297
715,1296
715,1302
715,1391
715,1390
715,677
715,818
715,954
715,1050
715,1884
715,2329
715,1528
715,488
963,157
963,722
963,855
963,289
963,356
963,597
963,1029
963,1065
963,1119
963,1122
963,1338
963,1022
963,1701
963,1079
963,1019
963,2175
963,1595
963,2334
963,2070
963,429
822,375
822,1974
822,1979
822,1146
822,872
822,1245
822,2443
822,659
822,2444
822,1091
822,1377
822,2445
822,1207
822,1235
1550,390
1550,391
1550,404
1550,1363
1550,1863
1550,1994
1550,386
1550,1464
1550,1543
1550,1581
1550,1984
1550,1619
1550,1686
1550,1690
1550,1676
1550,439
1550,1713
1550,1744
1550,1985
1550,430
1550,1750
1550,2294
1550,1729
1550,1595
1550,440
1550,389
1550,2396
1550,2267
1550,441
1550,1905
139,138
139,245
139,499
139,500
139,566
139,580
139,555
139,369
139,213
139,453
139,819
139,610
139,792
139,630
139,854
139,590
139,719
139,541
139,677
139,657
139,958
139,743
139,1040
139,1044
139,1124
139,1210
139,1369
148,851
148,2030
148,951
148,122
148,1140
148,1168
148,296
148,1839
148,1353
148,1381
148,1235
148,2048
148,1638
148,1670
1480,1233
1480,1482
1480,1588
1480,1532
1480,2029
1480,51
1480,1882
1480,1579
1480,1622
1480,1917
1480,1848
1480,233
1480,467
1480,1651
1480,1589
1480,422
1480,1880
1480,1340
1480,1419
1480,1918
1480,1727
1480,1740
1480,1760
1480,1048
1480,1512
1480,1226
1480,2251
1480,1755
1480,1883
1480,2201
1480,2205
1480,2198
1480,1919
1480,1377
1480,2151
1480,2233
1480,2299
1480,2327
1480,2366
1480,2069
1480,2393
1480,2107
851,802
851,880
851,874
851,882
851,757
851,886
851,778
851,915
851,921
851,1799
851,356
851,926
851,2017
851,2018
851,929
851,935
851,960
851,1803
851,704
851,1009
851,60
851,2021
851,1953
851,1954
851,1955
851,1151
851,1184
851,1927
851,1198
851,1227
851,1241
851,1243
851,1269
851,1263
851,1337
851,1329
851,1355
851,1352
851,1378
851,1401
851,1423
851,1413
851,1428
851,1430
851,1508
851,153
851,1587
851,1539
851,1540
851,2055
851,1610
851,1657
851,2082
851,2013
851,1735
851,2249
851,2263
851,2346
851,2194
851,447
851,2378
452,1461
452,1615
452,1544
452,1256
452,1664
452,1908
452,1304
452,1512
452,1760
452,1538
452,2299
452,1705
452,2361
452,389
452,1915
452,1491
452,1988
452,2393
452,1563
452,2344
452,2434
452,1902
1652,1380
1652,1571
1652,1575
1652,1648
1652,1660
1652,1700
1652,1222
1652,1683
1652,1313
1652,2272
1652,2216
1652,2306
1652,2286
1652,2297
1652,2301
1652,2325
1652,1722
1652,1617
1652,81
1652,1923
1652,2375
1601,1490
1601,1521
1601,1329
1601,1263
1601,1430
1601,1657
1601,1683
1601,2216
1601,1571
1601,1374
1601,1385
1601,2231
1601,1771
1601,2430
1601,2295
1601,2305
1601,2289
362,1135
362,1352
362,1540
362,1571
362,1329
362,437
362,1689
362,1723
362,1716
362,1754
362,2202
362,2218
362,2221
362,2240
362,2272
362,2293
362,2283
362,2324
362,2338
362,2348
362,2360
362,2369
362,2371
362,2381
362,2395
362,2409
362,2407
362,2419
362,2428
362,1895
1678,766
1678,810
1678,818
1678,853
1678,940
1678,1782
1678,1938
1678,1937
1678,1935
1678,2009
1678,191
1678,1167
1678,1237
1678,1255
1342,637
1342,289
1342,575
1342,182
1342,949
1342,903
1342,864
1342,870
1342,287
1342,288
1342,962
1342,2027
1342,878
1342,983
1342,938
1342,290
1342,947
1342,956
1342,704
1342,888
1342,1045
1342,647
1342,971
1342,1068
1342,383
1342,975
1342,976
1342,961
1342,890
1342,1040
1342,1129
1342,1945
1342,116
1342,925
1342,1104
1342,642
1342,1173
1342,1334
1342,1098
1342,1441
1342,100
1342,1486
1342,1511
1342,1276
1342,1455
1341,137
1341,139
1341,90
1341,610
1341,138
1341,273
1341,587
1341,590
1341,593
1341,1086
1341,1775
1341,2217
1341,245
1341,566
1341,624
1341,562
1341,575
1341,696
1341,752
1341,761
1341,129
1341,504
1341,635
1341,641
1341,175
1341,355
1341,630
1341,287
1341,288
1341,649
1341,495
1341,497
1341,293
1341,294
1341,496
1341,354
1341,555
1341,565
1341,585
1341,854
1341,289
1341,594
1341,599
1341,1
1341,220
1341,251
1341,596
1341,637
1341,529
1341,571
1341,637
1341,606
1341,601
1341,612
1341,754
1341,842
1341,597
1341,636
1341,812
1341,27
1341,218
1341,290
1341,778
1341,343
1341,395
1341,532
1341,616
1341,1029
1341,1119
1341,1147
1341,130
1341,633
1341,1056
87,352
87,1408
87,956
87,1523
87,1559
87,1609
87,630
87,1614
87,1672
87,1702
87,439
87,439
87,1767
87,1073
87,2169
87,440
87,441
87,1905
1499,1002
1499,956
1499,322
1499,1112
1499,2018
1499,2019
1499,1137
1499,1173
1499,1187
1499,1190
1499,86
1499,1948
1499,1222
1499,1863
1499,1965
1499,1459
1499,875
1327,1324
1327,1357
1327,1334
1327,2012
1327,1841
1327,1400
1327,1405
1327,1424
1327,1447
1327,1449
1327,1444
1327,1511
1327,1877
1327,1498
1327,1600
1327,1615
1327,1843
1327,426
1327,2323
1327,2357
1327,2171
1327,2422
1327,2427
933,1086
933,892
933,814
933,910
933,827
933,2030
933,856
933,1087
933,1113
933,1035
933,959
933,1134
933,1134
933,1155
933,1249
933,1301
933,1740
933,1899
862,1064
862,1185
862,1108
862,1267
862,1292
862,1147
862,1161
862,1322
862,2092
862,2093
862,766
862,818
862,1050
862,1237
862,810
862,1849
862,1045
862,1359
862,973
862,1179
862,518
862,519
862,928
862,963
862,1130
862,1201
862,2073
862,1291
862,1265
862,481
862,2257
862,426
862,2406
862,1656
707,2311
707,2312
707,2403
707,407
707,1515
707,2424
707,1549
707,1550
707,1742
707,2404
707,2253
707,513
707,2336
707,1901
707,2405
707,2426
707,2425
337,1670
337,1228
337,1713
337,1721
337,1616
337,1664
337,1386
337,1464
337,1543
337,2255
337,2256
337,2282
337,2346
337,2349
337,2280
337,2189
337,2367
458,1023
458,1329
458,1339
458,1352
458,1363
458,473
458,1413
458,197
458,1430
458,1450
458,1542
458,1460
458,2126
458,1026
458,1027
458,1540
458,1627
458,1608
458,1725
458,1657
458,1726
458,1716
458,2236
458,1441
458,2412
458,2195
577,154
577,156
577,204
577,157
577,158
577,164
577,207
577,362
577,205
577,2089
577,209
577,1927
577,74
577,1966
577,32
577,75
577,262
577,260
577,557
577,560
577,2452
577,135
577,561
577,861
577,1014
577,553
577,60
577,550
577,147
577,1399
577,849
577,291
1287,479
1287,2170
1287,2186
1287,2099
1287,2302
1287,478
1287,2323
1287,2234
1287,2184
1287,2183
1287,2185
1287,2365
1287,1594
1287,2187
1287,1324
1287,2427
1287,1894
1287,2188
1287,480
891,1008
891,1150
891,1196
891,1570
891,1095
891,1623
891,1598
891,1096
891,2140
891,1669
891,1506
891,414
891,2137
891,1766
891,2081
891,2135
891,2105
891,2263
891,2134
891,2152
891,2136
891,2336
891,1507
891,2192
891,2288
891,415
891,2421
891,2139
891,2138
891,109
891,110
891,1901
1053,1225
1053,1417
1053,1405
1053,1491
1053,1435
1053,1520
1053,2126
1053,1512
1053,1533
1053,1561
1053,2073
1053,1511
1053,1072
1053,518
1053,440
1053,403
1053,441
1053,2237
1053,1905
1577,1952
1577,1971
1577,279
1577,280
1577,2020
1577,589
1577,840
1577,1972
1577,777
1577,788
1577,755
1577,289
1577,823
1577,130
1577,130
1577,249
1577,356
1577,134
1577,1783
1577,942
1577,953
1577,259
1577,966
1577,2060
1577,1966
1577,1967
1577,1040
1577,1068
1577,1109
1577,1120
1160,812
1160,184
1160,947
1160,1122
1160,633
1160,343
1160,890
1160,1119
1160,1159
1160,537
1160,191
1160,666
1160,697
1160,769
1160,1197
1160,1172
1160,335
1160,1021
1160,1321
1160,194
1160,1396
1160,1022
1160,1078
1160,1583
1160,2091
1160,1790
1160,1083
1160,1548
1160,1756
1160,755
1160,640
1160,1051
1160,360
1160,230
1160,231
1160,232
1160,399
1160,400
1160,2234
1160,2016
1160,2014
246,1109
246,1206
246,1282
246,1371
246,2114
246,2118
246,663
246,1217
246,659
246,1091
246,1075
246,1080
246,1974
246,1976
417,1631
417,1661
417,2437
417,437
417,1578
417,1686
417,1313
417,1675
417,1707
417,2441
417,1734
417,2438
417,2439
417,1739
417,1744
417,2442
417,2208
417,2211
417,2220
417,2236
417,2241
417,1334
417,2281
417,2328
417,2282
417,2331
417,2353
417,2368
417,2389
417,2448
417,2447
417,2235
417,2411
417,1708
417,2268
417,2412
417,2365
417,2435
417,2179
417,2178
417,1902
417,1896
890,776
890,289
890,612
890,898
890,914
890,374
890,947
890,1086
890,761
890,854
890,611
890,455
890,977
890,1044
890,631
890,308
890,753
890,375
890,1968
890,1964
890,2443
217,136
217,529
217,600
217,778
217,279
217,784
217,591
217,1961
217,370
217,371
217,1972
217,289
217,976
217,218
217,1044
217,1043
217,1927
217,1020
217,2066
217,1386
217,1224
217,864
217,2355
217,2195
63,1635
63,1664
63,1550
63,1636
63,1647
63,1718
63,1918
63,1737
63,1731
63,1643
63,1762
63,1763
63,1741
63,1742
63,2307
63,2308
63,2309
63,2310
63,2311
63,2312
63,2313
63,2314
63,2315
63,2403
63,2404
63,2405
63,2426
63,2425
487,1022
487,1098
487,1484
487,1078
487,1679
487,1083
487,994
487,277
487,2121
487,1511
487,2259
487,317
1110,168
1110,255
1110,166
1110,162
1110,160
1110,161
1110,169
1110,171
1110,711
1110,176
1110,178
1110,687
1110,748
1110,798
1110,789
1110,1792
1110,710
1110,1794
1110,1795
127,1436
127,1499
127,1535
127,1285
127,1302
127,1649
127,1631
127,1876
127,1312
127,1314
127,1734
127,1707
127,1739
127,1744
127,1317
127,1700
127,1764
127,1766
127,2208
127,2222
127,2218
127,2236
127,1686
127,2240
127,2241
127,2281
127,2249
127,2272
127,2289
127,2282
127,2295
127,2305
127,2291
127,2301
127,2328
127,1834
127,2353
127,2368
127,2366
127,2264
127,2389
127,2448
127,2393
127,2339
127,2411
127,1915
127,2233
127,2327
127,2430
127,2412
647,566
647,12
647,97
647,213
647,515
647,3
647,214
647,369
647,1886
647,590
647,593
647,555
647,565
647,731
647,809
647,17
647,13
647,816
647,1996
647,92
647,19
647,570
647,847
647,1887
647,1782
647,1161
647,1440
647,1473
647,32
647,453
647,454
647,33
647,464
647,314
647,1030
647,1703
647,2101
647,2225
647,2187
647,2186
759,453
759,844
759,455
759,126
759,474
759,534
759,311
759,1236
759,312
759,1108
759,850
759,1277
759,2145
759,2146
759,1999
759,1092
759,2147
759,965
759,1098
759,2074
759,2143
759,1097
759,2173
759,2077
759,1451
759,1861
759,2075
759,2176
759,471
759,2142
759,476
759,1487
759,2121
759,1528
759,1481
759,1555
759,51
759,106
759,1576
759,2002
759,2014
759,1622
759,2122
759,2076
759,2174
759,1621
759,470
759,1589
759,2140
759,1656
759,1655
759,422
759,1822
759,2080
759,1095
759,1096
759,1602
759,1677
759,1663
759,1673
759,368
759,2257
759,1506
759,2078
759,2137
759,1711
759,2003
759,1715
759,665
759,1719
759,1760
759,1758
759,2123
759,1768
759,2212
759,2135
759,477
759,2239
759,1832
759,2267
759,2259
759,2016
759,1226
759,2175
759,2280
759,2277
759,2299
759,2134
759,2005
759,2302
759,2083
759,2136
759,2278
759,1634
759,2357
759,1507
759,2356
759,2118
759,2365
759,2006
759,2365
759,482
759,389
759,2287
759,2448
759,2399
759,2193
759,2406
759,2139
759,2390
759,2413
759,2431
759,381
759,2431
759,2190
759,2138
759,2427
759,1893
759,1894
759,1638
759,1888
759,1889
759,2191
759,2124
414,324
414,1059
414,943
414,1247
414,834
414,264
414,2027
414,1262
414,1229
414,1393
414,1440
414,1233
414,1614
414,1598
414,1640
414,1984
414,1880
414,1883
414,1073
414,2358
414,2178
414,2070
414,2412
1484,483
1484,506
1484,507
1484,512
1484,545
1484,576
1484,670
1484,744
1484,96
1484,147
1484,617
1484,636
1484,825
1484,799
1484,767
1484,722
1484,815
1484,1934
1484,226
1484,216
1484,546
1484,798
1484,876
1484,342
1484,454
1484,833
1484,918
1484,2030
1484,484
1484,1817
1484,2068
1484,962
1484,611
1484,950
1484,2066
1484,1156
1484,2067
1430,255
1430,562
1430,855
1430,287
1430,1973
1430,1974
1430,1977
1430,65
1430,1977
1430,1817
1430,351
1430,927
1430,356
1430,570
1430,455
1430,587
1430,1818
1430,116
1430,504
1430,576
1430,1170
1430,712
1430,898
1430,939
1430,412
1430,1560
1430,24
1430,1532
1430,1579
1430,26
1430,2110
1430,149
1430,25
1430,2113
1430,309
1430,2135
1430,1558
1430,2063
1430,388
1430,984
1362,335
1362,1612
1362,1620
1362,1307
1362,387
1362,1190
1362,1686
1362,1667
1362,1092
1362,1156
1362,2365
1362,1563
1362,1676
728,528
728,815
728,722
728,1775
728,2217
728,791
728,776
728,245
728,566
728,624
728,810
728,636
728,100
728,727
728,837
728,927
728,364
728,947
728,455
728,1004
728,102
728,1108
728,1070
728,948
728,1150
728,1139
728,456
728,1231
728,1242
728,801
728,1387
728,1444
728,1498
728,55
728,56
728,443
728,2288
434,250
434,775
434,193
434,355
434,517
434,629
434,773
434,111
434,1936
434,279
434,630
434,955
434,1071
685,1711
685,388
685,1597
685,1588
685,1532
685,1740
685,1330
685,1365
685,2396
685,1374
685,1385
685,2301
97,1332
97,304
97,2154
97,1366
97,2155
97,2157
97,1932
97,2158
97,1537
97,1530
97,2159
97,642
97,1701
97,2276
97,2163
1071,289
1071,288
1071,918
1071,947
1071,103
1071,681
1071,876
1071,1515
1071,1550
1071,1731
1071,2209
1071,1763
1071,81
1047,504
1047,576
1047,157
1047,156
1047,154
1047,153
1047,158
1047,152
1047,155
1047,494
1047,644
1047,362
1047,181
1047,849
1047,2089
1047,195
1325,1792
1325,1794
1325,267
1325,1798
1325,915
1325,1796
1325,570
1325,968
1325,1802
1325,336
1325,1810
1325,1049
1325,1162
1325,2178
1263,1244
1263,1268
1263,1275
1263,491
1263,1728
1263,1723
1263,2202
1263,1223
1263,2223
1263,2221
1263,2283
1263,2324
1263,2348
1263,2360
1263,2407
1263,2419
1263,349
662,712
662,982
662,1045
662,186
662,971
662,948
662,1109
662,1122
662,532
662,1959
662,597
662,981
662,1134
662,452
662,1208
662,1256
662,1272
662,121
662,1305
662,335
662,1380
662,1473
662,1480
662,1622
662,2097
662,441
1094,134
1094,137
1094,707
1094,695
1094,89
1094,243
1094,529
1094,88
1094,484
1094,616
1094,139
1094,245
1094,566
1094,720
1094,12
1094,600
1094,689
1094,796
1094,885
1094,608
1094,91
1094,792
1094,842
1094,854
1094,1974
1094,1975
1094,7
1094,936
1094,1109
1094,797
1094,382
1094,1260
1094,1209
1094,1294
1094,1325
1094,1331
1094,55
1094,56
1094,2279
455,616
455,721
455,584
455,748
455,527
455,737
455,593
455,767
455,166
455,798
455,264
455,265
455,113
455,147
455,178
455,91
455,710
455,829
455,110
455,771
455,530
455,1795
455,876
455,769
455,842
455,827
455,531
455,973
455,1803
455,349
455,1804
455,397
455,2031
455,1806
455,2030
455,103
455,681
455,1812
455,1814
455,1200
1301,1691
1301,1006
1301,1037
1301,1055
1301,1171
1301,1216
1301,1223
1301,1244
1301,1268
1301,1432
1301,1699
1301,1275
1301,1488
1301,1082
1301,1743
1301,1738
1301,2254
551,591
551,1775
551,2217
551,991
551,495
551,193
551,744
551,727
551,818
551,862
551,915
551,921
551,900
551,1374
551,954
551,926
551,929
551,935
551,1035
551,104
551,1294
551,1413
551,971
1336,766
1336,810
1336,818
1336,1034
1336,984
1336,872
1336,949
1336,1005
1336,1045
1336,1108
1336,1121
1336,922
1336,575
1336,1219
1710,1950
1710,302
1710,1135
1710,1438
1710,1586
1710,1977
1710,1649
1710,1618
1710,1739
1710,2208
1710,2236
1710,81
1294,506
1294,670
1294,734
1294,109
1294,220
1294,742
1294,1086
1294,768
1294,777
1294,788
1294,814
1294,891
1294,950
1294,959
1335,543
1335,609
1335,788
1335,836
1335,313
1335,925
1335,2028
1335,1139
1335,15
1335,17
1335,16
1335,314
1335,599
1335,938
1335,1056
1335,1849
1335,1942
1335,1938
1335,1940
1335,1943
1335,1941
1335,1944
1335,1934
1335,1933
1335,1945
1335,1936
1335,1935
1335,1939
1335,1946
1335,1138
1335,1947
1335,1211
1335,1215
1335,2117
1335,2092
1335,956
1335,829
1335,888
1335,973
1335,1053
1335,1124
1335,1179
1335,1229
1335,1254
1335,1948
1335,2011
1335,2102
1335,1012
1335,1263
1335,1336
1335,1855
1335,1876
1253,776
1253,842
1253,540
1253,754
1253,868
1253,275
1253,885
1253,181
1253,1356
1253,912
1253,185
1253,277
1253,812
1253,994
1253,677
1253,843
1253,1046
1253,971
619,1275
619,1306
619,1358
619,1392
619,197
619,1432
619,1508
619,1488
619,329
619,1723
619,2211
619,2202
619,2231
619,2221
619,2252
619,2293
619,2303
619,2283
619,2324
619,2360
619,2189
420,1795
420,811
420,565
420,1797
420,267
420,1798
420,596
420,1800
420,374
420,1070
420,1010
420,1812
420,473
1343,1144
1343,328
1343,1342
1343,1402
1343,2032
1343,463
1343,1446
1343,2075
1343,1075
1343,1524
1343,44
1343,1577
1343,2180
1343,2098
1343,1702
1343,2097
1343,1767
1343,2250
1343,2113
1343,2099
1343,638
1343,2329
1343,1596
1343,2100
1343,2193
1343,1094
1239,337
1239,421
1239,435
1239,436
1239,637
1239,811
1239,1178
1239,1308
1239,1343
1239,1403
1239,1477
1239,2193
1239,2219
1239,2245
1239,1765
1239,2333
1239,434
1239,1459
1239,2427
669,885
669,904
669,567
669,1100
669,566
669,693
669,597
669,1029
669,1119
669,804
669,1159
669,1022
669,2235
289,508
289,226
289,310
289,452
289,2144
289,1859
289,1022
289,1235
289,1115
289,1868
289,2141
289,2142
289,1095
289,842
289,1882
289,2135
289,2136
289,2139
1576,903
1576,1960
1576,1217
1576,339
1576,647
1576,800
1576,970
1576,1225
1576,1127
1576,760
1576,596
1576,1119
1576,1949
1576,1321
1576,590
1576,1134
1576,1234
1576,1326
1576,1280
1576,1098
1576,1547
1576,1533
1576,1561
147,262
147,2039
147,2038
147,2042
147,2041
147,2040
147,2043
147,2048
147,2045
147,106
147,2044
147,2047
147,1822
147,2049
147,2033
147,2051
147,2081
147,2050
147,1593
147,1591
147,1992
147,794
147,1596
147,2052
147,795
147,2193
147,2054
147,2037
147,36
925,1070
925,1132
925,1144
925,865
925,1010
925,1163
925,1262
925,1335
925,1051
925,229
925,1361
925,1274
925,418
936,87
936,163
936,716
936,750
936,164
936,165
936,1974
936,222
936,177
936,725
936,652
936,548
936,262
936,678
936,224
936,361
936,362
936,291
936,998
936,975
936,1112
936,1008
936,648
936,2086
936,2129
936,295
936,838
936,2027
1269,2141
1269,597
1269,1524
1269,106
1269,1095
1269,842
1269,2002
1269,1096
1269,1614
1269,1615
1269,1960
1269,1637
1269,925
1269,633
1269,1674
1269,2441
1269,1511
1269,665
1269,1486
1269,1555
1269,1758
1269,2439
1269,2267
1269,1021
1269,1109
1269,1559
1269,2280
1269,2349
1269,2150
1269,1273
546,704
546,937
546,1059
546,382
546,1887
546,452
546,1012
546,831
546,1052
546,1263
546,1280
546,1352
546,357
546,1430
546,2108
546,932
546,1460
546,1450
546,1420
546,1496
546,127
546,133
546,1539
546,1571
546,2229
546,2303
546,2338
546,2386
546,1208
546,2085
546,2265
546,2409
546,415
546,2429
546,2191
546,1896
1020,1246
1020,1219
1020,1048
1020,1226
1020,1270
1020,637
1020,811
1020,533
1020,1158
1020,1254
1020,1304
1020,1299
1020,1321
1020,1274
1020,1156
1020,1346
993,843
993,889
993,1057
993,936
993,620
993,269
993,268
993,152
993,494
993,153
993,621
993,1107
993,541
993,628
993,1176
993,343
993,40
993,1197
993,1004
993,1023
993,1250
993,833
993,1160
993,1231
993,2036
638,680
638,245
638,554
638,515
638,566
638,526
638,527
638,637
638,512
638,577
638,624
638,637
638,1
638,811
638,630
638,566
638,593
638,597
638,982
638,633
638,452
638,1051
638,40
638,1022
301,694
301,271
301,490
301,587
301,1969
301,610
301,680
301,733
301,528
301,497
301,645
301,554
301,731
301,1970
301,258
301,257
301,146
301,159
301,272
301,279
301,600
301,370
301,213
301,214
301,1972
301,745
301,924
301,365
301,985
301,27
301,777
301,812
301,299
301,259
301,1071
301,833
301,982
301,452
301,1045
301,1138
301,986
1543,101
1543,2007
1543,979
1543,845
1543,184
1543,105
1543,1323
1543,1436
1543,1499
1543,1416
1543,412
1543,1586
1543,1628
1543,1455
1543,275
241,760
241,773
241,294
241,630
241,12
241,18
241,293
241,708
241,771
241,497
241,594
241,1109
386,290
386,631
386,116
386,621
386,1787
386,1319
386,378
386,1098
386,1387
386,40
386,1842
386,1870
386,1420
386,1871
386,2098
386,1084
386,2100
1628,842
1628,186
1628,517
1628,343
1628,625
1628,1029
1628,1056
1628,1176
1628,1143
1628,1152
1628,1206
1628,498
1628,925
1628,1122
1628,1127
1628,1017
1628,1256
1628,1190
1628,1303
1628,1098
1628,1282
1628,1344
1628,1583
536,495
536,287
536,289
536,288
536,1100
536,134
536,137
536,92
536,2027
536,245
536,616
536,617
536,943
536,937
536,356
536,893
536,947
536,458
536,116
536,1859
536,865
536,1247
536,2106
536,1960
1713,1381
1713,1422
1713,1442
1713,1470
1713,1493
1713,1510
1713,1527
1713,1340
1713,1419
1713,1118
1713,1727
1713,1385
1713,2199
1713,1330
1713,1482
1713,1588
1713,1365
1713,858
1713,932
1713,851
767,1423
767,1363
767,1394
767,1408
767,1341
767,1359
767,1461
767,1542
767,1909
767,1523
767,1910
767,1555
767,1559
767,1609
767,1620
767,233
767,1686
767,1682
767,1912
767,1744
767,1715
767,1750
767,1758
767,2220
767,2289
767,2304
767,2295
767,2305
767,1914
767,2347
767,1923
767,2337
767,2389
767,1915
767,2422
767,2430
767,381
767,2391
767,2374
767,2427
438,640
438,288
438,806
438,810
438,147
438,630
438,812
438,762
438,601
438,987
438,240
438,864
438,842
438,289
438,2030
438,596
438,936
438,2010
1448,356
1448,1945
1448,2010
1448,116
1448,1141
1448,1946
1448,1787
1448,1947
1448,1218
1448,2102
1448,2011
1448,1051
1448,1948
1448,1274
1448,1949
1448,2103
1448,1296
1448,2153
1448,1021
1448,1873
1448,378
1448,1231
1448,2154
1448,2012
1448,1863
1448,1366
1448,1351
1448,1363
1448,2156
1448,2013
1448,2157
1448,127
1448,1420
1448,1864
1448,2158
1448,1453
1448,2109
1448,1846
1448,1537
1448,1418
1448,2159
1448,1858
1448,1465
1448,2160
1448,1545
1448,2161
1448,1580
1448,1084
1448,2162
1448,1678
1448,2163
1448,2276
1448,2164
1448,2260
1448,1595
1448,2100
1448,2165
1448,2265
1448,2166
1448,2410
1448,2266
1448,2167
629,1166
629,1199
629,971
629,1220
629,86
629,149
629,1256
629,1303
629,1187
629,918
629,313
629,260
629,1254
629,1092
629,1340
629,1346
629,1232
629,981
629,1344
629,344
629,343
629,924
629,934
629,739
629,345
629,1360
629,464
629,1380
629,849
629,1399
629,2173
629,1855
629,1211
629,513
629,1448
629,1445
629,335
629,1434
629,761
629,1479
629,1874
629,1524
629,1534
34,2018
34,849
34,1008
34,1536
34,1514
34,1866
34,230
34,557
34,695
34,1049
34,1402
34,2452
34,1306
34,1819
34,1284
34,253
34,1644
385,454
385,453
385,455
385,1108
385,844
385,1644
385,2007
385,456
385,19
385,339
385,1217
385,2008
385,1266
385,378
385,1267
385,1178
385,1147
385,1161
385,1292
385,377
385,464
385,1400
385,1447
385,1996
385,273
385,1322
385,1509
385,2094
385,1425
385,1544
385,2117
385,2121
385,2114
385,2118
385,1614
385,2122
385,1246
385,482
385,1339
385,379
385,1228
385,465
385,1674
385,1308
385,2119
385,1484
385,1703
385,277
385,2123
385,424
385,438
385,2285
385,2096
385,2120
385,2388
385,1835
385,317
385,314
385,274
385,1894
385,480
385,2124
1453,135
1453,557
1453,2452
1453,1043
1453,1216
1453,1244
1453,1254
1453,1268
1453,750
1453,808
1453,1275
1453,197
98,637
98,593
98,251
98,255
98,220
98,249
98,630
98,218
98,609
98,252
98,359
98,889
98,590
98,452
98,1021
1716,1227
1716,1241
1716,1243
1716,1252
1716,1263
1716,1323
1716,1339
1716,1786
1716,1329
1716,1352
1716,1416
1716,1413
1716,1430
1716,1450
1716,1428
1716,1497
1716,1436
1716,1499
1716,1552
1716,1539
1716,1586
1716,1618
1716,1310
1716,1736
1308,596
1308,842
1308,924
1308,597
1308,751
1308,753
1308,1051
1308,943
1308,1122
1308,1187
1308,1229
1308,1051
1308,1247
1308,1021
1308,1334
1308,1338
1308,1407
1308,1483
1308,1079
1308,662
1308,2446
1308,1598
1308,1511
1308,1701
1308,1719
1308,1881
1308,1435
1308,1520
1308,2070
878,1139
878,826
878,1034
878,979
878,845
878,721
878,1101
878,1218
878,1190
878,1224
878,1319
878,1303
878,1048
878,1226
878,1302
878,1344
878,1403
878,40
878,375
878,386
878,86
878,292
878,1477
878,1512
878,1409
878,1435
878,1520
878,1341
878,1581
878,1421
878,1475
878,2065
878,387
878,388
878,1638
878,1634
878,1874
878,1876
878,1670
1405,724
1405,779
1405,743
1405,580
1405,813
1405,821
1405,812
1405,111
1405,816
1405,867
1405,871
1405,596
1405,904
1405,814
1405,925
1405,39
1405,609
1405,934
1405,455
1405,1003
1405,2061
1405,532
1405,1165
1405,1154
1405,1164
1405,1187
1405,296
1405,376
1405,1395
1405,930
1405,1396
1405,1445
1405,1853
1405,2064
1473,1567
1473,2029
1473,1630
1473,1311
1473,1465
1473,414
1473,1847
1473,1688
1473,2160
1473,1881
1473,2192
1473,2154
1374,569
1374,1070
1374,666
1374,312
1374,1190
1374,1021
1374,2145
1374,1303
1374,2146
1374,121
1374,379
1374,1192
1374,2144
1374,464
1374,2143
1374,864
1374,1097
1374,1446
1374,2168
1374,1096
1374,1615
1374,2169
1374,1506
1374,2137
1374,2135
1374,2170
1374,2134
1374,2136
1374,1507
1374,2139
1374,2138
102,1516
102,1854
102,1846
102,1022
102,1280
102,1407
102,1990
102,2101
102,1571
102,1575
102,1465
102,1627
102,1858
102,1459
102,1384
102,1704
102,1753
102,2220
102,2145
102,2260
102,2203
102,2071
1673,524
1673,997
1673,491
1673,1786
1673,204
1673,793
1673,564
1673,205
1673,648
1673,525
1673,492
1673,207
1673,42
1673,1929
1673,209
1673,1428
521,213
521,146
521,274
521,778
521,673
521,342
521,904
521,941
521,260
521,798
521,720
521,1817
521,549
521,968
521,349
521,911
521,154
521,653
521,646
521,1047
521,658
521,655
521,1003
521,1194
521,1356
521,1151
521,338
521,957
521,1111
521,1213
521,838
521,1190
521,1257
521,1258
521,1259
521,1504
521,1565
521,1264
521,1568
521,656
521,938
521,1256
521,1066
521,1278
521,1230
521,1139
521,1193
521,1298
521,1294
521,1271
521,1250
521,1295
521,889
521,1088
521,1325
521,1086
521,1240
521,1331
521,1231
521,1091
521,1217
521,1254
521,1357
521,1376
521,1099
521,1351
521,1847
521,1394
521,1458
521,1459
521,1442
521,1090
521,1443
521,1470
521,1449
521,1493
521,1404
521,1510
521,1527
521,1424
521,1039
521,1144
521,1498
521,1553
521,535
521,1606
521,1574
521,1577
521,1528
521,317
521,1607
521,2184
521,419
521,2173
521,2174
521,1200
521,1308
521,1080
521,1658
521,1691
521,1085
521,536
521,1767
521,2206
521,1433
521,1454
521,1490
521,1521
521,1876
521,2327
521,1874
521,2177
521,2342
226,854
226,958
226,686
226,1044
226,242
226,1171
226,550
226,966
226,346
226,1102
226,2027
226,505
226,1432
226,1838
1072,1280
1072,1319
1072,922
1072,1109
1072,1332
1072,1298
1072,313
1072,1282
1072,1348
1072,1342
1072,1206
1072,1463
1072,640
1072,229
1072,1847
1072,1232
1072,981
1072,1335
1072,2012
1072,1367
1072,1361
1072,987
1072,938
1072,1194
1072,1217
1072,1266
1072,1254
1072,1863
1072,1208
1072,2131
1072,1394
1072,917
1072,1088
1072,1400
1072,1406
1072,649
1072,1371
1072,1305
1072,657
1072,316
1072,1190
1072,1299
1072,1363
1072,891
1072,86
1072,1073
1072,545
1072,1276
1072,1405
1072,1538
1072,125
1072,1479
1072,662
1072,386
1072,1495
1072,1456
1072,1524
1072,1511
1072,1512
1072,644
1072,317
1072,314
1072,315
1072,410
1072,343
1072,1083
1072,1218
1072,2280
1072,318
1072,2010
1072,439
495,590
495,17
495,111
495,181
495,269
495,268
495,497
495,537
495,594
495,599
495,596
495,612
495,613
495,610
495,616
495,617
495,630
495,643
495,821
495,842
495,889
495,899
495,904
495,912
495,1123
495,967
495,936
495,22
495,619
495,595
495,912
495,640
495,620
495,343
495,1017
495,376
495,1292
495,1024
495,1018
495,1019
311,359
311,1204
311,534
311,1189
311,1153
311,230
311,1296
311,232
311,1072
311,413
311,399
311,1554
311,1826
311,1670
311,423
311,1557
311,2282
137,715
137,785
137,896
137,922
137,1118
137,1166
137,1199
137,1214
137,910
137,1113
137,1249
137,1302
137,1340
137,1362
137,1419
137,1011
137,1116
137,1145
137,1857
137,1111
137,1157
137,1482
137,299
137,300
137,320
137,321
137,1415
137,1670
1489,1220
1489,1226
1489,1190
1489,1255
1489,1120
1489,1048
1489,850
1489,1281
1489,1304
1489,1303
1489,1344
1489,1098
1489,1404
1489,1844
1489,1408
1489,1855
1489,1451
1489,1853
1489,1444
1489,1512
1489,1194
1489,1498
1489,1534
1489,2048
1489,1600
484,169
484,170
484,168
484,171
484,176
484,178
484,711
484,710
484,2017
484,587
484,610
484,289
484,454
484,455
484,1644
484,1334
484,2093
484,1841
484,378
484,1161
484,464
484,1615
484,2163
1256,1791
1256,1792
1256,710
1256,1793
1256,1794
1256,159
1256,166
1256,212
1256,702
1256,839
1256,1795
1256,1798
1256,1100
1256,1801
1256,964
1256,1802
1256,1804
1256,1809
1256,1813
1256,1814
168,146
168,166
168,178
168,1791
168,710
168,1796
168,1804
168,162
168,160
168,161
168,169
168,171
168,711
168,710
168,1806
168,1800
168,1797
168,1812
168,1814
168,452
1698,584
1698,767
1698,264
1698,722
1698,2020
1698,864
1698,347
1698,346
1698,15
1698,17
1698,16
1698,22
1698,102
1698,20
1698,455
1698,454
1698,453
1698,456
1698,105
1698,23
1698,1303
1698,1344
1698,24
1698,1564
1698,26
1698,25
1698,1512
1698,1477
1698,2367
236,1946
236,1945
236,1948
236,1935
236,603
236,1274
236,1845
236,1947
236,1937
236,1949
236,2153
236,65
236,66
236,1070
236,2009
236,2103
236,1938
236,1934
236,1932
236,1933
236,1936
236,1939
236,1942
236,1940
236,1943
236,1941
236,1944
236,1013
236,969
236,2154
236,1228
236,1293
236,1366
236,2155
236,2156
236,761
236,1012
236,1347
236,1863
236,2157
236,602
236,601
236,1253
236,2013
236,1864
236,2001
236,1999
236,2000
236,2158
236,1846
236,1998
236,1530
236,1519
236,1537
236,83
236,82
236,1407
236,1425
236,1441
236,1466
236,2012
236,2159
236,2160
236,1541
236,1858
236,2161
236,1084
236,1701
236,1418
236,1684
236,2162
236,2163
236,2276
236,1836
236,2164
236,666
236,1595
236,2260
236,697
236,2165
236,2166
236,2167
236,479
236,769
132,1917
132,1641
132,1640
132,368
132,414
132,1918
132,1676
132,1711
132,2128
132,1701
132,1717
132,1737
132,1985
132,521
132,1986
132,442
132,2219
132,1748
132,2232
132,1765
132,1833
132,1987
132,2256
132,2267
132,2262
132,2127
132,2152
132,2300
132,1834
132,2335
132,428
132,514
132,2361
132,2382
132,2378
132,2100
132,2384
132,2388
132,407
132,2391
132,389
132,2192
132,1988
132,415
132,1906
132,2410
132,2424
132,2431
132,2427
132,1892
132,1893
132,1989
132,2434
132,1921
132,1888
132,1907
29,949
29,1005
29,1120
29,1974
29,1997
29,2115
29,1389
29,1522
29,647
29,275
29,245
29,566
283,221
283,250
283,251
283,495
283,812
283,252
283,1
283,1
283,515
283,1100
283,19
283,570
283,995
283,1049
283,677
283,1177
283,1217
283,1242
283,1256
283,1266
283,1128
283,1021
283,1192
283,337
283,1367
283,408
283,1400
283,1447
283,2013
283,1495
283,1614
283,1667
283,2352
283,2388
238,495
238,529
238,590
238,672
238,686
238,1781
238,575
238,140
238,149
238,512
238,213
238,214
238,497
238,587
238,645
238,775
238,216
238,546
238,562
238,699
238,245
238,566
238,629
238,666
238,697
238,796
238,244
238,1962
238,369
238,586
238,759
238,136
238,714
238,138
238,184
238,509
238,778
645,706
645,770
645,632
645,265
645,18
645,762
645,778
645,519
645,677
645,13
645,797
645,180
645,853
645,928
645,2027
645,19
645,940
645,111
645,964
645,364
645,980
645,1036
645,1046
645,963
645,2018
645,2019
645,833
645,1160
645,1181
645,1252
645,1185
645,1352
645,1393
645,1842
645,749
645,894
645,1433
645,1454
645,1490
645,1521
645,1254
645,1299
645,1725
645,1670
645,1661
645,1536
645,1616
645,1664
645,1726
645,1707
645,1316
645,1716
645,1747
645,1761
645,2224
645,2271
645,2325
645,2338
645,2341
51,1859
51,1182
51,1059
51,1860
51,1138
51,1208
51,1215
51,1209
51,1219
51,2092
51,198
51,866
51,1041
51,1042
51,985
51,310
51,312
51,1175
51,1221
51,1256
51,1272
51,1021
51,1250
51,1295
51,2145
51,2146
51,1324
51,2147
51,2106
51,1333
51,937
51,2104
51,2144
51,1290
51,1360
51,1367
51,1380
51,1395
51,1398
51,2143
51,1424
51,1424
51,1867
51,1444
51,1022
51,1842
51,2142
51,1479
51,1480
51,1495
51,1494
51,1865
51,1511
51,2168
51,2141
51,1868
51,1136
51,1537
51,424
51,1570
51,1095
51,1096
51,1600
51,1622
51,425
51,408
51,2140
51,1824
51,293
51,294
51,1669
51,1667
51,1576
51,368
51,1506
51,2257
1190,1103
1190,504
1190,1131
1190,1945
1190,602
1190,505
1190,117
1190,1012
1190,1997
1190,1194
1190,452
1190,2092
1190,393
903,869
903,842
903,596
903,597
903,633
903,570
903,666
903,697
903,769
903,848
903,344
903,343
903,1017
903,971
903,1256
903,1192
903,1367
903,1347
903,1372
903,1022
903,39
903,2013
496,387
496,1662
496,1711
496,2267
496,1486
496,1555
496,1558
496,389
496,1758
496,2175
496,1200
496,2016
496,2220
496,2410
1739,994
1739,1942
1739,1941
1739,1940
1739,357
1739,297
1739,1173
1739,452
1739,1208
1739,2011
1739,2104
1739,2108
1739,1255
1739,1274
1739,1305
1739,462
318,1230
318,1278
318,1329
318,1924
318,1263
318,1352
318,1463
318,1458
318,1925
318,1430
318,1434
318,1460
318,1926
318,1539
318,2055
318,1540
318,1628
974,288
974,801
974,840
974,87
974,453
974,740
974,739
974,907
974,290
974,843
974,998
974,103
974,681
974,327
974,1008
974,1065
974,1267
974,1867
761,854
761,873
761,677
761,766
761,356
761,958
761,668
761,728
761,892
761,838
761,946
761,287
761,996
761,1241
761,398
761,1345
761,1850
761,1869
761,1615
761,810
53,260
53,979
53,845
53,1121
53,695
53,1183
53,1227
53,1337
53,668
53,1508
53,1526
53,1723
53,2293
53,2229
53,2283
53,2324
53,2348
53,2371
53,2360
53,2381
53,2395
53,2407
53,2419
53,2428
1588,788
1588,121
1588,5
1588,287
1588,288
1588,289
1588,842
1588,1045
1588,870
1588,596
1588,290
1588,597
1588,454
1588,1859
1588,942
1588,1143
1588,520
1588,738
1588,912
1588,912
1588,947
1588,1004
1588,1152
1588,1860
1588,618
1588,1021
1588,378
1588,230
1588,231
1588,1132
1588,1559
1588,1560
1588,232
1588,399
1588,400
1588,1022
1561,912
1561,887
1561,956
1561,912
1561,1045
1561,1152
1561,870
1561,983
1561,1172
1561,1273
1561,1200
1561,107
1561,1098
1561,971
1561,387
406,261
406,213
406,264
406,629
406,4
406,696
406,112
406,751
406,640
406,179
406,259
406,816
406,1538
1591,633
1591,1849
1591,1237
1591,569
1591,1270
1591,1417
1591,1022
1591,1426
1591,1528
1591,1848
1591,1851
1591,1852
100,939
100,112
100,496
100,600
100,784
100,86
100,804
100,790
100,987
100,852
100,50
100,240
100,854
100,776
100,313
100,540
100,193
100,868
100,961
100,181
100,932
100,953
100,958
100,1034
100,979
100,845
100,1000
100,1035
100,184
100,1044
100,1045
100,993
100,1101
100,1121
100,1204
100,1124
100,1157
100,1167
100,971
100,1214
100,1261
100,1269
100,1263
100,1327
100,1355
100,1383
100,1369
100,1431
100,1492
100,1489
100,1604
100,2091
100,1573
100,1229
100,1621
100,1659
100,1212
100,1673
100,1751
100,2210
100,2261
100,2234
575,504
575,575
575,12
575,264
575,708
575,496
575,714
575,592
575,629
575,629
575,271
575,610
575,1886
575,649
575,580
575,593
575,640
575,647
575,771
575,778
575,987
575,812
575,596
575,752
575,597
575,955
575,541
575,1051
575,994
575,344
575,1538
1081,222
1081,362
1081,1112
1081,1990
1081,1196
1081,2129
1081,1238
1081,2089
1081,224
1081,1026
1081,2130
1081,1027
1081,466
1081,1028
1081,467
1081,1831
1081,468
660,169
660,170
660,168
660,171
660,176
660,178
660,711
660,710
660,1792
660,1795
660,915
660,1799
660,610
660,636
660,929
660,1796
660,935
660,1802
660,1803
660,1797
660,1800
660,1804
660,103
660,681
660,1812
1743,651
1743,654
1743,1153
1743,937
1743,922
1743,335
1743,2034
1743,1277
1743,278
1743,303
1743,304
1743,305
1743,325
1743,326
1743,1300
1743,1173
1743,2145
1743,2031
1743,2147
1743,2146
1743,395
1743,2041
1743,1418
1743,2043
1743,1652
1743,888
1743,1703
265,275
265,842
265,1783
265,1087
265,101
265,948
265,276
265,454
265,455
265,537
265,538
265,277
265,458
265,1108
265,1127
265,2114
265,1147
265,828
265,1161
265,1267
265,2008
265,376
265,2117
265,191
265,1246
265,1292
265,2093
265,2118
265,2119
265,1443
265,1449
265,461
265,1412
265,2121
265,1544
265,1574
265,1025
265,1720
265,438
265,319
275,501
275,1
275,545
275,555
275,502
275,565
275,812
275,119
275,647
275,597
275,186
275,1045
275,1122
275,1147
275,1021
275,1321
275,1200
275,1869
275,677
275,766
275,818
275,1050
275,1237
275,397
275,1522
275,2446
275,1851
275,1662
275,1194
904,813
904,601
904,807
904,823
904,864
904,111
904,606
904,863
904,898
904,943
904,184
904,1512
904,318
199,600
199,260
199,617
199,225
199,773
199,522
199,970
199,1038
199,1120
199,349
199,2011
199,1324
199,1616
199,1826
199,1650
199,2174
199,1664
199,1625
199,2098
199,1709
199,1876
199,2097
199,1746
199,1737
199,2230
199,1884
199,2280
199,2284
199,1836
199,1558
355,1723
355,2202
355,2293
355,1728
355,1754
355,2221
355,2324
355,2360
355,2348
355,2369
355,2381
355,2395
355,2402
355,2407
355,2409
355,2419
355,1329
355,1430
355,1895
6,598
6,864
6,287
6,757
6,134
6,356
6,453
6,288
6,356
6,137
6,129
6,635
6,641
6,1256
6,707
6,720
408,678
408,529
408,484
408,555
408,565
408,285
408,617
408,487
408,742
408,1934
408,797
408,654
408,1012
408,452
408,1012
408,1023
408,1231
408,600
408,2101
408,1387
1720,397
1720,1200
1720,308
1720,1236
1720,1197
1720,1256
1720,2172
1720,1098
1720,2173
1720,1434
1720,1513
1720,387
1720,2174
1720,1589
1720,1674
1720,1667
1720,1760
1720,1746
1720,1729
1720,430
1720,1987
1720,2175
1720,2299
1720,2320
1720,2330
1720,2335
1720,2355
1720,2391
1720,1988
1720,433
1720,1989
1720,2345
1707,1
1707,109
1707,109
1707,555
1707,633
1707,117
1707,1021
1707,1023
1707,549
1707,1403
1707,334
1707,1441
1707,497
1707,598
1707,585
1707,1554
1707,1844
882,572
882,491
882,492
882,1244
882,1275
882,1223
882,1268
882,1608
882,1257
882,2223
882,2221
882,2293
882,2283
882,1428
882,2324
882,2348
882,2360
882,2371
882,2381
882,2346
882,2395
882,2402
882,2407
882,2419
882,2428
1556,886
1556,1978
1556,1009
1556,1975
1556,1974
1556,1979
1556,663
1556,1198
1556,2033
1556,659
1556,1358
1556,1733
1556,915
1556,2291
1556,2194
1556,2195
1409,555
1409,565
1409,16
1409,527
1409,17
1409,594
1409,356
1409,566
1409,1100
1409,499
1409,1045
1409,1021
1512,739
1512,257
1512,724
1512,1781
1512,802
1512,714
1512,708
1512,749
1512,87
1512,90
1512,686
1512,616
1512,617
1512,672
1512,700
1512,95
1512,775
1512,1774
1512,228
1512,1779
1512,1784
1512,801
1512,760
1512,287
1512,288
1512,797
1512,810
1512,704
1512,817
1512,1785
1512,812
1512,145
1512,151
1512,165
1512,177
1512,840
1512,457
1512,259
1512,149
1512,100
1512,289
1512,853
1512,888
1512,181
1512,912
1512,967
1512,856
1512,883
1512,969
1512,927
1512,187
1512,188
1512,192
1512,974
1512,140
1512,186
1512,1002
1512,103
1512,681
1512,2021
1512,493
1512,190
1512,1945
1512,2010
1512,116
1512,191
1512,2007
1512,290
1512,1947
1512,1846
1512,2159
1512,2160
1512,1848
1418,937
1418,230
1418,231
1418,743
1418,871
1418,2160
1418,1464
1418,1536
1418,587
1418,1022
1418,597
1418,1021
1418,1218
1418,2437
1418,590
1418,1834
1418,2355
1418,1060
1418,1486
1418,1555
1418,1758
1418,216
664,89
664,88
664,503
664,592
664,604
664,624
664,733
664,578
664,502
664,164
664,95
664,485
664,636
664,246
664,724
664,507
664,605
664,799
664,775
664,112
664,113
664,249
664,288
664,123
664,812
664,722
664,815
664,601
664,829
664,769
664,222
664,91
664,692
664,588
664,884
664,259
664,17
664,541
664,608
664,873
664,139
664,606
664,289
664,787
664,643
664,610
664,885
664,596
664,6
664,811
664,1817
664,597
664,343
664,1044
664,395
664,349
664,393
664,1179
664,344
664,456
664,1124
664,1203
664,1819
664,1820
664,9
664,1190
664,2089
664,1021
664,230
664,2030
664,2031
664,231
664,925
664,1104
664,1236
664,345
664,1372
664,1369
664,1013
664,232
664,848
664,1821
664,513
664,1396
664,30
664,1022
664,399
664,1863
664,1072
664,1208
664,1305
664,864
664,1554
664,400
664,1656
664,2257
664,1679
664,1755
664,2201
664,1832
664,777
664,2356
664,2406
175,365
175,366
175,662
175,1124
175,1137
175,833
175,2114
175,1152
175,2116
175,1167
175,658
175,367
175,1014
175,938
175,1161
175,1203
175,1131
175,1194
175,1217
175,1188
175,2117
175,1998
175,2092
175,637
175,745
175,1109
175,1229
175,1015
175,637
175,1242
175,1845
175,1089
175,1248
175,1999
175,1322
175,1231
175,1354
175,1361
175,1367
175,408
175,1371
175,1400
175,2119
175,2173
175,1424
175,1842
175,864
175,1440
175,2142
175,1478
175,1233
175,1487
175,1496
175,1877
175,1870
175,1522
175,1498
175,2121
175,1528
175,417
175,1562
175,424
175,1567
175,1095
175,1576
175,1882
175,2095
175,1600
175,1615
175,1598
175,1843
175,1624
175,388
175,1655
175,1880
175,368
175,1711
175,1484
175,2003
175,1715
175,665
175,426
175,1277
175,1768
175,2212
175,2135
175,2004
175,2230
175,2198
175,2239
175,479
175,2267
175,438
175,2259
175,2005
175,2302
175,2323
175,1178
175,428
175,339
175,2069
175,2388
175,1486
175,2373
175,427
175,2071
175,2427
175,1893
175,1888
594,1974
594,672
594,686
594,688
594,2020
594,242
594,2027
594,243
594,742
594,1006
594,1037
594,1055
594,163
594,966
594,1977
594,747
594,1171
594,1503
594,1501
594,1504
594,1258
594,1259
594,1268
594,1111
594,1269
594,1323
594,1376
594,646
594,1355
594,1401
594,679
594,650
594,1422
594,1442
594,1470
594,1075
594,1493
594,1510
594,1527
594,1076
594,1658
594,1691
594,1699
594,1743
594,2206
594,1085
594,2254
594,2258
1677,925
1677,1786
1677,555
1677,825
1677,28
1677,797
1677,464
1677,2149
1677,1570
1677,1603
1677,410
1677,910
1677,1700
1677,1222
1677,466
553,90
553,511
553,198
553,531
553,356
553,813
553,590
553,2026
553,1029
553,1069
553,597
553,1049
553,633
553,1165
553,847
553,1136
553,1152
553,2028
553,1107
553,587
553,619
553,986
553,117
553,843
553,1122
553,328
553,838
553,458
553,459
553,259
553,1860
553,613
553,260
553,339
553,1209
553,376
553,1197
553,1200
553,2011
553,1059
553,243
553,889
553,216
553,1282
553,1164
553,1320
553,1328
553,1789
553,268
553,1098
553,473
553,1369
553,1115
553,1016
553,1373
553,1232
553,1231
553,379
553,2106
553,1272
553,1398
553,23
553,474
553,1409
553,580
553,1867
553,1125
553,308
553,1368
553,1994
553,29
553,2451
553,30
553,464
553,396
553,1022
553,723
553,1233
553,1480
553,1494
553,1870
553,1435
553,1520
553,1868
553,2101
553,644
553,1959
553,1958
553,1425
553,1544
553,51
553,424
553,1567
553,106
553,1562
553,138
553,138
553,509
553,142
553,2091
553,1882
553,535
553,1615
553,1453
553,1598
553,1569
553,15
553,16
553,17
553,20
553,425
553,1871
553,541
553,541
553,541
553,1824
553,1646
553,1880
553,1842
553,193
553,1874
553,1875
553,1876
553,1334
553,349
553,1688
553,1351
553,1018
553,187
553,188
553,192
553,191
553,1828
553,26
553,25
553,1819
553,1820
553,1821
553,1030
553,765
553,2109
553,1663
553,451
553,1031
553,1032
553,39
553,1194
553,1319
553,1883
553,1602
553,1872
553,1829
553,397
553,2198
553,2105
553,181
553,189
553,476
553,477
553,1019
553,1865
553,1881
553,309
553,2099
553,537
553,538
553,539
553,540
553,195
553,2292
553,2234
553,1830
553,2446
553,665
553,2107
553,2387
553,1564
553,427
553,2012
553,415
553,2193
553,429
553,2175
553,2072
1464,972
1464,1644
1464,1073
1464,60
1464,201
1464,1077
1464,663
1464,659
1464,1091
1464,1075
1464,1080
1464,1358
1464,1198
1464,638
852,453
852,778
852,590
852,593
852,813
852,810
852,787
852,1793
852,2027
852,968
852,1154
852,1176
852,1174
852,695
852,843
852,1217
852,363
852,1161
852,1994
852,1440
852,1524
852,2250
852,2392
852,1577
806,704
806,888
806,288
806,287
806,1937
806,969
806,754
806,595
806,1053
806,1945
806,1946
806,1127
806,1787
806,1947
806,1938
806,537
806,344
806,2102
806,1948
806,1274
806,105
806,1949
806,2103
806,2153
806,1331
806,451
806,1366
806,1863
806,2156
806,464
806,2157
806,1864
806,1530
806,1537
806,1858
806,2160
806,2161
806,1084
806,1703
806,2276
806,1595
806,389
1042,247
1042,667
1042,703
1042,541
1042,872
1042,66
1042,668
1042,557
1042,2452
1042,541
1042,163
1042,837
1042,260
1042,57
1042,395
1042,801
1042,745
1042,1927
1042,301
1042,53
1042,373
1042,1241
1042,302
1042,758
1042,262
1042,2082
1042,2074
1042,2077
1042,1399
1042,1438
1042,209
1042,1283
1042,362
1042,1073
1042,1358
1042,663
1042,1088
1042,849
1042,349
1042,353
1042,1728
1042,549
1042,1754
1042,1776
1042,76
1042,1434
1042,679
1042,661
1042,1929
1042,2213
1042,650
1042,416
1042,2032
1042,1900
1052,1698
1052,1317
1052,1761
1052,1764
1052,2215
1052,2218
1052,1757
1052,2246
1052,2223
1052,2252
1052,2240
1052,1823
1052,2272
1052,1135
1052,2303
1052,2306
1052,2301
1052,2229
1052,2319
1052,2331
1052,743
1052,2321
1052,2338
1052,2351
1052,2354
1052,2364
1052,2366
1052,2369
1052,2394
1052,2370
1052,2400
1052,2383
1052,2398
1052,2235
1052,2413
1052,2247
1052,1891
1052,1900
1714,2144
1714,2141
1714,1095
1714,1096
1714,40
1714,2140
1714,1506
1714,2137
1714,2135
1714,117
1714,2136
1714,115
1714,2117
1714,2121
1714,273
1714,2114
1714,274
1714,277
1714,2120
1714,1835
1714,2124
1578,529
1578,562
1578,590
1578,678
1578,720
1578,575
1578,12
1578,136
1578,254
1578,734
1578,732
1578,783
1578,340
1578,351
1578,1254
1426,126
1426,71
1426,72
1426,73
1426,489
1426,208
1426,1362
1426,75
1426,195
1426,380
1426,31
1426,1532
1426,32
1426,1579
1426,33
1426,35
1426,34
1182,2048
1182,1079
1182,472
1182,1573
1182,1616
1182,2437
1182,1629
1182,233
1182,1621
1182,2438
1182,1664
1182,1695
1182,2128
1182,2199
1182,1836
1182,2280
1182,2296
1182,2278
1182,2349
1182,1920
1182,2359
1182,2382
1182,2367
1182,2379
1182,2391
1182,2387
1182,2340
1017,741
1017,714
1017,723
1017,765
1017,961
1017,181
1017,934
1017,958
1017,349
1017,930
1017,1113
1017,1034
1017,1044
1017,397
1017,1204
1017,957
1017,1040
1017,842
1017,1945
1017,237
1017,1124
1017,2030
1017,189
1017,847
1017,2031
1017,1135
1017,314
1017,1946
1017,1887
1017,1177
1017,126
1017,9
1017,1208
1017,2092
1017,376
1017,1229
1017,2011
1017,1147
1017,1231
1017,1322
1017,202
1017,1276
1017,1334
1017,1192
1017,248
1017,2093
1017,2012
1017,1993
1017,1098
1017,1372
1017,28
1017,1369
1017,1382
1017,1395
1017,1366
1017,334
1017,1367
1017,2013
1017,1440
1017,1426
1017,1869
1017,1412
1017,1870
1017,2101
1017,1882
1017,33
1017,1600
1017,1871
1017,1695
1017,1082
1017,2334
1017,2070
1017,429
1748,991
1748,499
1748,500
1748,483
1748,734
1748,600
1748,690
1748,527
1748,624
1748,766
1748,992
1748,453
1748,810
831,33
831,283
831,284
831,1545
831,35
831,1642
831,2111
831,1678
831,34
831,1169
831,2190
831,2266
831,36
1312,555
1312,637
1312,835
1312,718
1312,1937
1312,1935
1312,356
1312,596
1312,182
1312,92
1312,613
1312,842
1312,1445
1312,1022
726,886
726,895
726,901
726,915
726,921
726,926
726,935
726,1009
726,1054
726,1119
726,1953
726,1954
726,1955
726,1142
726,1148
726,1149
726,1021
131,150
131,529
131,575
131,287
131,288
131,175
131,355
131,636
131,637
131,637
131,610
131,601
131,515
131,812
131,809
131,707
131,720
131,732
131,799
131,832
131,571
131,761
131,749
131,854
131,811
131,777
131,788
131,804
131,584
131,109
131,354
131,752
131,830
131,894
131,873
131,643
131,617
131,454
131,1983
131,127
131,133
131,167
131,180
131,733
131,879
131,566
131,566
131,624
131,937
131,951
131,651
131,1053
131,1059
131,2104
131,1144
131,1859
131,1212
1288,90
1288,484
1288,483
1288,486
1288,562
1288,575
1288,720
1288,146
1288,264
1288,600
1288,732
1288,1969
1288,1971
1288,1959
1288,1958
1288,1957
1288,596
1288,1029
1288,21
1288,621
1288,620
1288,628
1288,810
1288,890
1288,1012
1288,1049
1288,1122
1288,1154
1288,1644
1288,1996
1288,452
1288,1177
1288,103
1288,116
1288,290
1288,356
1288,532
1288,611
1288,627
1288,631
1288,681
1288,1044
1288,1051
1288,1210
1288,1960
1288,9
1288,496
1288,495
1288,555
1288,565
1288,570
1288,1051
1288,1191
1288,592
1288,118
1288,1253
1288,1956
1288,377
1288,379
1288,378
1288,533
1288,1013
1288,1873
1288,1281
1288,1229
1288,1841
1288,1231
1288,841
1288,473
1288,1347
1288,1349
1288,1369
1288,2183
1288,2184
1288,2185
811,690
811,725
811,128
811,630
811,590
811,1
811,596
811,215
811,769
811,1100
811,930
811,127
811,133
811,597
811,870
811,684
811,903
811,186
811,1056
811,1119
811,1172
811,376
811,1321
811,1078
811,2446
1003,113
1003,873
1003,575
1003,614
1003,891
1003,515
1003,922
1003,1005
1003,1045
1003,776
1003,946
1003,996
1003,1120
1003,925
1003,1104
1003,1109
1003,534
1003,1303
1003,2011
1003,813
1003,867
1003,999
1003,1164
1003,1367
1003,1290
1003,1341
1003,1359
1003,1344
1003,1343
1003,1403
1003,1855
1003,1397
1003,1396
1003,1451
1003,386
1003,1853
1003,1844
1003,488
1003,1562
1003,1078
1003,1677
1003,1687
1003,1495
1003,1667
1003,1711
1003,1679
1003,439
1003,1825
1003,1826
1003,2267
1003,2134
1003,2136
1003,971
1003,1220
1003,1445
1003,1418
1313,761
1313,453
1313,744
1313,1961
1313,784
1313,288
1313,791
1313,790
1313,605
1313,812
1313,740
1313,746
1313,1792
1313,692
1313,860
1313,606
1313,866
1313,993
1313,2116
302,559
302,616
302,512
302,1777
302,689
302,145
302,1969
302,1951
302,151
302,617
302,1970
302,703
302,758
302,217
302,165
302,736
302,1952
302,177
302,1971
302,7
302,216
302,546
302,706
302,1123
302,522
302,8
302,523
302,1972
302,1973
302,524
302,564
302,974
302,801
302,278
302,577
302,1055
302,557
302,2452
302,560
302,135
302,861
302,291
302,1974
302,1126
302,301
302,302
302,303
302,902
302,130
302,130
302,57
302,1644
302,694
302,525
302,306
302,1927
302,1318
302,793
302,9
302,305
302,709
302,248
302,205
302,21
302,1977
302,972
302,1047
302,2082
302,163
302,547
302,548
302,550
302,551
302,688
302,483
302,740
302,1306
302,28
302,1337
302,857
302,2074
302,326
302,1990
302,292
302,2077
302,52
302,1488
302,472
302,1780
302,2076
302,2048
302,2080
302,1822
302,2078
302,1991
302,353
302,1862
302,2081
302,2079
302,1591
302,94
302,1992
302,542
302,2129
302,2051
302,2083
302,2049
302,2130
302,2084
302,2193
302,1596
302,2085
302,2038
776,15
776,1931
776,699
776,140
776,712
776,600
776,261
776,604
776,11
776,714
776,749
776,1086
776,792
776,256
776,869
776,341
776,181
776,962
776,925
776,2031
776,1103
776,1119
776,1105
776,633
776,1152
776,1949
776,1190
776,1321
776,1273
776,1293
776,1344
776,1449
776,1755
776,2259
211,1299
211,1093
211,2154
211,1363
211,1380
211,1276
211,1669
211,2161
211,1667
211,343
211,1711
211,1701
211,1760
211,2162
211,2177
211,1758
211,1767
211,1729
211,2128
211,1766
211,1768
211,439
211,1480
211,1494
211,1755
211,2201
211,1986
211,1574
211,1720
211,2245
211,1435
211,1520
211,1634
211,1884
211,1441
211,2235
211,2250
211,1815
211,2163
211,2255
211,1987
211,2204
211,2267
211,2238
211,2447
211,2237
211,2186
211,2262
211,1048
211,2164
211,2302
211,2298
211,2284
211,1654
211,2233
211,2327
211,2322
211,2346
211,2349
211,2280
211,1595
211,2329
211,2296
211,2365
211,2169
211,389
211,1594
211,2189
211,2386
211,2239
211,2448
211,440
211,447
211,2335
211,319
211,2393
211,2391
211,1522
211,1988
211,1619
211,2396
211,2399
211,2416
211,2397
211,445
211,2171
211,406
211,2423
211,2431
211,2424
211,2059
211,2253
211,441
211,1905
211,381
211,1989
211,1892
211,1901
211,1888
211,1907
868,26
868,1843
868,1545
868,2180
868,2122
868,465
868,1602
868,1580
868,475
868,25
868,2096
868,1642
868,1745
868,2135
868,1678
868,2105
868,1836
868,2186
868,2134
868,478
868,1507
868,2100
868,2187
868,2107
868,2266
868,2188
868,1897
868,2124
474,286
474,586
474,690
474,778
474,369
474,636
474,166
474,691
474,666
474,697
474,769
474,287
474,288
474,563
474,630
474,647
474,702
474,173
474,1934
474,1933
474,1932
474,601
474,781
474,824
474,518
474,637
474,743
474,763
474,833
474,129
474,506
474,545
474,617
474,635
474,641
474,820
474,119
474,519
474,719
474,774
474,859
474,370
474,371
474,712
474,832
474,807
474,212
474,279
474,280
474,610
474,644
474,649
474,708
474,722
474,749
474,766
474,818
474,530
474,863
474,777
474,1935
474,289
474,614
474,643
474,342
474,571
474,596
474,612
474,814
474,882
474,912
474,181
474,842
474,918
474,928
474,282
474,930
474,570
474,812
474,453
474,978
474,281
474,597
474,970
474,1067
474,994
474,982
474,212
474,343
474,1045
474,1053
474,336
474,947
474,374
474,375
474,651
474,654
474,1119
474,2026
474,1127
474,2010
474,116
474,455
474,454
474,706
474,844
474,633
474,1143
474,1147
474,1945
474,456
474,122
474,19
474,237
474,1887
474,2062
474,761
474,792
474,854
474,660
474,259
474,2443
474,1020
474,65
474,66
474,2009
474,1998
474,385
474,1125
474,1225
474,1134
474,2011
474,312
474,309
474,451
474,310
474,311
474,1069
474,979
474,1121
474,845
474,1089
474,1108
474,339
474,1026
474,402
474,1021
474,1161
474,1158
474,1282
474,1528
474,2259
474,1882
474,2098
474,2099
474,465
474,1240
474,1334
474,1663
474,1666
474,1703
474,1881
474,1883
474,2097
474,149
474,405
1359,287
1359,288
1359,289
1359,846
1359,1045
1359,1121
1359,1963
1359,842
1359,1964
1359,360
1359,1180
1359,1182
1359,1965
1359,395
1359,311
1359,632
1359,1208
1359,1218
1359,1229
1359,312
1359,365
1359,366
1359,367
1359,309
1359,2145
1359,2146
1359,2147
1359,1231
1359,1334
1359,2144
1359,1360
1359,1382
1359,2143
1359,1097
1359,2141
1359,1095
1359,446
141,70
141,72
141,73
141,71
141,207
141,152
141,494
141,489
141,75
141,262
141,209
141,31
141,2182
141,33
141,77
141,34
141,78
141,36
1028,150
1028,225
1028,630
1028,797
1028,804
1028,457
1028,829
1028,712
1028,807
1028,1788
1028,615
1028,453
1028,740
1028,739
1028,370
1028,811
1028,17
1028,110
1028,864
1028,862
1028,754
1028,2024
1028,2023
1028,1815
1028,772
1028,813
1028,878
1028,853
1028,1789
1028,842
1028,288
1028,606
1028,219
1028,348
1028,612
1028,39
1028,495
1028,545
1028,574
1028,2
1028,498
1028,87
1028,90
1028,500
1028,664
1028,898
1028,914
1028,374
1028,940
1028,693
1028,948
1028,567
1028,860
1028,1802
1028,691
1028,597
1028,1002
1028,1997
1028,956
1028,982
1028,891
1028,952
1028,971
1028,868
1028,568
1028,1065
1028,1125
1028,1134
1028,1136
1028,1154
1028,185
1028,2092
1028,2117
1028,1188
1028,1220
1028,277
1028,273
1028,276
1028,1197
1028,366
1028,367
1028,365
1028,1790
1028,569
1028,241
1028,1127
1028,1226
1028,1229
1028,1949
1028,1048
1028,1231
1028,1326
1028,1368
1028,1098
1028,2144
1028,1395
1028,376
1028,1441
1028,1449
1028,1994
1028,1022
1028,1445
1028,2142
1028,1073
1028,1484
1028,317
1028,2121
1028,482
1028,1639
1028,970
1028,1681
1028,313
1028,1715
1028,1655
1028,439
1028,521
115,218
115,219
115,784
115,852
115,539
115,789
115,223
115,1969
115,1970
115,1971
115,828
115,348
115,493
115,495
115,5
115,819
115,835
115,854
115,637
115,637
115,839
115,496
115,740
115,739
115,840
115,100
115,892
115,2023
115,862
115,776
115,858
115,1374
115,961
115,837
115,878
115,181
115,925
115,931
115,836
115,932
115,939
115,958
115,906
115,962
115,728
115,756
115,977
115,946
115,1034
115,979
115,845
115,996
115,1044
115,1101
115,957
115,1111
115,182
115,1124
115,1214
115,1210
115,1249
115,1269
115,1263
115,1301
115,1281
115,1271
115,1323
115,1190
115,1355
115,1344
115,1343
115,1450
115,1460
115,1492
115,1874
115,1511
115,130
115,1570
115,2091
115,1597
115,1875
115,1669
115,1363
115,1705
115,1681
115,2336
115,1897
671,588
671,277
671,627
671,620
671,2115
671,2011
671,1147
671,314
671,315
671,2119
671,1407
671,1024
671,1483
671,2121
671,1667
671,2120
509,751
509,744
509,133
509,733
509,708
509,517
509,726
509,666
509,777
509,89
509,88
509,804
509,1067
509,279
509,280
509,371
509,370
509,842
509,128
509,289
509,832
509,753
509,868
509,282
509,754
509,903
509,374
509,953
509,86
509,969
509,982
509,258
509,597
509,2010
509,2010
509,2116
509,104
509,144
509,1073
509,1022
509,1522
509,461
847,1997
847,2060
847,916
847,888
847,1053
847,628
847,2103
847,1366
847,1372
847,1864
847,1479
847,387
847,2065
847,2064
879,908
879,320
879,321
879,738
879,1129
879,1945
879,1146
879,1117
879,116
879,1143
879,1154
879,1946
879,1787
879,2102
879,1250
879,2103
879,1863
879,1377
879,1441
879,1842
879,1233
879,1846
879,424
879,1843
879,1641
879,1640
879,1692
879,1711
879,2099
879,2069
879,389
879,1904
48,1342
48,640
48,1524
48,1623
48,1874
48,1013
48,1702
48,2247
48,2233
48,2327
48,1730
48,2352
48,2393
48,2427
1140,47
1140,585
1140,722
1140,750
1140,624
1140,48
1140,801
1140,780
1140,741
1140,776
1140,1020
1140,1005
1140,971
1140,1669
1140,422
1140,1875
1140,1740
1140,2387
172,10
172,109
172,583
172,221
172,515
172,245
172,590
172,528
172,134
172,137
172,198
172,220
172,664
172,685
172,566
172,575
172,250
172,641
172,226
172,252
1681,740
1681,739
1681,742
1681,1086
1681,245
1681,539
1681,782
1681,756
1681,112
1681,113
1681,457
1681,698
1681,724
1681,923
1681,347
1681,912
1681,1180
405,1794
405,1795
405,166
405,1798
405,354
405,1799
405,1800
405,1796
405,1804
405,1810
405,1806
405,1811
405,1812
405,173
547,1942
547,1943
547,1944
547,321
547,704
547,1960
547,1787
547,1274
547,1424
547,2148
547,1858
547,1667
547,1880
547,2111
547,1985
547,1985
547,1882
727,2013
727,1865
727,1418
727,1486
727,1095
727,1536
727,1096
727,2014
727,2184
727,1616
727,2015
727,1556
727,2137
727,2185
727,2197
727,600
727,601
727,2105
727,615
727,2016
727,2186
727,2134
727,1557
727,2136
727,1558
727,1507
727,447
727,2187
727,2107
727,445
727,2139
727,2410
727,2138
727,2188
727,2414
727,448
1233,1359
1233,1484
1233,1559
1233,1672
1233,304
1233,1555
1233,1273
1233,2242
1233,1715
1233,1758
1233,1764
1233,1730
1233,2235
1233,2170
1233,2447
330,697
330,632
330,718
330,779
330,762
330,249
330,630
330,812
330,516
330,826
330,832
330,543
330,340
330,609
330,864
330,121
330,269
330,358
330,596
330,612
330,903
330,341
330,613
330,924
330,359
330,1100
330,953
330,936
330,611
330,955
330,965
330,597
330,2060
330,631
330,360
330,1029
330,1056
330,1109
330,1119
330,190
330,1107
330,1127
330,2061
330,633
330,1172
330,459
330,1159
330,344
330,618
330,848
330,376
330,1220
330,1017
330,230
330,1282
330,1021
330,1321
330,231
330,2063
330,232
330,1395
330,460
330,2450
330,488
330,1072
330,1022
330,1018
330,461
330,399
330,1854
330,1078
330,1583
330,400
330,2446
330,1030
330,1756
330,1019
249,1975
249,1976
249,758
249,1777
249,1977
249,844
249,801
249,849
249,1980
249,1979
249,42
249,474
249,1003
249,1091
249,1544
249,1425
249,644
249,1589
249,1786
249,1981
249,1538
249,1335
338,575
338,678
338,707
338,720
338,264
338,722
338,600
338,11
338,221
338,250
338,251
338,923
338,252
338,641
338,92
338,265
338,497
338,591
338,594
338,598
338,599
338,799
338,820
338,885
338,918
338,595
1192,693
1192,1045
1192,1101
1192,846
1192,104
1192,714
1192,1849
1192,1184
1192,378
1192,213
1192,1787
1192,2062
1192,1194
1192,1950
1192,1212
1192,1236
1192,2011
1192,858
1192,932
1192,392
1192,1960
1192,841
1192,1224
1192,1319
1192,1274
1192,818
1192,2117
1192,851
1192,580
1192,624
1192,120
1192,569
1192,1231
1192,42
1192,316
1192,315
1192,823
1192,1844
1192,464
1192,1396
1192,2073
1192,1425
1192,2013
1192,597
1192,1853
1192,1368
1192,537
1192,539
1192,1440
1192,319
22,1315
22,230
22,2216
22,1705
22,1316
22,1985
22,1749
22,1747
22,2075
22,1285
22,2226
22,2228
22,2243
22,1771
22,1823
22,2270
22,2290
22,2321
22,2319
22,2358
22,2362
22,2372
22,2377
22,2385
22,2370
22,2400
22,2436
22,1891
22,1896
1740,727
1740,714
1740,138
1740,509
1740,698
1740,724
1740,778
1740,528
1740,718
1740,690
1740,539
1740,834
1740,540
1740,188
1517,1702
1517,1878
1517,1767
1517,1879
1517,2183
1517,2185
1517,2250
1517,2113
1517,2186
1517,2318
1517,2329
1517,514
1517,403
1517,2416
972,496
972,94
972,713
972,600
972,254
972,751
972,990
972,493
972,624
972,16
972,992
972,784
972,255
972,989
972,987
972,815
972,852
972,601
972,140
972,148
972,797
972,864
972,615
972,833
972,608
972,538
972,1001
972,17
972,541
972,860
972,100
972,853
972,868
972,541
972,706
972,961
972,905
972,761
972,792
972,854
972,918
972,900
972,1020
972,940
972,1002
972,20
972,185
972,842
972,1126
972,1204
972,1163
972,104
972,1167
972,1255
972,1319
972,1385
972,1567
972,1836
1083,166
1083,725
1083,877
1083,1796
1083,922
1083,851
1083,911
1083,1803
1083,907
1083,979
1083,845
1083,1044
1083,1806
1083,2129
895,567
895,797
895,828
895,761
895,109
895,566
895,821
895,904
895,842
895,712
895,453
895,454
895,971
895,114
895,994
895,678
895,1058
895,116
895,1147
895,1165
895,645
895,456
895,313
895,626
895,1161
895,339
895,1267
895,149
895,2088
895,2086
895,2087
895,117
895,1212
895,1217
895,1048
895,1015
895,1304
895,120
895,338
895,1231
895,1873
895,1322
895,868
895,1790
895,1373
895,1389
895,195
895,1197
895,1425
895,967
895,1459
895,1443
895,402
895,2013
895,1842
895,1478
895,1480
895,1412
895,1574
895,1598
895,1870
895,612
895,1871
895,1711
895,1720
895,1016
895,1014
895,1663
895,2168
895,2169
895,1455
895,2101
186,834
186,452
186,1933
186,1934
186,363
186,897
186,1304
186,338
186,352
186,1280
186,657
186,2155
186,1295
186,227
186,2126
186,1704
1721,1731
1721,1741
1721,1742
1721,2307
1721,2308
1721,2309
1721,2310
1721,2311
1721,2312
1721,2313
1721,2314
1721,2315
1721,2403
1721,2404
1721,2405
1721,2426
1721,2425
1175,261
1175,5
1175,515
1175,243
1175,139
1175,566
1175,149
1175,689
1175,751
1175,720
1175,10
1175,136
1175,705
1175,722
1175,610
1175,714
1175,732
1175,842
962,1514
962,1502
962,1479
962,2160
962,1610
962,714
962,2161
962,1628
962,1704
962,2159
962,2162
962,2203
962,2245
962,2003
962,1833
962,2163
962,2261
962,1637
962,2164
962,1548
962,2347
962,2382
962,2005
962,86
962,1190
962,1344
962,1855
962,1874
962,1876
962,2165
962,2415
962,2166
962,2393
962,2412
962,2220
962,1670
962,2280
917,490
917,220
917,5
917,528
917,245
917,649
917,641
917,743
917,251
917,260
917,617
917,640
917,746
917,767
917,647
917,783
917,786
917,272
917,778
917,800
917,987
917,256
917,179
917,836
917,119
917,571
917,630
917,797
917,810
917,813
917,818
917,121
917,696
917,752
917,180
917,369
917,718
917,1100
917,764
917,933
917,936
917,955
917,970
917,597
917,952
917,343
917,999
917,1156
917,1159
917,1176
917,344
917,1220
917,1225
917,238
917,1256
917,1338
917,1074
917,1022
917,1561
917,1851
349,710
349,1792
349,1794
349,512
349,1793
349,350
349,710
349,1795
349,166
349,1797
349,886
349,895
349,901
349,915
349,921
349,1799
349,926
349,929
349,1796
349,1802
349,1800
349,1009
349,1810
349,1008
349,1142
349,1148
349,1150
349,343
349,1149
349,1238
349,1473
349,1514
349,1516
349,1587
349,2410
1331,703
1331,165
1331,873
1331,1783
1331,949
1331,1006
1331,1060
1331,307
1331,1061
1331,972
1331,1152
1331,1501
1331,1503
1331,1099
1331,1008
1331,392
1331,1738
1331,997
1331,1257
1331,1565
1331,1754
1331,849
1331,1337
1331,1896
1734,1724
1734,1734
1734,2207
1734,1752
1734,1749
1734,2222
1734,2218
1734,1757
1734,2226
1734,1913
1734,2246
1734,2240
1734,1922
1734,2243
1734,2447
1734,2248
1734,2272
1734,2270
1734,2289
1734,2295
1734,2306
1734,2305
1734,2196
1734,1914
1734,2229
1734,2317
1734,1837
1734,2325
1734,2338
1734,2255
1734,2332
1734,2354
1734,1923
1734,2369
1734,1915
1734,1681
1734,2392
1734,2383
1734,2341
1734,2430
1734,2344
1734,1900
1734,1896
485,525
485,655
485,793
485,305
485,310
485,309
485,841
485,1292
485,32
485,33
485,1686
485,35
485,34
485,2135
485,2141
485,480
485,36
475,2013
475,1865
475,2160
475,1084
475,994
475,1663
475,2015
475,2250
475,1217
475,2330
475,389
475,407
475,427
475,2161
193,968
193,551
193,671
193,919
193,710
193,1804
193,162
193,160
193,161
193,169
193,170
193,168
193,171
193,174
193,176
193,173
193,178
193,711
193,710
193,1800
193,1797
193,1795
193,1801
193,1805
193,1806
193,1792
193,1803
193,1794
193,558
193,1778
193,639
193,653
193,1796
193,549
193,650
193,661
193,679
193,1776
193,333
193,1174
193,1132
193,1261
193,1924
193,1384
193,1383
193,1431
193,1489
193,1252
193,1573
193,1621
193,1673
193,1869
643,878
643,1995
643,1035
643,1045
643,184
643,1101
643,375
643,979
643,845
643,1121
643,925
643,1104
643,1204
643,834
643,1011
643,1219
643,1236
643,1152
643,780
643,1200
1275,1157
1275,1859
1275,810
1275,1849
1275,378
1275,1010
1275,2104
1275,452
1275,1947
1275,1227
1275,914
1275,396
1275,1240
1275,1974
1275,1263
1275,1274
1275,377
1275,1278
1275,1251
1275,1162
1275,1088
1275,1294
1275,1271
1275,1161
1275,1147
1275,1322
1275,379
1275,1329
1275,1552
722,1393
722,1392
722,1414
722,1428
722,1437
722,1430
722,1438
722,1450
722,1006
722,1460
722,217
722,1474
722,1476
722,1499
722,1469
722,1508
722,1488
722,1514
722,1518
722,1285
722,1284
722,1526
722,1513
722,1286
722,1539
722,1287
722,1288
722,1540
722,1582
722,1586
722,1572
722,1601
722,1769
722,1627
722,1618
722,1630
722,1628
722,1632
722,1310
722,1649
722,228
722,1608
722,1311
722,1725
722,1661
722,1675
722,1312
722,1313
722,1314
722,1726
722,1707
722,1710
722,1705
722,1316
722,1723
722,492
722,491
722,1739
722,2207
722,1747
722,1759
722,1754
722,2208
722,2213
722,2222
722,2202
722,1485
722,353
663,245
663,566
663,734
663,604
663,751
663,744
663,258
663,593
663,763
663,753
663,761
663,113
663,91
663,119
663,124
663,259
663,788
663,865
663,596
663,566
663,931
663,970
663,102
663,1038
663,115
663,1122
663,662
663,1158
663,1014
663,1225
663,1998
663,1089
663,1021
663,1303
663,1367
663,1022
663,1368
663,388
663,1875
663,1667
663,1709
663,1019
663,2259
663,389
900,274
900,69
900,277
900,510
900,204
900,2114
900,205
900,99
900,70
900,2116
900,2115
900,2116
900,71
900,2117
900,1229
900,73
900,207
900,1089
900,1997
900,1015
900,1016
900,489
900,2118
900,2119
900,31
900,1440
900,2001
900,2122
900,2120
900,2123
900,77
900,1835
415,850
415,1290
415,1300
415,1303
415,1320
415,1293
415,1342
415,1344
415,1341
415,1098
415,863
415,1554
415,2064
415,1599
415,2140
415,376
415,999
415,1164
415,1692
415,1556
415,2134
415,2335
415,449
1211,879
1211,951
1211,1063
1211,383
1211,384
1211,1273
1211,1341
1211,1857
1211,416
1211,1715
1211,2003
1211,2212
1211,2004
1211,2382
427,246
427,906
427,867
427,911
427,842
427,627
427,1319
427,1342
427,1344
427,1346
427,1404
427,1867
427,1633
427,2374
1621,2062
1621,1947
1621,1156
1621,2103
1621,1335
1621,352
1621,1863
1621,2154
1621,1405
1621,1469
1621,394
1621,1512
1621,1495
1621,1502
1621,1538
1621,405
1621,1524
1621,1530
1621,1537
1621,1588
1621,1529
1621,1577
1621,846
1621,2160
1621,1882
1621,1617
1621,1615
1621,1448
1621,1609
1621,482
1621,1484
1621,1633
1621,316
1621,2127
1621,313
1621,1655
1621,1670
1621,2439
1621,2110
1621,464
1621,2140
1621,1674
1621,1787
1621,1084
1621,368
1621,2440
1621,439
1621,1701
1621,1690
1621,318
1621,2441
1621,1693
1621,1435
1621,2111
1621,2442
1621,2177
1621,1767
1621,2239
1621,2235
1621,2267
1621,438
1621,1528
1621,2276
1621,2016
1621,1876
1621,2284
1621,2299
1621,1760
1621,2282
1621,2302
1621,2329
1621,1671
1621,2233
1621,406
1621,2357
1621,1654
1621,2126
1621,389
1621,440
1195,2240
1195,1823
1195,2271
1195,1773
1195,2325
1195,2338
1195,2358
1195,2354
1195,2362
1195,2369
1195,2377
1195,2385
1195,2400
1195,2409
1195,2436
1394,726
1394,634
1394,713
1394,716
1394,112
1394,496
1394,644
1394,283
1394,585
1394,604
1394,734
1394,169
1394,11
1394,749
1394,610
1394,624
1394,265
1394,774
1394,637
1394,586
1394,286
1394,770
1394,718
1394,605
1394,113
1394,812
1394,6
1394,1123
1394,457
1394,820
1394,515
1394,821
1394,294
1394,91
1394,811
1394,354
1394,350
1394,894
1394,606
1394,2030
1394,566
1394,930
1394,351
1394,366
1394,1782
1394,607
1394,2028
1394,2031
1394,890
1394,1045
1394,1057
1394,843
1394,1058
1394,987
1394,1126
1394,948
1394,1109
1394,1107
1394,1136
1394,1318
1394,627
1394,1267
1394,1819
1394,1023
1394,238
1394,1321
1394,1021
1394,1022
346,2027
346,388
346,1390
346,1391
346,1616
346,557
346,1664
346,2452
346,1151
346,1227
346,1783
346,561
346,1879
346,2279
346,1771
346,1416
346,1430
346,1329
346,1378
346,1460
346,2245
346,1352
346,2136
346,862
346,1020
346,559
346,931
346,1415
346,1517
346,1355
346,1157
346,1111
346,2372
346,2384
346,1909
346,1912
346,1913
346,1914
346,1911
346,1910
346,2346
346,1308
1201,568
1201,217
1201,228
1201,455
1201,626
1201,797
1201,853
1201,940
1201,964
1201,1045
1201,1774
1201,1779
1201,1784
1201,1938
1201,1934
1201,1933
1201,1936
1201,884
1201,900
1201,948
1201,569
1201,451
1201,1263
1201,864
1201,1319
1201,1008
1201,1999
1201,628
1201,82
1201,2000
1201,464
1201,2001
1201,1535
1201,1576
1201,2079
1201,1627
1201,1240
1201,943
1201,465
1201,536
1201,2003
1201,2133
1201,2004
1201,1765
1201,2005
1201,514
1201,2006
1201,2365
1201,2412
1201,2266
1617,244
1617,593
1617,779
1617,765
1617,804
1617,7
1617,842
1617,540
1617,866
1617,1122
1617,1138
1617,1625
1709,154
1709,153
1709,152
1709,155
1709,550
1709,552
1709,551
1709,556
1709,554
1709,573
1709,671
1709,494
1709,50
1709,634
64,90
64,495
64,503
64,15
64,664
64,685
64,566
64,629
64,245
64,616
64,503
64,90
64,617
64,129
64,635
64,641
64,760
64,691
64,806
64,1958
64,516
64,741
64,91
64,832
64,567
64,900
64,183
64,2131
442,298
442,8
442,248
442,986
442,21
442,373
442,510
442,204
442,793
442,99
442,333
442,207
442,489
442,1090
442,209
442,523
442,524
442,525
442,1593
442,1668
442,794
442,444
442,34
589,765
589,286
589,630
589,666
589,298
589,778
589,863
589,697
589,842
589,2026
589,1938
589,596
589,322
589,943
589,1995
589,959
1114,575
1114,865
1114,927
1114,1038
1114,1124
1114,1147
1114,1161
1114,1167
1114,1964
1114,2011
1114,1132
1114,863
1114,1255
1114,576
1114,1108
1114,1015
1114,541
1114,408
1114,1410
1114,1409
1114,23
1114,1446
1114,12
1114,18
1114,1440
1114,1051
1114,1425
1114,317
1114,1544
1114,454
1114,453
1114,455
1114,1267
540,1156
540,1461
540,1420
540,1487
540,1524
540,1854
540,1125
540,1576
540,1697
540,1021
540,2203
540,1768
540,1852
540,1833
540,439
540,438
540,2238
540,596
540,1022
540,2302
540,555
540,2357
540,2365
540,597
540,446
540,1894
161,1425
161,1874
161,86
161,2091
161,2145
161,2140
161,2147
161,2146
161,1190
161,1303
161,1344
161,1506
161,2137
161,1447
161,1712
161,312
161,2135
161,2151
161,2134
161,2136
161,1507
161,2393
161,2139
161,2138
1011,199
1011,111
1011,110
1011,809
1011,1935
1011,13
1011,1936
1011,1995
1011,596
1011,289
1011,288
1011,1938
1011,19
1011,578
1011,292
1011,356
1011,1782
1011,1939
1011,1940
1011,1941
1011,1942
1011,1943
1011,1944
1011,1945
1011,117
1011,1117
1011,116
1011,847
1011,456
1011,20
1011,1947
1011,9
1011,1012
1011,569
1011,1015
1011,1274
1011,1949
1011,42
1011,120
1011,2153
1011,23
1011,1873
1011,2147
1011,1147
1011,1366
1011,28
1011,1347
1011,1322
1011,24
1011,1821
1011,2156
1011,1447
1011,2142
1011,84
1011,2158
1011,1453
1011,1870
1011,1530
1011,2101
1011,2159
1011,1519
1011,2094
1011,1564
1011,51
1011,1615
1011,1871
1011,1701
1011,2003
1011,1872
1011,1678
1011,1920
1011,2166
1011,2190
1011,2266
780,542
780,544
780,1644
780,331
780,332
780,302
780,1977
780,663
780,880
780,1171
780,216
780,1193
780,1216
780,1251
780,1230
780,1980
780,1091
780,1458
780,335
780,1512
780,1473
780,1722
808,2041
808,2040
808,2126
808,2043
808,2048
808,2044
808,2046
808,2127
808,2047
808,1670
808,1822
808,2049
808,2128
808,2050
808,1591
808,423
808,1596
808,2052
808,2238
808,2193
808,2054
808,2037
1586,696
1586,752
1586,175
1586,355
1586,354
1586,289
1586,870
1586,937
1586,1059
1586,1859
1586,1103
1586,1022
1586,1867
1733,484
1733,138
1733,142
1733,15
1733,160
1733,757
1733,672
1733,716
1733,713
1733,722
1733,537
1733,188
1733,148
1733,749
1733,507
1733,835
1733,780
1733,101
1733,1391
1733,86
1733,1604
1671,1963
1671,310
1671,940
1671,1964
1671,1164
1671,628
1671,1194
1671,1182
1671,1787
1671,311
1671,2443
1671,1208
1671,1012
1671,1229
1671,1845
1671,1274
1671,2153
1671,1320
1671,338
1671,1013
1671,1360
1671,1366
1671,1389
1671,1459
1671,1429
1671,1443
1671,1452
1671,1457
1671,1538
1671,2109
1671,1235
1671,2158
1671,2141
1671,1537
1671,51
1671,2122
1671,423
1671,1884
1548,1205
1548,1949
1548,1577
1548,1168
1548,1633
1548,1713
1548,2133
1548,1613
1548,2276
1548,2329
1548,2416
1548,450
1119,1446
1119,2142
1119,1511
1119,1567
1119,1875
1119,1615
1119,1640
1119,1637
1119,318
1119,2235
1119,2259
1119,1828
1119,446
224,615
224,883
224,606
224,787
224,855
224,1937
224,125
224,1939
224,1940
224,1941
224,1052
224,1942
224,1943
224,1944
224,1945
224,1129
224,1153
224,1012
224,1946
224,393
224,378
224,1947
224,534
224,953
224,1948
224,1250
224,1274
224,377
224,1295
224,1949
224,1305
224,2153
224,379
224,2154
224,1841
224,1366
224,1347
224,2155
224,1424
224,2156
224,1439
224,2157
224,1235
224,2158
224,1877
224,1530
224,1537
224,2101
224,1079
224,1560
224,1466
224,1529
224,2159
224,2160
224,1615
224,1843
224,2180
224,1276
224,1670
224,2161
224,2098
224,475
224,1701
224,1684
224,2097
224,2162
224,1766
224,2197
224,2279
224,2199
224,2163
224,1836
224,2276
224,2099
224,2164
224,478
224,2100
224,2165
224,2166
224,2167
224,480
916,288
916,571
916,829
916,17
916,1795
916,1798
916,973
916,455
916,20
916,1805
916,1810
916,276
916,1426
916,1564
984,798
984,636
984,743
984,172
984,836
984,247
984,1780
984,1125
984,117
984,1127
984,1145
984,1115
984,295
984,997
984,296
984,1205
984,1241
984,534
984,1242
984,1221
984,1293
984,1413
984,1434
984,1603
984,1353
984,1381
984,1505
984,1604
984,1694
984,2210
984,2209
961,1295
961,1389
961,1097
961,1404
961,1424
961,1555
961,1574
961,2093
961,420
961,1095
961,1303
961,1715
961,1720
961,426
351,1257
351,1223
351,1258
351,1259
351,1264
351,1268
351,1376
351,1422
351,1470
351,1493
351,1488
351,1527
351,1510
351,1607
351,2254
351,2258
1237,2011
1237,1250
1237,1256
1237,533
1237,1277
1237,1023
1237,1322
1237,1324
1237,379
1237,2012
1237,1367
1237,1844
1237,2118
1237,1396
1237,1400
1237,24
1237,1407
1237,2119
1237,1425
1237,1451
1237,1415
1237,2176
1237,1424
1237,1483
1237,1420
1237,2001
1237,1487
1237,1865
1237,1877
1237,1453
1237,1870
1237,1498
1237,2121
1237,424
1237,1576
1237,1882
1237,1600
1237,1465
1237,1871
1237,2180
1237,465
1237,1663
1237,1843
1237,475
1237,25
1237,1019
1237,2273
1237,1835
1237,2265
1237,480
1660,1474
1660,1450
1660,1476
1660,1909
1660,1499
1660,1514
1660,1518
1660,1285
1660,1535
1660,1284
1660,1287
1660,1552
1660,1708
1660,1710
1660,1764
1660,1766
1660,1735
1660,2213
1660,2222
1660,2218
1660,2199
1660,442
1660,2236
1660,2214
1660,2249
1660,1913
1660,2246
1660,1689
1660,1765
1660,1441
1660,2240
1660,2252
1660,1833
1660,2243
1660,1922
1660,1771
1660,2255
1660,2248
1660,2268
1660,1772
1660,2269
1660,1823
1660,2282
1660,2270
1660,2238
1660,2272
1660,2291
1660,2303
1660,1834
1660,1837
1660,2083
1660,2349
1660,2372
1660,2359
1660,2382
1660,2300
1660,2379
1660,2370
1660,2340
1660,1906
1660,2412
1660,2413
1660,2171
683,600
683,601
683,615
683,602
683,496
683,571
683,570
683,1045
683,182
683,906
683,946
683,603
683,779
683,587
683,620
683,1110
683,621
683,1103
683,907
683,1116
683,1115
683,1049
683,237
683,1124
683,322
683,323
683,751
683,753
683,1950
683,1866
683,745
683,1145
683,1210
683,1177
683,1205
683,352
683,238
683,1051
683,812
683,1221
683,704
683,817
683,392
683,846
683,1963
683,1964
683,1965
683,363
683,1192
683,239
683,1369
683,2013
683,1098
683,1856
683,508
683,270
683,797
683,853
683,940
683,1409
683,1032
1297,1170
1297,1245
1297,534
1297,1146
1297,1189
1297,1241
1297,133
1297,733
1297,1211
1297,1297
1297,1289
1297,1296
1297,906
1297,1384
1297,1383
1297,1343
1297,1937
1297,86
1297,1477
1297,1472
1297,1554
1297,1874
1297,1581
1297,1946
1297,2145
1297,1875
1297,1825
1297,1095
1297,1096
1297,1826
1297,980
1297,1285
1297,307
1297,1512
1297,1270
1297,1731
1297,1453
1297,1847
1297,393
1297,2321
1297,2233
1297,360
1297,2189
1297,2393
1297,2396
1297,1060
394,800
394,276
394,497
394,585
394,594
394,598
394,599
394,595
394,628
394,627
394,1119
394,829
494,1949
494,1041
494,1175
494,1233
494,1846
494,2101
494,1480
494,1494
494,2145
494,2147
494,2146
494,987
494,1511
494,947
494,1004
494,2010
494,696
494,752
494,1274
494,2011
494,1347
494,1361
1056,1211
1056,1322
1056,313
1056,1212
1056,1334
1056,1098
1056,2172
1056,1960
1056,1371
1056,1396
1056,1397
1056,2119
1056,1324
1056,1156
1056,1389
1056,1424
1056,2121
1056,1533
1056,1561
1056,425
1056,426
1056,2205
1056,2238
1056,2275
1056,427
1231,1199
1231,1256
1231,1270
1231,1280
1231,1340
1231,947
1231,1419
1231,1491
1231,1403
1231,1588
1231,1875
1231,1854
1231,482
1231,537
1231,2234
898,777
898,788
898,498
898,596
898,903
898,121
898,898
898,1087
898,933
898,597
898,983
898,1045
898,343
898,2010
898,1495
934,1044
934,559
934,1786
934,1099
934,1171
934,330
934,332
934,331
934,2129
934,1244
934,857
934,195
934,1433
934,1454
934,1861
934,2091
934,398
1468,39
1468,580
1468,600
1468,213
1468,214
1468,783
1468,507
1468,640
1468,123
1468,101
1468,1045
1468,272
1468,994
212,2078
212,2216
212,1550
212,1081
212,2226
212,2317
212,514
212,1594
212,2386
212,447
212,2370
212,403
212,2085
212,2411
212,1891
212,1896
31,616
31,696
31,46
31,244
31,497
31,528
31,629
31,673
31,701
31,1957
31,221
31,698
31,719
31,600
31,617
31,355
31,175
31,121
31,925
31,937
31,780
31,1045
31,1103
31,1168
31,618
31,296
31,1217
31,1213
31,1281
31,1326
31,462
31,1324
31,337
31,1347
31,1400
31,1406
31,513
31,463
31,2094
31,1405
31,1457
31,1864
31,1511
31,1519
31,1541
31,1882
31,482
31,1600
31,1843
31,1589
31,2140
31,2110
31,1667
31,1674
31,1685
31,1666
31,1679
31,2120
31,1696
31,1684
31,1767
31,1881
31,2316
31,389
31,2334
31,427
31,2416
31,2397
31,2423
31,2433
31,2253
31,1894
31,1889
1526,2240
1526,2248
1526,2271
1526,2269
1526,1833
1526,2272
1526,1437
1526,2297
1526,2317
1526,2326
1526,2331
1526,2346
1526,2357
1526,1067
1526,2369
1526,2375
1526,2385
1526,1915
1526,2378
1526,2392
1526,2383
1526,2400
1526,481
1526,2429
1526,2436
1526,2408
1741,1477
1741,1487
1741,1502
1741,597
1741,1022
1741,1438
1741,1844
1741,1853
1741,1854
1741,1287
1741,2126
1741,1366
1741,1559
1741,420
1741,875
1741,1581
1741,1522
1741,1523
1741,1576
1741,1486
1741,1548
1741,1555
1741,1519
1741,1541
1741,1609
1741,1618
1741,1825
1741,388
1741,234
1741,235
1741,1826
1741,1641
1741,1640
1741,2127
1741,1639
1741,1655
1741,1664
1741,1669
1741,1662
1741,1672
1741,2098
1741,421
1741,368
1741,1690
1741,59
1741,2128
1741,1701
1741,2003
1741,1715
1741,872
1741,1758
1741,1767
1741,2205
1741,2212
1741,2004
1741,1703
1741,1713
1741,1885
1741,2262
1741,2239
1741,2259
1741,1884
1741,2276
1741,1881
1741,736
1741,2197
1741,2285
1741,2294
1741,2302
1741,478
1741,2329
1741,2323
1741,2336
1741,428
1741,1418
1741,1265
1741,1652
1741,2260
1741,2316
1741,1441
1741,2357
1741,273
1741,2120
1741,1855
1741,1960
1741,2184
1741,2186
1741,2183
1741,2185
1741,2365
1741,1528
1741,1557
1741,1558
1741,1554
1741,1556
1741,2359
1741,1531
1741,389
1741,2151
1741,2379
1741,446
1741,1435
1741,1309
1741,1350
1741,1520
1741,2373
1741,440
1741,2125
1741,2399
1741,407
1741,2396
1741,2070
1741,1638
1741,1835
1741,2416
1741,2397
1741,450
1741,1906
1741,441
1741,2423
1741,445
1741,2410
1741,2427
1741,109
1741,117
1741,1901
1741,1642
1741,1883
1741,2414
1741,1897
1741,2124
30,301
30,1644
30,1974
30,892
30,1110
30,979
30,845
30,1121
30,1219
30,761
30,906
30,888
30,1053
30,2102
30,1332
30,1116
30,1145
30,1274
1514,895
1514,901
1514,915
1514,921
1514,926
1514,262
1514,929
1514,1009
1514,1054
1514,1006
1514,1953
1514,1954
1514,1142
1514,1148
1514,1149
1514,1955
1514,1950
1514,1241
1514,1485
1514,1135
1514,1990
1514,1675
1514,1392
1514,1329
1514,2392
1514,1433
1514,1454
1514,1490
1514,1521
1514,1605
1514,1706
1514,2430
1514,1896
1429,302
1429,783
1429,145
1429,151
1429,487
1429,581
1429,523
1429,493
1429,550
1429,454
1429,524
1429,278
1429,304
1429,303
1429,843
1429,652
1429,1037
1429,1055
1429,1068
1429,305
1429,1129
1429,1006
1429,1158
1429,1171
1429,325
1429,1170
1429,1216
1429,525
1429,1223
1429,1244
1429,2449
1429,451
1429,2082
1429,902
1429,177
1429,132
1429,552
1429,2074
1429,557
1429,231
1429,232
1429,230
1429,399
1429,400
1429,2080
1515,2098
1515,2161
1515,2156
1515,423
1515,1787
1515,1084
1515,2232
1515,1968
1515,2260
1515,1652
1515,2153
1515,2164
1515,1945
1224,963
1224,907
1224,979
1224,845
1224,764
1224,178
1224,516
1224,519
1224,636
1224,693
1224,692
1224,710
1224,763
1224,790
1224,801
1224,809
1224,813
1224,820
1224,853
1224,854
1224,867
1224,888
1224,897
1224,900
1224,958
1224,974
1224,989
1224,1788
1224,1799
1224,1796
1224,1794
1224,1795
1224,1801
1224,1817
1224,993
1224,1002
1224,1804
1224,999
1224,256
1224,607
1224,906
1224,946
1224,977
1224,996
1224,1044
1224,843
1224,1005
1224,1010
1224,1045
1224,351
1224,949
1224,1059
1224,1108
1224,1805
1224,1806
1224,103
1224,681
1224,1066
1224,1121
1224,944
1224,1818
1224,327
1224,375
1224,625
1224,457
1224,678
1224,877
1224,143
1224,173
1224,570
1224,773
1224,783
1224,787
1224,791
1224,828
1224,830
1224,871
1224,1109
1224,179
1224,260
1224,786
1224,1116
1224,1118
1224,1204
1224,236
1224,998
1224,1131
1224,838
1224,1124
1224,1137
1224,1812
1224,1130
1224,1132
592,593
592,1962
592,213
592,15
592,39
592,89
592,511
592,604
592,616
592,712
592,807
592,571
592,457
592,6
592,889
592,898
592,893
592,1012
592,1319
592,1347
1476,66
1476,393
1476,2009
1476,1787
1476,1942
1476,1943
1476,1944
1476,1947
1476,534
1476,971
1476,1220
1476,344
1476,969
1476,590
1476,1189
1476,1948
1476,887
1476,1256
1476,333
1476,1021
1476,850
1476,1949
1476,1297
1476,1254
1476,1299
1476,2153
1476,1321
1476,1873
1476,1328
1476,379
1476,1296
1476,1346
1476,1334
1476,1279
1476,1841
1476,1098
1476,294
1476,980
1476,1036
1476,2155
1476,1380
1476,1857
1476,1293
1476,1274
1476,1366
1476,988
1476,1190
1476,1303
1476,1344
1476,1382
1476,1411
1476,2156
1476,1351
1476,463
1476,462
1476,1441
1476,416
1476,2445
1476,1384
1476,1022
1476,2157
1476,1479
1476,1445
1476,1235
1476,1420
1476,1341
1476,1874
1476,1530
1476,1418
1476,1523
1476,1570
1476,2159
1476,231
1476,230
1476,1858
1476,1846
1476,399
1476,400
1476,1875
1476,1825
1476,1843
1476,1826
1476,1652
1476,1625
1476,422
1476,471
1476,1669
1476,470
1476,1880
1476,1672
1476,1876
1476,1495
1476,1667
1476,1367
1476,1556
1476,1715
1476,1758
1476,1883
1476,2163
1476,2198
1476,2165
1476,2166
1476,2167
968,562
968,576
968,577
968,590
968,1775
968,2217
968,575
968,150
968,673
968,700
968,722
968,246
968,640
968,815
968,1788
968,832
968,779
968,884
968,1958
968,783
968,111
968,883
968,1789
968,643
968,936
968,92
968,651
968,765
968,654
968,1103
968,1229
1722,576
1722,949
1722,2027
1722,1109
1722,1842
1722,1229
1722,1233
1722,1821
1722,29
1722,2451
1722,337
1722,2160
1722,1256
1722,1407
832,1244
832,1948
832,392
832,1269
832,1307
832,194
832,1348
832,1355
832,1394
832,1343
832,1403
832,1497
832,1542
832,1416
832,1909
832,1477
832,1436
832,1500
832,1492
832,507
832,825
832,1581
832,387
832,1308
832,388
832,1711
832,2267
832,2294
676,1291
676,1809
676,1980
676,395
676,1093
676,473
676,28
676,2073
676,466
676,1091
676,1075
676,535
676,1026
676,1027
676,1028
676,467
676,1081
676,1525
676,536
676,1602
676,1831
676,980
676,1036
676,837
676,1878
676,1879
676,468
676,521
676,1732
676,1771
676,1240
676,2296
676,1224
676,1168
676,514
676,2353
676,81
676,469
676,1594
676,2287
676,403
676,2288
328,616
328,617
328,484
328,485
328,225
328,636
328,98
328,287
328,288
328,1958
328,198
328,457
328,1045
364,496
364,1100
364,224
364,579
364,578
364,172
364,570
364,299
364,300
364,960
364,322
364,114
364,323
364,747
364,975
364,1112
364,1040
364,553
364,1049
364,1177
364,748
364,452
364,130
364,266
364,979
364,845
364,305
364,709
364,2027
364,1191
364,1128
364,1927
364,1276
364,1186
364,120
364,1254
364,688
364,1192
364,1293
364,1332
364,1380
364,1426
364,466
364,1479
364,1570
364,1623
364,1669
364,2082
364,2336
364,81
364,346
364,1901
1170,1015
1170,858
1170,1302
1170,1424
1170,1441
1170,1440
1170,1453
1170,1854
1170,510
1170,472
1170,1882
1170,422
1170,1651
1170,1852
1170,59
1170,1713
1170,1464
1170,423
1170,1883
1170,1767
1170,1646
1170,77
1170,2277
1170,2071
1170,1897
849,792
849,1210
849,1945
849,1622
849,342
849,890
849,1138
849,842
849,1254
849,1346
849,519
849,778
1139,1608
1139,437
1139,1675
1139,301
1139,1689
1139,1927
1139,1723
1139,2207
1139,1724
1139,1752
1139,2272
1139,2293
1139,2297
1139,2224
1139,2338
1139,1771
1139,2354
1139,2317
1139,1923
1139,1578
1139,2332
1139,1698
1139,1757
1139,2392
1139,793
1139,2415
1139,2344
1401,146
1401,629
1401,629
1401,698
1401,724
1401,741
1401,593
1401,731
1401,745
1401,661
1401,650
1401,597
1401,1021
568,161
568,176
568,711
568,710
568,1795
568,1797
568,1792
568,1794
568,1798
568,1799
568,1796
568,1800
568,1801
568,1802
568,1804
568,1806
920,1777
920,88
920,89
920,641
920,635
920,815
920,808
920,356
920,842
920,1056
920,848
920,126
920,753
920,1461
920,1538
164,46
164,566
164,939
164,214
164,268
164,610
164,285
164,797
164,790
164,923
164,189
164,1200
164,1190
164,1303
164,295
164,1372
164,1863
164,1855
164,1874
1564,1075
1564,1343
1564,1403
1564,1061
1564,1530
1564,2092
1564,1015
1564,472
1564,1418
1564,1519
1564,1435
1564,387
1564,388
1564,1825
1564,2079
1564,1407
1564,1265
1564,1871
1564,1843
1564,2140
1564,2110
1564,1664
1564,1960
1564,1580
1564,1918
1564,1711
1564,1676
1564,1701
1564,1713
1564,1642
1564,488
1564,1032
1564,2201
1564,1070
1564,1618
1564,1649
1564,1919
1564,2219
1564,1884
1564,2232
1564,2113
1564,2267
1564,2256
1564,1836
1564,2135
1564,2276
1564,2277
1564,482
1564,2099
1564,2292
1564,1732
1564,2260
1564,2294
1564,2152
1564,1834
1564,2136
1564,2335
1564,2181
1564,2273
1564,2220
1564,389
1564,2287
1564,2100
1564,2340
1564,2139
1564,2431
1564,2396
1564,282
1564,643
1564,2266
1564,2188
565,748
565,1966
565,947
565,1995
565,1996
565,290
565,116
565,1168
565,2145
565,2146
565,2074
565,1448
565,2168
565,1578
565,2098
565,1702
565,2227
565,428
565,2329
565,2420
565,2431
565,1605
883,540
883,1797
883,1799
883,1800
883,1801
883,1817
883,184
883,1812
883,54
883,1318
883,2091
883,2234
499,87
499,1776
499,39
499,495
499,49
499,486
499,558
499,515
499,695
499,554
499,1781
499,62
499,522
499,453
499,63
499,580
499,497
499,7
499,829
499,523
499,599
499,50
499,589
499,610
499,8
499,612
499,801
499,224
499,578
499,67
499,524
499,595
499,622
499,457
499,2031
499,653
499,627
499,308
499,620
499,793
499,505
499,205
499,525
499,99
499,1020
499,1014
499,225
499,126
499,474
499,72
499,273
499,833
499,1015
499,943
499,73
499,343
499,451
499,1089
499,344
499,402
499,1109
499,489
499,842
499,1092
499,1016
499,597
499,464
499,216
499,75
499,706
499,1123
499,1126
499,82
499,760
499,138
499,1209
499,74
499,2092
499,1538
499,476
499,1867
499,84
499,1868
499,2101
499,1373
499,843
499,465
499,378
499,1025
499,475
499,665
499,2117
499,1495
499,1387
499,77
499,477
499,2121
499,2119
499,78
499,277
499,478
499,2105
499,1598
499,514
499,2094
499,1484
499,438
499,424
499,1246
499,1656
499,2284
499,1179
499,1832
499,2356
499,2406
368,1107
368,1194
368,1859
368,376
368,971
368,1959
368,1958
368,1957
368,1372
368,1882
368,2014
368,1480
1666,1476
1666,1499
1666,1492
1666,1493
1666,1474
1666,1510
1666,1472
1666,1527
1666,1518
1666,1284
1666,1552
1666,1535
1666,1910
1666,1287
1666,1553
1666,1503
1666,1501
1666,1504
1666,1257
1666,1606
1666,1258
1666,1259
1666,1264
1666,1565
1666,1568
1666,1607
1666,1586
1666,1308
1666,1546
1666,1618
1666,1626
1666,1649
1666,1311
1666,1658
1666,1514
1666,1660
1666,1691
1666,1686
1666,1699
1666,1743
1666,2254
180,590
180,264
180,587
180,600
180,123
180,243
180,265
180,717
180,767
180,293
180,864
180,596
180,863
180,2026
180,644
180,545
180,2028
180,1125
180,633
180,903
180,1056
180,1021
180,1128
180,1234
180,302
180,345
180,1098
180,1495
180,2126
180,1078
180,1522
180,1200
180,1674
180,1122
180,2284
180,842
180,2316
180,2175
454,1975
454,758
454,508
454,698
454,724
454,551
454,552
454,292
454,669
454,1977
454,902
454,1977
454,295
454,1978
454,505
1267,90
1267,90
1267,649
1267,637
1267,724
1267,245
1267,566
1267,624
1267,778
1267,495
1267,198
1267,833
1267,554
1267,159
1267,865
1267,167
1267,879
1267,727
1267,570
1267,947
1267,912
1267,967
1267,677
1267,1004
1267,766
1267,818
1267,1050
1267,103
1267,681
1267,597
1267,1070
1267,1859
1267,1049
1267,1849
1267,378
1267,1177
1267,289
1267,288
1267,596
1267,1860
1267,930
1267,569
1267,1231
1267,1850
1267,1192
1267,1022
1267,1426
1267,1867
1267,1869
1267,1868
1267,1851
1212,1447
1212,416
1212,466
1212,1018
1212,1233
1212,1487
1212,1292
1212,1425
1212,1519
1212,1576
1212,1028
1212,1882
1212,33
1212,2079
1212,2067
1212,2095
1212,1615
1212,1652
1212,2140
1212,1656
1212,1095
1212,465
1212,1822
1212,1831
1212,2257
1212,1506
1212,1025
1212,2137
1212,2003
1212,1712
1212,35
1212,2081
1212,1730
1212,468
1212,1872
1212,1593
1212,479
1212,1832
1212,1418
1212,34
1212,1836
1212,2134
1212,1827
1212,2260
1212,2302
1212,2136
1212,428
1212,1596
1212,1507
1212,478
1212,2356
1212,469
1212,2006
1212,2365
1212,2100
1212,2193
1212,2107
1212,2406
1212,2139
1212,2138
1212,480
1212,36
1643,150
1643,750
1643,1086
1643,288
1643,808
1643,289
1643,1136
1643,390
1643,391
1643,404
1643,1449
1643,405
1643,1018
1643,1440
1643,1495
1643,2067
1643,2127
1643,1019
1643,2448
1112,289
1112,103
1112,681
1112,54
1112,116
1112,1059
1112,631
1112,344
1112,343
1112,118
1112,1873
1112,1640
820,933
820,953
820,1062
820,1058
820,1944
820,1056
820,1945
820,189
820,344
820,848
820,1194
820,273
820,2116
820,238
820,195
820,1396
820,1679
701,129
701,133
701,216
701,245
701,545
701,546
701,555
701,565
701,590
701,629
701,635
701,637
701,673
701,678
701,700
701,706
701,803
701,832
630,2030
630,2031
630,205
630,99
630,525
630,325
630,72
630,474
630,326
630,595
630,627
630,207
630,42
630,476
630,473
630,2150
584,2103
584,1208
584,1305
584,704
584,817
584,772
584,888
584,1053
584,2102
584,777
584,2013
584,1949
584,130
584,249
584,1363
584,2304
584,199
151,725
151,557
151,2452
151,43
151,247
151,547
151,242
151,550
151,291
151,262
151,152
151,494
151,723
151,838
151,674
151,695
151,672
151,966
151,889
151,1644
151,2086
151,1102
151,1927
151,1306
151,892
151,338
151,287
151,736
151,1263
151,1135
151,913
151,130
151,2027
151,1815
151,134
151,1998
151,950
151,908
151,145
151,266
151,740
151,979
151,845
151,858
151,2082
151,730
151,1490
724,1405
724,658
724,660
724,1093
724,1467
724,1256
724,1367
724,1422
724,1442
724,1470
724,1511
724,1524
724,1563
724,1308
724,1617
724,1239
724,1533
724,1561
724,387
724,1640
724,234
724,235
724,1639
724,1637
724,1702
724,1691
724,1699
724,1743
724,2186
724,2397
435,64
435,203
435,67
435,68
435,69
435,202
435,71
435,72
435,73
435,208
435,75
435,74
435,80
435,77
435,78
435,211
435,79
1624,1378
1624,1329
1624,1430
1624,1460
1624,1508
1624,1526
1624,1514
1624,1572
1624,1657
1624,1312
1624,1314
1624,1683
1624,1764
1624,1735
1624,2202
1403,1473
1403,106
1403,2002
1403,425
1403,2003
1403,2170
1403,2277
1403,2005
1403,2006
1403,2171
1403,2190
1403,2191
14,827
14,904
14,863
14,914
14,943
14,641
14,968
14,365
14,938
14,322
14,952
14,1050
14,982
14,323
14,596
14,1067
14,114
14,343
14,115
14,846
14,1963
14,1108
14,237
14,1187
14,924
14,660
14,569
14,1237
14,241
14,1056
14,1281
14,1850
14,1522
14,421
1200,2176
1200,1581
1200,387
1200,971
1200,1220
1200,1404
1200,1265
1200,1538
1200,1138
1200,1480
1200,1960
1200,416
1200,1340
1200,1386
1200,777
1200,1670
1200,1106
1200,1956
1200,1676
1200,125
1200,393
1200,2307
1200,835
1200,1065
1200,2098
1120,1361
1120,2064
1120,2065
1120,2062
1120,2016
1120,2063
1120,2060
1120,1641
1120,1640
1120,1595
1120,1667
1120,2262
1120,447
1120,1367
1120,389
1120,2352
516,737
516,151
516,709
516,68
516,560
516,667
516,1126
516,648
516,238
516,1051
516,378
516,377
516,376
516,1625
585,515
585,682
585,245
585,590
585,674
585,528
585,629
585,634
585,676
585,685
585,707
585,680
585,683
585,700
585,139
585,566
585,689
585,629
585,720
585,828
585,939
585,146
585,512
585,518
585,604
585,737
585,739
585,213
585,214
585,356
585,881
585,885
585,928
585,90
585,98
585,134
585,137
585,183
585,497
585,519
585,624
585,673
585,678
585,732
585,741
585,757
585,799
585,875
585,912
585,585
585,598
772,262
772,2039
772,2038
772,2042
772,2040
772,2043
772,2048
772,2045
772,2047
772,1822
772,2049
772,2053
772,1733
772,2051
772,2046
772,794
772,2291
772,1596
772,795
772,302
772,301
772,2054
881,791
881,796
881,672
881,686
881,833
881,834
881,554
881,542
881,572
881,267
881,356
881,174
881,1796
881,177
881,1800
881,968
881,550
881,551
881,573
881,671
881,163
881,919
881,966
881,1804
881,1803
881,200
881,44
881,1976
881,1975
881,1908
881,1099
881,1052
881,1153
881,1139
881,558
881,1778
881,639
881,653
881,487
881,1270
881,357
881,2108
881,1405
881,1380
881,387
881,1073
881,1614
1317,1109
1317,1180
1317,1407
1317,1022
1317,1548
1317,39
1317,46
1317,87
1317,90
1317,258
1317,497
1317,529
1317,554
1317,585
1317,889
1317,705
1317,737
1317,983
1317,1639
1165,356
1165,1269
1165,2149
1165,1974
1165,1975
1165,1492
1165,1977
1165,1284
1165,1552
1165,1867
1165,1868
1165,1666
1165,2105
1165,2150
1165,430
254,324
254,2027
254,2023
254,2024
254,1005
254,1101
254,336
254,776
254,971
254,1111
254,974
254,1204
254,842
254,925
254,1070
254,658
254,1181
254,1220
254,1048
254,1226
254,1278
254,1319
254,1302
254,86
254,1303
254,1323
254,864
254,1092
254,402
254,505
254,1254
254,1299
254,1346
254,1390
254,1389
254,1380
254,823
254,1406
254,1445
254,1479
254,1235
254,1385
254,1570
254,1484
254,482
254,1081
254,1604
254,1659
254,1669
254,422
254,1685
254,1876
254,2210
254,2336
1399,589
1399,840
1399,599
1399,945
1399,619
1399,290
1399,890
1399,103
1399,681
1399,621
1399,646
1399,520
1399,532
1399,122
1399,333
1399,452
1399,1218
1399,1023
1399,533
1399,1873
1399,2012
1399,473
1399,1250
1399,82
1399,334
1399,1426
1399,2109
1399,1870
1399,424
1399,651
1399,1465
1399,425
1399,616
1399,617
1399,2110
1399,1402
1399,1602
1399,2098
1399,1685
1399,1556
1399,1704
1399,1025
1399,665
1399,2097
1399,2203
1399,521
1399,1872
1399,620
1399,2016
1399,2099
1399,81
1399,2287
1399,1867
1399,1868
1399,2100
1399,1208
1399,1305
1399,2288
1399,427
1399,2390
1399,2190
1399,429
1399,2112
33,573
33,132
33,671
33,163
33,919
33,145
33,151
33,177
33,1974
33,1975
33,1976
33,1977
33,1977
33,557
33,560
33,2452
33,561
33,135
33,861
33,639
33,558
33,1778
33,652
1295,1447
1295,1585
1295,1627
1295,1615
1295,1660
1295,437
1295,1578
1295,1675
1295,1710
1295,1714
1295,1716
1295,1724
1295,1712
1295,1912
1295,1734
1295,1738
1295,1720
1295,2207
1295,1738
1295,1749
1295,1752
1295,1698
1295,1317
1295,1764
1295,1761
1295,2200
1295,2222
1295,2218
1295,1757
1295,2437
1295,2249
1295,1913
1295,2246
1295,2240
1295,1922
1295,2447
1295,2248
1295,1772
1295,2272
1295,2289
1295,2304
1295,2295
1295,2306
1295,2196
1295,1914
1295,2186
1295,2229
1295,2317
1295,2325
1295,2347
1295,2332
1295,2354
1295,1923
1295,2363
1295,2386
1295,1915
1295,2448
1295,2264
1295,2392
1295,2383
1295,2415
1295,2390
1295,2344
170,560
170,2452
170,547
170,561
170,135
170,861
170,550
170,551
170,552
170,556
170,573
170,132
170,802
170,966
170,145
170,151
170,165
170,177
170,508
170,278
170,1061
170,307
170,856
170,1977
170,742
170,768
170,747
170,902
170,975
170,1112
170,915
170,1978
170,2017
170,2018
170,2019
170,889
170,355
170,1142
170,1148
170,1149
170,1195
170,175
170,354
170,356
170,782
170,805
170,822
170,42
170,1043
170,1332
170,107
170,304
170,108
170,1401
170,1428
170,1925
170,1437
170,1438
170,1075
170,663
170,1793
170,197
170,329
170,1542
170,1586
170,1288
170,1618
170,1389
170,1429
170,1628
170,2110
170,1682
170,1912
170,2075
170,309
170,2145
170,2146
1006,1876
1006,2205
1006,2170
1006,2233
1006,1256
1006,2267
1006,2227
1006,432
1006,2238
1006,2275
1006,2320
1006,2327
1006,2329
1006,2336
1006,2352
1006,2346
1006,2357
1006,1884
1006,1039
1006,1212
1006,389
1006,440
1006,2393
1006,433
1006,2416
1006,1904
1006,2171
1006,2413
1006,2427
1006,1901
1006,1888
1006,1907
486,1198
486,1620
486,1653
486,1313
486,1686
486,1714
486,1316
486,1744
486,1749
486,1761
486,2208
486,2218
486,2226
486,2236
486,2240
486,2252
486,2243
486,1823
486,2303
486,2331
486,2338
486,2351
486,2194
486,2364
486,2369
486,2389
486,2394
486,2370
486,2368
486,2184
486,2412
486,1891
390,1503
390,1501
390,1504
390,1259
390,1258
390,1275
390,1442
390,1470
390,1493
390,1527
390,1626
390,1658
390,1691
390,1699
390,1743
390,2206
390,2254
390,2258
129,824
129,350
129,881
129,863
129,678
129,707
129,720
129,732
129,799
129,914
129,566
129,934
129,183
129,1817
129,351
129,356
129,103
129,681
129,1070
129,1818
129,1180
129,236
129,1139
129,911
129,116
129,279
129,624
129,748
129,937
129,14
129,147
129,264
129,287
129,360
129,542
129,596
129,674
129,719
129,728
129,746
129,831
129,865
129,904
129,947
129,950
129,1004
129,1003
129,1110
129,959
129,1983
129,1819
129,229
129,245
129,952
129,418
129,1994
129,1839
129,1842
129,1165
129,680
129,658
129,1299
1575,517
1575,744
1575,610
1575,733
1575,265
1575,637
1575,123
1575,129
1575,593
1575,635
1575,641
1575,640
1575,769
1575,779
1575,812
1575,124
1575,119
1575,121
1575,904
1575,1003
1575,190
1575,2061
1575,1165
1575,1256
1575,869
1575,1276
1575,1326
1575,1321
1575,1098
1575,1022
1575,2352
1575,2334
830,516
830,589
830,755
830,840
830,294
830,356
830,942
830,273
830,947
830,596
830,1815
830,1816
830,1119
830,956
830,82
830,994
830,1022
830,360
830,1156
830,2183
830,405
830,2437
830,1083
830,1548
830,423
830,2442
332,139
332,529
332,1774
332,1781
332,127
332,133
332,584
332,1951
332,90
332,228
332,733
332,1779
332,741
332,672
332,1952
332,249
332,215
332,741
332,223
332,1969
332,1970
332,1972
332,864
332,1815
332,777
332,358
332,788
332,107
332,89
332,91
332,359
332,41
332,942
332,41
332,483
332,484
332,486
332,454
332,455
332,2007
332,1816
332,108
332,493
332,100
332,101
332,1146
332,1945
332,456
332,104
332,780
332,393
332,452
332,105
332,473
332,1870
332,87
332,1418
332,1652
332,1587
332,1690
332,2260
332,2136
332,1507
332,2189
1077,174
1077,880
1077,7
1077,1798
1077,1801
1077,1799
1077,1800
1077,667
1077,703
1077,15
1077,16
1077,17
1077,1804
1077,1796
1077,1966
1077,1967
271,1134
271,2033
271,2034
271,2032
271,2035
271,2036
271,2039
271,2038
271,2042
271,2041
271,2040
271,2043
271,2048
271,2045
271,2044
271,2047
271,1822
271,2049
271,2053
271,2051
271,2050
271,1591
271,2193
271,2037
799,238
799,2103
799,1485
799,194
799,1329
799,1787
799,2102
799,1350
799,1352
799,1348
799,1863
799,1375
799,195
799,1392
799,1097
799,2143
799,2082
799,1403
799,1477
799,1343
799,1265
799,1948
799,1456
799,1461
799,1283
799,844
799,1284
799,1846
799,1285
799,1539
799,1287
799,1425
799,1526
799,1010
799,1135
799,392
799,1586
799,1052
799,1153
799,33
799,1618
799,1627
799,2091
799,1141
799,1411
799,148
799,1310
799,1649
799,1608
799,1228
799,1657
799,1675
799,1556
799,1690
799,1707
799,1723
799,1728
799,1424
799,1716
799,2207
799,1739
799,1735
799,2213
799,1683
799,2236
799,1557
799,1771
799,1833
799,2281
799,2221
799,2293
799,2328
799,2324
799,2346
799,2348
799,2368
799,2378
799,2384
799,2392
799,1299
799,2396
799,2407
799,2411
799,2340
799,2341
799,2418
799,2419
799,2415
799,2029
799,2428
799,2435
799,1890
799,1902
799,1896
1043,1933
1043,1934
1043,12
1043,13
1043,797
1043,356
1043,108
1043,355
1043,590
1043,708
1043,749
1043,842
1043,826
1043,812
1043,2011
1043,994
1043,1172
1043,628
1043,595
1043,627
1043,237
1043,1021
1043,965
1043,2010
1043,596
1043,42
1043,1092
1043,2013
1043,1051
1043,1447
1043,937
1043,1022
1043,2012
1043,238
1043,597
1043,309
1043,310
1043,311
1043,1865
1043,20
1043,2141
1043,2009
1043,2155
1043,1274
1043,1095
1043,1885
1043,2014
1043,1096
1043,2184
1043,1366
1043,2140
1043,1530
1043,1425
1043,2015
1043,1506
1043,2185
1043,2137
1043,2176
1043,1097
1043,2143
1043,2135
1043,2105
1043,2186
1043,2016
1043,447
1043,2187
1043,2107
1043,448
1241,495
1241,499
1241,39
1241,199
1241,555
1241,1
1241,87
1241,129
1241,635
1241,590
1241,610
1241,714
1241,640
1241,221
1241,250
1241,453
1241,273
1241,2017
1241,965
1241,339
1241,343
1241,1108
1241,1119
1241,633
1241,627
1241,2115
1241,1246
1241,1322
1241,316
1241,1022
1241,32
1241,31
1241,33
1241,319
1145,1550
1145,1636
1145,1647
1145,1718
1145,1731
1145,1643
1145,1762
1145,1763
1145,1741
1145,1742
1145,2307
1145,2308
1145,2309
1145,2310
1145,2311
1145,2312
1145,2313
1145,2314
1145,2315
1145,2421
1145,2403
1145,2404
1145,1921
1145,2405
1145,2426
1145,2425
237,715
237,600
237,716
237,1777
237,734
237,1775
237,2217
237,1011
237,260
237,487
237,722
237,792
237,761
237,677
237,453
237,797
237,851
237,857
237,865
237,313
237,853
237,1020
237,185
237,570
237,979
237,845
1147,11
1147,453
1147,456
1147,496
1147,495
1147,105
1147,493
1147,707
1147,720
1147,732
1147,761
1147,792
1147,854
1147,947
1147,958
1147,1044
1147,1210
1147,1818
1147,464
1147,559
13,1256
13,1845
13,1272
13,1279
13,1324
13,1361
13,405
13,2168
13,1511
13,1564
13,1576
13,26
13,1622
13,2095
13,1654
13,1589
13,1640
13,1711
13,439
13,1767
13,2170
13,2284
13,2365
13,2390
13,440
13,2422
997,593
997,630
997,714
997,731
997,832
997,111
997,199
997,816
997,596
997,930
997,904
997,973
997,279
997,455
997,597
997,280
997,281
997,282
997,1003
997,994
997,14
997,607
997,1051
997,614
997,1056
997,1122
997,133
997,1147
997,1165
997,633
997,458
997,456
997,625
997,1176
997,575
997,626
997,965
997,1015
997,1194
997,1256
997,1108
997,1021
997,1367
997,1844
997,2118
997,1398
997,1396
997,1161
997,666
997,697
997,769
997,1495
997,1522
997,488
997,314
997,2093
997,1078
997,1373
997,1667
997,1679
997,2122
997,459
997,1303
997,1641
997,1640
997,1022
997,848
997,2357
997,2352
997,2334
997,2262
1393,1102
1393,1927
1393,549
1393,1776
1393,679
1393,661
1393,650
1393,655
1393,656
1393,558
1393,1778
1393,639
1393,653
1393,1966
1393,1967
1393,1968
1393,1977
1393,1977
1393,1978
1393,1979
1393,1980
1393,663
1393,659
1393,60
1393,1091
1393,849
1393,2032
1393,2038
1393,1075
1393,1981
1393,1073
1393,1928
1393,821
1393,904
1393,1003
1393,1433
1393,1454
1393,1490
1393,1521
1393,1605
1393,1982
1393,1976
1393,1389
1393,1457
1393,1080
1393,1859
1393,1860
1393,2106
1393,673
1393,700
1393,883
1393,277
1393,2119
1393,2121
1393,2117
1393,132
1393,2079
1393,638
1393,2209
1393,1694
1393,2380
1393,1094
556,755
556,485
556,769
556,779
556,134
556,666
556,601
556,830
556,829
556,994
556,1945
556,1946
556,1947
556,109
556,139
556,378
556,515
556,555
556,565
556,580
556,587
556,590
556,610
556,630
556,1938
556,1934
556,1936
556,1935
556,66
556,2012
556,1863
556,1366
556,2158
556,1418
556,1084
556,2163
556,1634
556,2165
687,682
687,680
687,12
687,292
687,629
687,720
687,264
687,496
687,690
687,732
687,214
687,512
687,90
687,590
687,1951
687,265
687,593
687,739
687,1975
687,556
687,573
687,132
687,671
687,163
687,249
687,808
687,1952
687,166
687,272
687,91
687,175
687,355
687,50
687,217
687,1774
687,228
687,1779
687,1784
687,1785
687,2020
687,354
687,258
687,259
687,257
687,1792
687,1794
687,802
687,832
687,815
687,884
687,287
687,288
687,289
687,266
687,267
687,457
687,2023
687,2024
687,2025
687,2026
687,1123
687,1798
687,885
687,2027
687,900
687,1799
687,610
687,634
687,1817
687,1803
687,708
687,749
687,894
687,557
687,2452
687,561
687,560
687,135
687,861
687,919
687,1818
687,2007
687,307
687,2021
687,1126
687,359
687,975
687,1112
687,1966
687,1967
687,152
687,494
687,153
687,145
687,151
687,165
687,177
687,1968
687,103
687,681
687,2022
687,571
687,747
687,1318
687,278
687,303
687,1950
687,1866
687,230
687,231
687,232
687,399
687,400
687,360
687,553
687,1771
687,2350
687,1807
687,1808
687,1809
687,1810
687,1811
530,2154
530,2118
530,2013
530,2176
530,1407
530,1916
530,1864
530,1870
530,1363
530,417
530,1079
530,1519
530,2014
530,1853
530,1844
530,343
530,889
530,1871
530,2122
530,833
530,2110
530,1084
530,1918
530,59
530,2111
530,368
530,1872
530,1536
530,1664
530,2168
530,2170
530,2186
530,2284
530,1920
530,2357
530,447
530,2187
530,2361
530,2273
530,2265
530,2265
530,2171
530,2433
530,389
530,2188
651,2032
651,2172
651,2035
651,2036
651,2039
651,2173
651,2038
651,2041
651,2040
651,2043
651,2048
651,2045
651,2044
651,2046
651,2047
651,2174
651,1822
651,2049
651,2051
651,2050
651,1591
651,1596
651,2052
651,2193
140,705
140,90
140,515
140,743
140,593
140,666
140,697
140,769
140,600
140,249
140,724
140,601
140,287
140,288
140,615
140,571
1441,659
1441,1205
1441,309
1441,906
1441,312
1441,1221
1441,892
1441,1208
1441,1301
1441,1305
1441,1949
1441,2145
1441,2146
1441,1138
1441,1215
1441,2147
1441,1335
1441,1293
1441,1333
1441,1091
1441,1362
1441,1352
1441,2144
1441,1378
1441,1857
1441,1398
1441,2143
1441,380
1441,1097
1441,1413
1441,1041
1441,1042
1441,1175
1441,1446
1441,416
1441,1460
1441,1022
1441,2142
1441,1480
1441,1155
1441,1532
1441,2168
1441,1494
1441,1865
1441,2141
1441,1868
1441,1856
1441,1579
1441,1095
1441,2183
1441,1096
1441,2014
1441,2184
1441,1612
1441,1622
1441,1276
1441,2140
1441,1824
1441,2169
1441,1619
1441,2015
1441,1447
1441,1506
1441,2137
1441,2185
1441,1960
1441,1714
1441,1701
1441,1712
1441,1985
1441,1755
1441,1700
1441,2201
1441,2135
1441,2212
1441,1986
1441,2279
1441,2105
1441,2151
1441,1987
1441,2016
1441,2204
1441,2186
1441,444
1441,2134
1441,1827
1441,2301
1441,2323
1441,2136
1441,1507
1441,2366
1441,2359
1441,447
1441,449
1441,2379
1441,2386
1441,2187
1441,1988
1441,2107
1441,445
1441,450
1441,2139
1441,2138
1441,1899
1441,1989
1441,2188
1441,448
1627,305
1627,1953
1627,458
1627,1954
1627,1955
1627,1142
1627,1148
1627,325
1627,326
1627,1188
1627,1140
1627,167
1627,879
1627,2082
1627,383
1627,384
1627,2074
1627,1925
1627,2077
1627,2075
1627,1926
1627,2079
1627,2076
1627,130
1627,249
558,1972
558,298
558,842
558,800
558,288
558,289
558,180
558,1788
558,1789
558,893
558,944
558,1792
558,1798
558,1794
558,918
558,2027
558,920
558,183
558,585
558,497
558,594
558,497
558,598
558,599
558,707
558,885
558,984
558,322
558,759
558,944
558,323
558,1818
558,1163
558,1254
558,761
1442,452
1442,1184
1442,1204
1442,1227
1442,2443
1442,1181
1442,1243
1442,1269
1442,1323
1442,1355
1442,1394
1442,1542
1442,1909
1442,1552
1442,1448
1442,55
1442,387
1442,1610
1442,2279
1442,1693
1442,1711
1442,2267
1442,1615
1442,2335
1523,64
1523,203
1523,67
1523,68
1523,69
1523,202
1523,70
1523,71
1523,72
1523,73
1523,208
1523,74
1523,210
1523,80
1523,77
1523,78
1523,211
1523,79
52,708
52,283
52,616
52,285
52,617
52,771
52,286
52,800
52,110
52,899
52,596
52,903
52,842
52,812
52,936
52,651
52,1959
52,613
52,1109
52,1119
52,2104
52,994
52,1996
52,1859
52,1127
52,779
52,1229
52,238
52,971
52,490
52,1015
52,40
52,2106
52,335
52,82
52,1022
52,1018
52,1017
52,83
52,1495
52,1083
52,1755
52,1019
748,555
748,565
748,245
748,264
748,722
748,495
748,590
748,674
748,708
748,261
748,493
748,583
748,582
748,604
748,775
748,751
748,739
748,624
748,16
748,753
748,617
748,767
748,771
748,804
748,601
748,630
748,842
748,614
748,606
977,1434
977,1508
977,1488
977,1546
977,1526
977,1649
977,1578
977,1698
977,1757
977,2249
977,2223
977,2447
977,2229
977,2326
977,2350
977,2332
977,2194
977,2372
977,2363
977,2383
977,1900
977,1903
264,46
264,87
264,109
264,554
264,616
264,716
264,1974
264,47
264,529
264,741
264,757
264,225
264,175
264,808
264,177
264,354
264,894
264,356
264,356
334,135
334,151
334,165
334,179
334,260
334,356
334,561
334,560
334,668
334,720
334,732
334,786
334,799
334,861
334,1800
334,132
334,556
334,573
334,671
334,678
334,919
334,944
334,1150
334,1238
201,313
201,842
201,866
201,365
201,860
201,920
201,851
201,925
201,570
201,946
201,977
201,1050
201,1045
201,846
201,1104
201,1120
201,1963
201,1115
201,939
201,1147
201,1138
201,1964
201,273
201,813
201,867
201,999
201,1164
201,712
201,865
201,1038
201,1849
201,308
201,1965
201,216
201,677
201,104
201,452
201,1214
201,1111
201,1157
201,1866
201,1950
201,1236
201,1191
201,1237
201,367
201,1161
201,850
201,289
201,288
201,138
201,128
201,965
201,42
201,1929
201,1251
201,1269
201,1355
201,1850
201,1190
201,1303
201,1344
201,1931
201,408
201,1322
201,788
201,1403
201,942
201,1381
201,1416
201,1451
201,1379
201,295
201,971
201,1220
201,1445
201,471
201,1500
201,1869
201,569
201,1449
201,1412
201,1552
201,1554
201,1205
201,1221
201,1562
201,1856
201,2117
201,387
201,314
201,1519
201,1825
201,1615
201,349
201,1826
201,1848
201,470
201,47
201,48
201,41
201,1851
201,1677
201,1556
201,714
201,1690
201,1852
201,1687
201,2129
201,997
201,1884
201,2199
201,1274
201,2267
201,1099
201,2280
201,398
201,1862
201,318
201,81
201,317
201,438
201,482
201,1930
201,466
201,424
201,2364
201,2378
201,319
201,468
201,446
201,2396
201,2178
201,2420
201,2333
201,2346
201,1155
201,1532
201,1740
201,1579
201,1899
201,1888
169,704
169,383
169,1062
169,360
169,87
169,826
169,864
169,994
169,1045
169,590
169,384
169,1274
169,230
169,1190
169,1303
169,1344
1271,881
1271,150
1271,454
1271,961
1271,931
1271,101
1271,504
1271,962
1271,1034
1271,602
1271,985
1271,1035
1271,1044
1271,2060
1271,102
1271,1045
1271,887
1271,988
1271,1101
1271,971
1271,375
1271,1121
1271,977
1271,1818
1271,1116
1271,1945
1271,1137
1271,1138
1271,1622
668,1069
668,532
668,647
668,1159
668,662
668,1194
668,633
668,1240
668,1021
668,1098
668,1548
668,1583
668,533
668,343
668,1756
668,1100
231,649
231,624
231,637
231,617
231,666
231,767
231,760
231,636
231,778
231,812
231,119
231,289
231,193
231,903
231,771
231,948
231,352
231,1044
231,338
231,1056
231,305
231,309
231,520
231,1964
231,1042
231,325
231,848
231,311
231,1210
231,1839
231,238
231,312
231,1175
231,1281
231,1324
1031,938
1031,1974
1031,597
1031,994
1031,1058
1031,103
1031,681
1031,1056
1031,2017
1031,116
1031,1040
1031,1248
1031,1790
1031,2011
1031,376
1031,1342
1031,1371
1031,2183
1031,1544
1031,976
1031,1095
1031,1600
1031,2097
1031,2201
1505,392
1505,228
1505,412
1505,411
1505,1774
1505,1779
1505,1784
1505,1785
1505,1783
1505,2008
1505,2007
1505,1536
1092,1048
1092,1204
1092,1226
1092,1304
1092,925
1092,1104
1092,1236
1092,1451
1092,1512
1092,1746
1092,1455
1092,1568
60,1477
60,1416
60,1497
60,1436
60,1500
60,1499
60,1285
60,1284
60,1415
60,1517
60,1291
60,1540
60,1581
60,230
60,1586
60,231
60,232
60,399
60,400
60,1618
60,1649
60,1563
60,1629
60,1660
60,1769
60,1661
60,1680
60,372
60,1676
60,1825
60,1826
60,1536
60,1616
60,1664
60,521
60,2219
60,1737
60,2256
60,1327
60,1383
60,1441
60,1554
60,1556
60,1557
60,1141
60,1411
60,1558
60,81
60,2378
60,1833
60,1722
257,1045
257,1868
257,1022
257,1867
257,1544
257,1229
257,424
257,1519
257,1347
257,1882
257,1598
257,2110
257,2105
389,729
389,343
389,360
389,566
389,604
389,606
389,605
389,635
389,641
389,1056
389,933
389,1396
389,1417
389,1441
389,666
389,1029
389,1018
389,1176
389,1480
389,1495
389,1511
389,1528
389,1078
389,1576
389,1667
389,1679
389,714
389,1755
389,1768
389,1019
389,2259
389,1083
389,2352
389,2334
389,2397
389,2423
109,154
109,157
109,158
109,164
109,222
109,361
109,1977
109,362
109,902
109,1047
109,1979
109,1133
109,2089
109,52
109,53
109,2090
109,2086
109,1982
1062,317
1062,2093
1062,1615
1062,465
1062,1544
1062,821
1062,904
1062,2122
1062,1471
1062,1165
1062,1704
1062,1882
1062,2096
1062,2098
1062,2097
1062,2120
1062,842
1062,426
1062,1452
1062,2123
1062,1018
1062,1829
1062,318
1062,1077
1062,438
1062,1703
1062,1830
1062,2413
1062,2071
1062,2072
331,585
331,3
331,4
331,258
331,257
331,88
331,641
331,265
331,133
331,91
331,13
331,360
331,1129
331,1945
331,618
331,1212
331,1015
44,979
44,845
44,906
44,946
44,977
44,984
44,996
44,872
44,789
44,956
44,716
44,750
44,808
44,1035
44,1939
44,1940
44,290
44,994
44,1941
44,959
44,761
44,792
44,854
44,958
44,1044
44,1942
44,631
44,892
44,102
44,1943
44,1007
44,1944
44,568
44,693
44,1045
44,1058
44,1937
44,1121
44,600
44,839
44,937
44,1130
44,1124
44,1118
44,1116
44,1145
44,1162
44,1166
44,493
44,104
44,1179
44,1184
44,1199
44,1163
44,1174
44,1181
44,1201
44,1219
44,971
44,1220
44,1240
44,1224
44,1291
44,1289
44,1278
44,105
44,2153
44,1323
44,1945
44,2073
44,1492
44,535
44,1356
44,1040
44,1274
44,1366
44,1530
44,1552
44,1486
44,387
44,2160
44,1081
44,1589
44,536
44,1614
44,1878
44,1879
44,2105
44,2151
44,601
44,615
44,1592
44,1836
44,514
44,1306
44,1594
44,403
44,2165
44,2166
44,2167
345,1460
345,1476
345,1472
345,1539
345,1491
345,1352
345,1329
345,1378
345,1310
345,1649
345,422
345,1661
345,1982
345,1075
345,1080
345,1740
345,1861
345,1603
345,1604
345,1611
345,1659
345,2210
345,2129
345,2130
345,444
345,638
345,2367
345,195
345,1899
345,1094
272,852
272,1374
272,507
272,744
272,825
272,925
272,101
272,260
272,786
272,1034
272,677
272,766
272,818
272,1050
272,1104
272,1120
272,1237
272,1236
272,1320
126,1949
126,633
126,595
126,627
126,378
126,2154
126,2155
126,2156
126,1444
126,1022
126,1468
126,2157
126,1479
126,2011
126,2158
126,1854
126,2159
126,2160
126,1600
126,2161
126,1745
126,2162
1151,1066
1151,1230
1151,980
1151,1036
1151,1046
1151,1221
1151,1949
1151,1228
1151,710
1151,1388
1151,1448
1151,1119
1151,1985
1151,1981
1364,1447
1364,1842
1364,1389
1364,1457
1364,1444
1364,1022
1364,1440
1364,1482
1364,1449
1364,1231
1364,1870
1364,1085
1364,1082
1364,659
1364,1080
1364,649
769,147
769,876
769,1278
769,1193
769,1434
769,1420
769,1514
769,1518
769,1453
769,2148
769,1582
769,1465
769,1601
769,1769
1706,1876
1706,1580
1706,1095
1706,1096
1706,1506
1706,1695
1706,2137
1706,414
1706,475
1706,1487
1706,25
1706,1760
1706,2097
1706,1032
1706,1883
1706,507
1706,2065
1706,2064
1706,1678
1706,1613
1706,2170
1706,2262
1706,438
1706,2092
1706,2134
1706,478
1706,2136
1706,2093
1706,2178
1706,2192
1706,1897
1235,1826
1235,1550
1235,1636
1235,1647
1235,1731
1235,1643
1235,1762
1235,1763
1235,1741
1235,1742
1235,2307
1235,1833
1235,2308
1235,2309
1235,2310
1235,2311
1235,2312
1235,2313
1235,2314
1235,2315
1235,2059
1235,2403
1235,2404
1235,2405
61,172
61,797
61,457
61,1123
61,812
61,313
61,868
61,181
61,780
61,2027
61,899
61,101
61,953
61,927
61,948
61,316
61,1044
61,277
61,507
61,505
61,1147
61,1138
61,314
61,274
61,1033
61,889
61,378
61,315
61,1197
61,1477
61,1493
61,1308
61,1715
61,2251
310,224
310,2117
310,1303
310,191
310,22
310,195
310,2119
310,1072
310,2121
310,2091
310,277
310,2234
310,1835
1607,215
1607,2161
1607,2155
1607,1949
1607,1366
1607,1383
1607,1673
1607,1690
1607,1486
1607,1555
1607,955
1607,1537
1607,2162
1607,1758
1607,481
1607,2212
1607,2163
1607,2165
741,292
741,803
741,815
741,820
741,539
741,712
741,807
741,7
741,615
741,17
741,111
741,854
741,761
741,860
741,350
741,642
741,1969
741,885
741,898
741,454
741,453
741,1156
741,187
741,260
741,786
1064,277
1064,1051
1064,192
1064,621
1064,610
1064,612
1064,1122
1064,273
1064,585
1064,753
1064,115
1064,633
1064,189
1064,1056
1064,456
1064,628
1064,2116
1064,1014
1064,92
1064,2115
1064,541
1064,1015
1064,191
1064,187
1064,149
1064,2011
1064,539
1064,1021
1064,194
1064,193
1064,1016
1064,195
1064,2121
1064,1022
1064,1537
1064,1548
1064,1564
1064,2185
1064,1703
1064,2186
1064,408
768,300
768,299
768,320
768,802
768,882
768,940
768,998
768,1974
768,1816
768,1815
768,643
768,651
768,336
768,1018
1470,681
1470,357
1470,299
1470,300
1470,320
1470,321
1470,452
1470,1053
1470,969
1470,1932
1470,2102
1470,2108
1470,2153
1470,1863
1470,288
1470,289
1470,1873
1635,270
1635,44
1635,57
1635,740
1635,154
1635,156
1635,155
1635,157
1635,158
1635,164
1635,222
1635,203
1635,67
1635,361
1635,68
1635,69
1635,304
1635,362
1635,204
1635,73
1635,207
1635,209
1635,74
1635,76
814,1797
814,885
814,1798
814,778
814,361
814,1796
814,943
814,968
814,362
814,115
814,843
814,1812
814,2086
814,2087
814,29
814,2451
814,76
37,369
37,644
37,689
37,616
37,566
37,12
37,712
37,720
37,939
37,722
37,94
37,600
37,213
37,604
37,271
37,109
37,287
37,559
37,1886
37,624
37,755
37,771
37,255
37,691
37,799
37,289
37,570
37,382
37,309
37,310
37,116
37,311
37,312
37,1824
37,414
37,2138
451,1181
451,1184
451,660
451,1193
451,1227
451,1839
451,1041
451,1243
451,1260
451,1175
451,1252
451,1269
451,1263
451,1251
451,1278
451,1298
451,1294
451,1281
451,1299
451,352
451,1326
451,1323
451,1325
451,2106
451,390
451,1327
451,1333
451,391
451,1346
451,404
451,1348
451,1341
451,1350
451,2012
451,1463
451,1357
451,1359
451,2118
451,1383
451,1423
451,1394
451,1380
451,1397
451,1409
451,1406
451,1408
451,1431
451,2013
451,1443
451,1994
451,2176
451,413
451,76
451,1441
451,1461
451,419
451,1542
451,1468
451,1869
451,1479
451,1492
451,1235
451,1480
451,1502
451,1494
451,1514
451,1517
451,1524
451,1854
451,1522
451,1523
451,1481
451,1554
451,329
451,1551
451,1562
451,1536
451,1559
451,1570
451,406
451,1574
451,55
451,1567
451,1586
451,1288
451,1585
451,1563
451,1573
451,1421
451,1309
451,2079
451,1610
451,1609
451,2067
451,1627
451,1825
451,409
451,1620
451,1616
451,1617
451,1622
451,1615
451,1623
451,1566
451,1632
451,1630
451,1629
451,1621
451,1624
451,1826
451,1649
451,1589
451,2127
451,1038
451,1650
451,1311
451,1657
451,56
451,1661
451,1646
451,1664
451,1669
451,437
451,1831
451,1672
451,1312
451,1673
451,1031
451,1686
451,1693
451,1314
451,1556
451,1665
451,1697
451,1688
451,2078
451,1315
451,1676
451,434
451,1838
451,1711
451,1708
451,1707
451,475
451,1709
451,2128
451,439
451,1715
451,1991
451,1712
451,1720
451,1912
451,1721
451,2251
451,1744
451,1745
451,1729
451,1755
451,1758
451,1766
451,2197
451,144
451,1751
451,2203
451,2205
451,2201
451,1750
451,2123
451,1671
451,1768
451,468
451,2212
451,2220
451,2208
451,1557
451,2230
451,467
451,2279
451,1613
451,1833
451,442
451,2243
451,2237
451,2263
451,2255
451,2261
451,2267
451,1592
451,1770
451,2268
451,2281
451,2304
451,2262
451,2175
451,2289
451,2270
451,444
451,2295
451,2296
451,435
451,2305
451,2292
451,1914
451,2294
451,2318
451,2302
451,2298
451,2152
451,1837
451,2083
451,2330
451,2336
451,2278
451,2328
451,2347
451,1558
451,381
451,1920
451,2353
451,2357
451,2149
451,2368
451,469
451,2359
451,2337
451,443
451,389
451,447
451,2373
451,2386
451,2389
451,2103
451,440
451,2384
451,2370
451,2150
451,2189
451,407
451,2396
451,2401
451,2192
451,1835
451,2387
451,415
451,2340
451,2411
451,450
451,1906
451,441
451,2412
451,2390
451,2422
451,2430
451,2410
451,2431
451,2343
451,2344
451,2435
451,1891
451,2427
451,2195
451,1893
451,2434
451,1901
451,1921
451,1900
451,1888
451,2379
451,2345
451,1902
451,480
451,2414
451,448
3,90
3,992
3,799
3,989
3,905
3,601
3,898
3,1817
3,941
3,602
3,975
3,962
3,993
3,607
3,102
3,1818
3,625
3,1112
3,1120
3,1138
3,1131
3,626
3,1215
3,382
3,1163
3,1188
3,1212
3,850
3,1013
3,1338
3,103
3,681
3,471
4,590
4,369
4,707
4,46
4,689
4,261
4,629
4,5
4,629
4,12
4,94
4,250
4,644
4,737
4,724
4,145
4,11
4,1951
4,1784
4,527
4,733
4,578
4,774
4,641
4,767
4,769
4,485
4,777
4,287
4,288
4,112
4,989
4,249
4,815
4,852
4,800
4,779
4,788
4,859
4,2020
4,864
4,354
4,281
4,842
4,289
4,891
4,1001
4,925
4,870
4,1034
4,979
4,845
4,994
4,1045
4,327
4,1101
4,1068
4,971
4,1051
4,1105
4,343
4,1157
4,1021
4,1098
4,1550
1034,1935
1034,888
1034,1948
1034,1274
1034,1949
1034,1938
1034,2153
1034,2154
1034,1366
1034,2155
1034,2156
1034,1533
943,370
943,371
943,15
943,119
943,1972
943,864
943,17
943,842
943,529
943,1996
943,1995
943,967
943,949
943,185
943,780
943,2068
943,1002
943,1174
910,714
910,994
910,277
910,2239
910,15
910,1254
910,12
910,495
910,2121
910,842
910,2446
910,2117
910,1022
910,376
910,580
910,40
654,626
654,1168
654,1860
654,1859
654,1188
654,1140
654,1998
654,1486
654,1555
654,1766
654,1671
654,1386
654,1732
654,2275
654,2013
654,2125
654,443
654,2175
654,924
654,2413
1503,657
1503,22
1503,611
1503,453
1503,454
1503,897
1503,16
1503,1045
1503,631
1503,245
1503,566
1503,624
1503,1010
1503,596
1503,597
1503,566
1503,87
1503,90
1503,90
1503,590
1503,356
1503,843
1503,555
1503,630
1503,947
1503,1004
1503,565
1503,2114
1503,1139
1503,1147
1503,633
1503,2062
1503,1136
1503,308
1503,1127
1503,1161
1503,948
1503,1267
1503,971
1503,1200
1503,592
1503,1787
1503,376
1503,1182
1503,1228
1503,378
1503,1017
1503,1932
1503,1933
1503,1014
1503,1015
1503,938
1503,1246
1503,1934
1503,1282
1503,1292
1503,390
1,789
1,557
1,2452
1,880
1,550
1,247
1,896
1,177
1,839
1,1977
1,551
1,552
1,556
1,573
1,671
1,163
1,135
1,2027
1,678
1,707
1,549
1,720
1,732
1,799
1,885
1,1817
1,1818
1,725
1,1194
1,659
1,1051
1,1270
1,1280
1,1307
1,1091
1,1372
1,335
1,1456
1,887
1,1517
1,1073
1,638
46,417
46,1551
46,424
46,420
46,1617
46,1566
46,425
46,1670
46,1402
46,1312
46,1685
46,1314
46,1084
46,1416
46,1497
46,1500
46,1499
46,1436
46,1693
518,148
518,507
518,1775
518,2217
518,590
518,192
518,702
518,1957
518,701
518,744
518,604
518,515
518,690
518,600
518,784
518,825
518,601
518,852
846,1193
846,1214
846,1230
846,1237
846,1243
846,1184
846,1251
846,1007
846,1323
846,1329
846,1339
846,1349
846,1358
846,1401
846,1393
846,1416
846,1284
846,1851
846,2249
1354,246
1354,293
1354,790
1354,630
1354,507
1354,744
1354,825
1354,86
1354,784
1354,493
1354,852
1354,780
1354,762
1354,134
1354,137
1354,139
1354,260
1354,801
1354,127
1354,227
1354,690
1354,789
1354,819
1354,1932
1354,1933
1354,632
1354,987
1354,245
1354,287
1354,288
1354,294
1354,835
1354,483
1354,484
1354,486
1354,714
1354,872
1354,864
1354,839
1354,100
1354,858
1354,313
1354,541
1354,772
1354,755
1354,862
1354,878
1354,823
1354,767
1354,887
1354,698
1354,1374
1354,906
1354,925
1354,600
1354,931
1354,877
1354,870
1354,949
1354,754
1354,101
1354,903
1354,726
1354,953
1354,587
1354,962
1354,125
1354,610
1354,936
1354,1034
1354,2030
1354,930
1354,975
1354,950
1354,979
1354,845
1354,1005
1354,1035
1354,956
1354,1048
1354,343
1354,219
1354,102
1354,1101
1354,1066
1354,971
1354,1060
1354,570
1354,555
1354,565
1354,596
1354,323
1354,498
1354,1139
1354,1113
1354,2031
1354,181
1354,1041
1354,1162
1354,1166
1354,104
1354,458
1354,1174
1354,1193
1354,1199
1354,1214
1354,1186
1354,1226
1354,1230
1354,1104
1354,1236
1354,1220
1354,1278
1354,1304
1354,1302
1354,1335
1354,1340
1354,1463
1354,1256
1354,1419
1354,1458
1354,1303
1354,1421
1354,513
1354,1405
1354,1945
1354,1385
1354,1367
1354,1482
1354,386
1354,1445
1354,1603
1354,1330
1354,1475
1354,1512
1354,1491
1354,1495
1354,1072
1354,105
1354,461
1354,842
1354,1604
1354,387
1354,1611
1354,1621
1354,1651
1354,1946
1354,1637
1354,1667
1354,1451
1354,1677
1354,1659
1354,1345
1354,1727
1354,1760
1354,1455
1354,1662
1354,2267
1354,388
1354,1711
1354,2280
1354,389
1354,2396
1354,1888
1354,1907
1669,1456
1669,1078
1669,1858
1669,1486
1669,2446
1669,1864
1669,1338
1669,1637
1669,1556
1669,1557
1669,2245
1669,2232
1669,133
1669,733
1669,2280
636,140
636,261
636,369
636,493
636,496
636,528
636,592
636,590
636,610
636,689
636,729
636,744
636,751
636,753
636,825
636,179
636,184
636,971
779,1518
779,2129
779,1433
779,1454
779,1605
779,2130
779,1862
779,1434
779,1514
779,1654
779,1670
779,1861
779,1312
779,1482
779,1588
779,301
779,1911
779,1706
779,1698
779,663
779,2268
779,1246
779,1099
779,389
779,415
1135,1485
1135,330
1135,1339
1135,1514
1135,1582
1135,1631
1135,1930
1135,1605
1135,1178
1135,1708
1135,2246
1135,2268
134,1777
134,511
134,242
134,1784
134,1785
134,217
134,228
134,1774
134,1779
134,1815
134,944
134,519
134,518
134,928
134,1783
134,761
134,792
134,854
134,958
134,1006
134,2007
134,1045
134,103
134,681
134,1044
134,1950
134,1866
134,493
134,1185
134,100
134,101
134,102
134,104
134,979
134,845
134,1121
134,1111
134,2008
134,1252
134,1263
134,892
134,1269
134,1339
134,1460
134,1477
134,1517
134,1539
134,1540
134,1374
134,1385
134,1681
134,1130
134,1201
134,2073
134,1190
1074,1096
1074,1506
1074,2137
1074,1760
1074,1750
1074,2135
1074,2244
1074,2299
1074,2134
1074,2136
1074,1507
1074,2337
1074,2139
1074,2422
1074,2138
1074,2374
1725,566
1725,575
1725,5
1725,213
1725,214
1725,254
1725,253
1725,264
1725,506
1725,528
1725,555
1725,562
1725,565
1725,585
1725,590
1725,670
1725,701
1725,699
1725,729
1725,734
1725,583
1725,109
1725,218
1725,624
1725,616
1725,763
207,871
207,253
207,254
207,255
207,350
207,823
207,842
207,131
207,675
207,715
207,785
207,896
207,182
207,930
207,362
207,1002
207,804
207,343
207,183
207,1122
207,1115
207,751
207,753
207,1124
207,1137
207,237
207,1143
207,144
207,344
207,1140
207,1167
207,378
207,914
207,1210
207,1207
207,1152
207,327
207,328
207,937
207,1059
207,377
207,335
207,1281
207,1000
207,1349
207,379
207,1841
207,906
207,946
207,996
207,1116
207,977
207,1110
207,1145
207,7
207,8
207,21
207,9
207,1017
207,129
207,635
207,641
207,1369
207,1003
207,1256
207,2173
207,2172
207,1051
207,1051
207,86
207,1236
207,1451
207,1098
207,1200
207,349
207,397
207,1677
207,1687
207,16
207,17
207,20
207,23
207,24
207,26
207,25
207,1136
207,1368
207,1531
207,1030
207,2123
207,869
207,1634
207,2273
207,2175
207,1537
207,1435
207,1520
207,1427
207,1828
207,1829
207,1830
207,2413
207,1603
207,1604
985,975
985,395
985,145
985,165
985,1099
985,730
985,1102
985,819
985,1214
985,1962
985,858
985,1002
985,979
985,845
985,542
985,1250
985,1390
985,937
985,230
985,2074
985,1285
985,325
985,2145
295,591
295,566
295,245
295,713
295,16
295,604
295,624
295,159
295,176
295,605
295,178
295,710
1230,2220
1230,2218
1230,1757
1230,2224
1230,2236
1230,1913
1230,2246
1230,1441
1230,2240
1230,2241
1230,1922
1230,1823
1230,2447
1230,2248
1230,1772
1230,2272
1230,1929
1230,2274
1230,913
1230,2333
1230,2286
1230,1773
1230,2291
1230,2293
1230,2306
1230,2297
1230,2196
1230,1914
1230,2301
1230,256
1230,2229
1230,2283
1230,2321
1230,2331
1230,2325
1230,1416
1230,2324
1230,2338
1230,2350
1230,2351
1230,2348
1230,2332
1230,2358
1230,2354
1230,1770
1230,2360
1230,2194
1230,2364
1230,2362
1230,1923
1230,2371
1230,2366
1230,2369
1230,2377
1230,2055
1230,2361
1230,2375
1230,2363
1230,2381
1230,2385
1230,2389
1230,2386
1230,1915
1230,1681
1230,2448
1230,2392
1230,2394
1230,2346
1230,2264
1230,2395
1230,2398
1230,2400
1230,2368
1230,2401
1230,2383
1230,2408
1230,2407
1230,2409
1230,2411
1230,1769
1230,2341
1230,2417
1230,2418
1230,2419
1230,851
1230,2249
1230,2412
1230,2343
1230,2428
1230,2059
1230,2432
1230,2429
1230,2436
1230,2344
1230,1345
1230,1542
1230,1890
1230,2195
1230,481
1230,1895
1230,1900
1230,1597
1230,1903
1230,1896
913,790
913,878
913,260
913,786
913,172
913,1931
913,810
913,918
913,800
913,1930
913,1050
913,1782
913,984
913,1957
913,310
913,346
913,347
913,743
913,806
913,824
913,871
913,1995
913,1996
913,746
913,1849
913,339
913,2027
913,1214
913,717
913,842
913,1237
913,301
913,975
913,1202
913,1326
913,1147
913,1161
913,957
913,864
913,1560
913,1667
913,1240
913,441
913,1905
711,512
711,47
711,750
711,227
711,48
711,757
711,226
711,593
711,515
711,224
711,578
711,579
711,356
711,129
711,920
711,545
1000,1444
1000,535
1000,2168
1000,1498
1000,1224
1000,1564
1000,1081
1000,1641
1000,1640
1000,2169
1000,536
1000,658
1000,660
1000,1093
1000,1290
1000,1447
1000,1468
1000,1615
1000,1696
1000,426
1000,1878
1000,1879
1000,2262
1000,514
1000,2357
1000,1594
1000,2359
1000,2379
1000,2388
1000,2399
1000,403
1000,1906
1000,2421
1000,2434
296,103
296,681
296,42
296,1640
296,1711
296,2267
296,2357
296,389
296,2100
296,1060
296,1988
296,1906
478,356
478,801
478,856
478,937
478,994
478,1004
478,1045
478,1059
478,2060
478,2068
478,129
478,562
478,570
478,575
478,635
478,641
478,1115
478,1106
478,1141
478,452
478,616
478,617
478,943
478,1056
478,376
478,1132
478,1200
478,1212
478,1262
478,1270
478,1280
478,1319
478,12
478,408
478,863
478,1069
478,1208
478,1256
478,1334
478,2063
478,849
478,1446
478,1858
478,2149
83,710
83,1785
83,1241
83,1251
83,2103
83,743
83,1306
83,1416
83,1285
83,1288
83,1240
83,2160
83,943
83,2161
83,1683
83,1619
83,2214
83,1884
83,2010
83,446
83,2378
83,2349
83,2165
83,2166
83,2167
922,1546
922,1540
922,1571
922,1601
922,1680
922,2216
922,1722
922,1734
922,1752
922,1754
922,2218
922,1913
922,1833
922,1922
922,2255
922,2447
922,2248
922,2272
922,2293
922,2306
922,2297
922,1914
922,2196
922,2229
922,2283
922,2317
922,2325
922,2338
922,2349
922,2332
922,1923
922,2369
922,2359
922,2448
922,2392
922,2407
922,2419
922,2428
922,1890
765,1683
765,1316
765,1734
765,1738
765,1749
765,1759
765,2236
765,2223
765,2240
765,2249
765,2241
765,1823
765,2272
765,2269
765,2289
765,2286
765,913
765,2295
765,2305
765,2319
765,2321
765,1837
765,2325
765,2346
765,1770
765,2369
765,2055
765,2402
765,2418
765,2430
765,2343
765,1890
765,1895
1462,2154
1462,2155
1462,1363
1462,2156
1462,2157
1462,1865
1462,2158
1462,343
1462,2141
1462,1868
1462,2159
1462,2014
1462,2160
1462,2140
1462,1824
1462,2161
1462,2015
1462,1506
1462,2185
1462,2137
1462,2162
1462,2135
1462,2105
1462,2163
1462,2016
1462,2186
1462,2164
1462,447
1462,2187
1462,2107
1639,280
1639,281
1639,1949
1639,1273
1639,1276
1639,1847
1639,1341
1639,1359
1639,1397
1639,1408
1639,930
1639,1511
1639,474
1639,1523
1639,778
1639,377
1639,379
1639,1555
1639,1559
1639,1841
1639,1877
1639,684
1639,1609
1639,338
1639,2110
1639,1672
1639,1715
1639,1758
1639,2212
1639,2113
1639,2181
1639,415
1639,2336
1639,1901
1639,2112
1320,1000
1320,363
1320,1056
1320,331
1320,1222
1320,647
1320,970
1320,1021
1320,1276
1320,1321
1320,769
1320,666
1320,697
1320,645
1320,1463
1320,1844
1320,1377
1320,2117
1320,2119
1320,1417
1320,1346
1320,1459
1320,994
1320,1853
1320,413
1320,1367
1320,1449
1320,1495
1320,1585
1320,1502
1320,1615
1320,2116
1320,2121
1320,1071
1320,1670
1320,315
1320,1667
1320,414
1320,1455
1320,2123
1320,976
1320,439
1320,1640
1320,352
1320,1360
1320,1182
1320,318
1320,2259
1320,2262
1320,2152
1320,438
1320,2334
1320,2192
1320,415
1320,1906
1320,2284
1545,576
1545,590
1545,504
1545,680
1545,637
1545,702
1545,629
1545,497
1545,678
1545,698
1545,139
1545,629
1545,775
1545,578
1545,624
1545,48
1545,739
1545,287
1545,272
1545,765
1545,632
1545,249
1545,150
1545,516
1545,259
1545,289
1545,1789
1545,1086
1545,356
1545,732
1545,566
1545,691
1545,930
1545,324
1545,916
1545,290
1545,116
1545,980
1545,1036
1545,1046
1545,805
1545,822
1545,452
1545,2108
1545,2011
1545,827
1545,1790
1545,118
1545,1242
1545,1059
1545,1256
1545,1026
1545,1873
1545,231
1545,473
1545,1372
1545,29
1545,2451
1545,2183
1545,360
1545,2101
1545,1868
1545,400
1545,420
1545,541
1545,1664
1545,541
1545,2098
1545,423
1545,1711
1545,2097
1545,1878
1545,1883
1545,521
1545,1693
1545,2267
1545,1729
1545,2099
1545,435
1545,2335
1545,2225
1545,389
1545,2100
1545,436
1545,1208
1545,2253
65,1913
65,2240
65,972
65,2271
65,1680
65,2272
65,2145
65,2333
65,2286
65,2147
65,2146
65,2293
65,2297
65,2196
65,2303
65,2229
65,2319
65,2283
65,2321
65,2331
65,2326
65,2325
65,1441
65,2324
65,2338
65,2351
65,2354
697,264
697,629
697,600
697,644
697,593
697,743
697,288
697,630
697,287
697,516
697,586
697,601
697,806
697,2024
697,830
697,2025
697,289
697,855
697,596
697,2026
697,606
697,2027
697,871
697,1119
697,532
697,1159
697,452
697,1467
697,1519
697,1049
697,1177
697,1192
697,1426
697,1382
697,2098
697,1873
113,1273
113,2106
113,1331
113,1341
113,1345
113,1354
113,1357
113,1359
113,1841
113,1863
113,1336
113,1365
113,408
113,1380
113,1397
113,1408
113,1421
113,1225
113,1867
113,418
113,1451
113,1449
113,413
113,1074
113,416
113,1460
113,1469
113,2142
113,1475
113,1479
113,386
113,1499
113,1495
113,1487
113,1283
113,1514
113,2126
113,1523
113,2141
113,1386
113,1477
113,736
113,1286
113,1287
113,1288
113,1551
113,1546
113,1026
113,1027
113,424
113,1532
113,1555
113,1570
113,1559
113,1582
113,1579
113,1524
113,1586
113,1095
113,1576
113,1597
113,1096
113,234
113,1609
113,1623
113,388
113,1566
113,1615
113,1614
113,1028
113,1843
113,2174
113,425
113,1651
113,470
113,1617
113,1649
113,1639
113,1236
113,1655
113,422
113,1669
113,2140
113,1677
113,1672
113,1687
113,368
113,1315
113,1704
113,414
113,1838
113,2128
113,1705
113,1714
113,2242
113,1708
113,1645
113,1711
113,1712
113,1740
113,1755
113,1758
113,430
113,1766
113,2201
113,2205
113,1750
113,2135
113,2228
113,2230
113,2245
113,2233
113,1765
113,1833
113,2263
113,2238
113,2268
113,2277
113,2151
113,2270
113,444
113,2290
113,1827
113,2298
113,2330
113,2365
113,443
113,2376
113,2379
113,446
113,2125
113,2393
113,440
113,407
113,2401
113,427
113,2340
113,2416
113,2387
113,2422
113,415
113,1905
113,1899
113,2434
113,1894
344,249
344,722
344,741
344,1788
344,801
344,287
344,288
344,289
344,1789
344,356
344,137
344,949
344,299
344,300
344,320
344,1817
344,937
344,979
344,845
344,996
344,747
344,2009
344,1112
344,907
344,116
344,966
344,1145
344,1950
344,230
344,1873
344,670
344,231
344,232
344,357
344,2108
344,399
344,2145
344,858
344,400
344,1052
344,1300
344,1529
344,2110
344,1013
344,2127
344,2128
344,2003
344,1684
344,1925
344,615
344,1836
344,2032
344,602
581,1689
581,1723
581,1754
581,1761
581,2213
581,2218
581,2223
581,913
581,2293
581,2325
581,2324
581,2338
581,2362
581,2381
581,2264
581,2368
581,2400
581,2409
581,1915
581,2428
983,1949
983,2154
983,773
983,2035
983,909
983,1366
983,2012
983,1379
983,2036
983,262
983,2155
983,1346
983,2039
983,1027
983,334
983,2038
983,1937
983,1438
983,2042
983,1867
983,1074
983,2034
983,2041
983,2157
983,1479
983,2040
983,2158
983,1530
983,2048
983,2045
983,2148
983,637
983,811
983,1028
983,2046
983,1882
983,2184
983,1599
983,2047
983,1280
983,1106
983,1822
983,1831
983,1254
983,1717
983,2051
983,2050
983,1591
983,1692
983,2296
983,1596
983,2193
1520,721
1520,566
1520,600
1520,610
1520,705
1520,767
1520,722
1520,563
1520,778
1520,637
1520,810
1520,800
1520,341
1280,2202
1280,777
1280,217
1280,1785
1280,2269
1280,2272
1280,2286
1280,2295
1280,2305
1280,2325
1280,2321
1280,2324
1280,2348
1280,2360
1280,2255
1280,2371
1280,2381
1280,2346
1280,2395
1280,2407
1280,2419
1280,2430
1280,2428
1280,1403
549,1370
549,1440
549,1559
549,1563
549,1502
549,1609
549,1627
549,1525
549,1628
549,1630
549,1632
549,1648
549,1566
549,1670
549,1680
549,1682
549,1312
549,1726
549,1676
549,1707
549,1838
549,2245
549,1833
549,2282
549,2304
549,2289
549,2347
549,2386
864,287
864,288
864,289
864,575
864,879
864,736
864,951
864,674
864,974
864,602
864,875
864,455
864,1002
864,212
864,290
864,947
864,603
864,994
864,1780
864,975
864,1137
864,2010
864,116
864,943
864,1160
864,1045
864,456
864,1167
864,1202
864,1207
864,1229
864,1131
864,1203
864,860
864,993
864,1247
864,1255
864,1845
864,2011
864,1070
864,1231
864,379
864,1334
864,1361
864,1841
864,464
864,890
864,1409
864,1447
864,1842
864,417
864,1079
864,1856
864,1567
864,1882
864,1615
864,1843
864,465
864,475
864,1712
864,1642
864,1701
864,1274
864,1366
864,1530
864,1537
864,2014
864,2198
864,2151
864,1881
864,1406
864,1384
864,2072
1508,819
1508,297
1508,862
1508,863
1508,557
1508,560
1508,2452
1508,778
1508,342
1508,823
1508,634
1508,877
1508,707
1508,720
1508,356
1508,885
1508,58
1508,677
1508,766
1508,818
1508,947
1508,1964
1508,1222
1508,1256
1508,103
1508,681
1508,1848
1508,1883
1508,649
1157,1464
1157,1543
1157,1287
1157,1551
1157,1540
1157,1586
1157,1618
1157,1649
1157,1725
1157,1700
1157,1713
1157,1713
1157,2222
1157,2281
1157,2322
1157,2368
1157,2366
1157,2376
1157,2389
1157,2410
680,1329
680,1334
680,213
680,1361
680,1866
680,464
680,1060
680,1339
680,1393
680,1097
680,1415
680,2143
680,513
680,1842
680,1517
680,1514
680,1582
680,1274
680,2384
680,2421
1283,297
1283,827
1283,2026
1283,708
1283,749
1283,894
1283,920
1283,1100
1283,2027
1283,856
1283,570
1283,812
1283,991
1283,990
1283,992
1283,989
1283,905
1283,597
1283,907
1283,2028
1283,322
1283,995
1283,994
1283,959
1283,323
1283,103
1283,681
1283,1049
1283,1134
1283,1119
1283,596
1283,1029
1283,333
1283,1159
1283,5
1283,1177
1283,473
1283,365
1283,334
1283,253
1283,1426
1283,1293
1283,587
1283,621
1283,1233
1283,1870
1283,111
1283,1869
1283,2029
1283,431
1283,1871
1283,400
1283,1655
1283,1667
1283,2132
1283,2131
1283,1022
1283,2133
1283,714
1283,245
1283,566
1283,624
1695,64
1695,203
1695,67
1695,68
1695,69
1695,510
1695,202
1695,70
1695,71
1695,73
1695,489
1695,208
1695,75
1695,74
1695,210
1695,80
1695,77
1695,35
1695,78
1695,211
1695,79
1497,96
1497,129
1497,581
1497,635
1497,583
1497,582
1497,676
1497,87
1497,90
1497,495
1497,15
1497,528
1497,670
1497,245
1497,92
1497,139
679,109
679,504
679,503
679,515
679,127
679,133
679,264
679,722
679,629
679,610
679,749
679,733
679,593
679,769
679,691
679,605
679,287
679,812
679,517
679,664
679,1957
679,110
679,369
679,1138
679,376
679,1427
679,1480
679,1368
679,296
681,1993
681,1994
681,1443
681,1452
681,405
681,1487
681,1520
681,2126
681,1531
681,936
681,1502
681,1491
681,1574
681,1614
681,2174
681,439
681,1720
681,2262
179,864
179,978
179,996
179,375
179,928
179,953
179,963
179,117
179,1127
179,2061
179,532
179,844
179,1145
179,1130
179,658
179,660
179,2443
179,1173
179,1201
179,352
179,1190
179,1240
179,390
179,1221
179,1261
179,1291
179,1326
179,462
179,1293
179,404
179,2063
179,1120
179,850
179,464
179,1995
179,1383
179,1857
179,1411
179,2073
179,1403
179,471
179,2001
179,1489
179,1502
179,1874
179,472
179,1703
179,1879
179,1827
179,389
179,403
563,264
563,457
563,813
563,193
563,600
563,1934
563,1933
563,1932
563,1935
563,2017
563,867
563,287
563,289
563,529
563,356
563,889
563,899
563,869
1070,843
1070,309
1070,865
1070,1136
1070,1068
1070,1129
1070,1170
1070,940
1070,1138
1070,1211
1070,2114
1070,376
1070,310
1070,863
1070,311
1070,238
1070,1272
1070,312
1070,1859
1070,1860
1070,1276
1070,1256
1070,2443
1070,375
1070,2444
1070,1326
1070,1161
1070,1231
1070,2144
1070,1341
1070,1359
1070,1863
1070,1229
1070,2118
1070,1343
1070,1410
1070,513
1070,1425
1070,2176
1070,1446
1070,1440
1070,1495
1070,1477
1070,2126
1070,387
1070,1846
1070,1581
1070,1536
1070,1616
1070,1480
1070,425
1070,1292
1070,1690
1070,1711
1070,1663
1070,1114
1070,1755
1070,2201
1070,1872
1070,1484
1070,2445
1070,389
1133,749
1133,752
1133,775
1133,610
1133,698
1133,724
1133,991
1133,990
1133,453
1133,123
1133,641
1133,761
1133,992
1133,288
1133,636
1091,104
1091,979
1091,845
1091,1205
1091,1249
1091,1118
1091,1199
1091,105
1091,1302
1091,1339
1091,1477
1091,1579
1091,422
1712,1721
1712,1733
1712,1744
1712,2213
1712,2218
1712,1441
1712,2289
1712,2295
1712,2295
1712,2303
1712,2305
1712,2196
1712,2319
1712,2331
1712,2325
1712,2338
1712,2351
1712,2354
1712,2364
1712,2375
1712,2398
1712,2409
1712,2432
1712,1903
713,863
713,843
713,653
713,1069
713,1147
713,1161
713,1887
713,378
713,474
713,1087
713,1086
713,1089
713,1322
713,464
713,1373
713,1412
713,1487
713,84
713,2048
713,106
713,472
713,1541
713,1576
713,2002
713,1984
713,1822
713,1668
713,2053
713,59
713,1985
713,1768
713,1986
713,2050
713,477
713,479
713,1987
713,2175
713,2099
713,2302
713,478
713,1596
713,2365
713,2100
713,2193
713,1906
713,2190
713,480
713,2191
713,36
1593,528
1593,555
1593,565
1593,590
1593,644
1593,562
1593,575
1593,10
1593,634
1593,593
1593,641
1593,515
1593,809
1593,716
1593,596
1593,1100
1593,531
1593,1049
1593,1177
1593,1191
1593,1426
1757,1350
1757,1355
1757,1352
1757,1463
1757,1386
1757,1378
1757,1379
1757,1401
1757,1394
1757,1380
1757,1399
1757,1458
1757,1397
1757,2155
1757,1859
1757,1413
1757,1416
1757,1366
1757,1430
1757,875
1757,1357
1757,1436
1757,1438
1757,1439
1757,1450
1757,386
1757,1497
1757,2156
1757,1461
1757,1500
1757,1467
1757,1460
1757,1476
1757,1474
1757,1869
1757,1440
1757,1482
1757,1479
1757,1512
1757,1475
1757,1499
1757,1469
1757,1492
1757,1480
1757,1484
1757,2040
1757,1494
1757,1283
1757,1472
1757,1514
1757,1518
1757,535
1757,1285
1757,1516
1757,1354
1757,1529
1757,1560
1757,835
1757,1284
1757,1552
1757,1233
1757,1286
1757,2048
1757,1539
1757,1079
1757,1551
1757,1288
1757,2045
1757,1570
1757,1540
1757,1582
1757,1533
1757,2044
1757,387
1757,1573
1757,1597
1757,1586
1757,1287
1757,1618
1757,1627
1757,1769
1757,1309
1757,482
1757,1620
1757,388
1757,1623
1757,1630
1757,1632
1757,1629
1757,1621
1757,1651
1757,2169
1757,1311
1757,2012
1757,1657
1757,1661
1757,1619
1757,1670
1757,422
1757,1669
1757,1822
1757,1686
1757,1665
1757,1673
1757,1693
1757,1697
1757,1688
1757,2440
1757,1700
1757,1315
1757,1707
1757,1838
1757,2242
1757,1711
1757,1708
1757,1710
1757,1727
1757,2441
1757,1316
1757,1739
1757,1760
1757,1744
1757,1755
1757,2442
1757,1766
1757,1751
1757,430
1757,1761
1757,1759
1757,1764
1757,2205
1757,2201
1757,1735
1757,2208
1757,2213
1757,2220
1757,2215
1757,2245
1757,2228
1757,2236
1757,2249
1757,1765
1757,2170
1757,2235
1757,1833
1757,1771
1757,2263
1757,1716
1757,2243
1757,2261
1757,2447
1757,2268
1757,2281
1757,2282
1757,1772
1757,2304
1757,2270
1757,2290
1757,2297
1757,2294
1757,2298
1757,2328
1757,1834
1757,2325
1757,2329
1757,2335
1757,2336
1757,2278
1757,2347
1757,1837
1757,2338
1757,2353
1757,2354
1757,2368
1757,2372
1757,2369
1757,2361
1757,2376
1757,2367
1757,2382
1757,2386
1757,2389
1757,2378
1757,2448
1757,2264
1757,2125
1757,2370
1757,2193
1757,2401
1757,2398
1757,433
1757,2339
1757,2409
1757,2342
1757,2411
1757,2340
1757,1904
1757,2418
1757,1906
1757,2171
1757,2341
1757,2412
1757,2429
1757,2422
1757,2344
1757,2435
1757,1891
1757,1890
1757,2374
1757,2427
1757,1901
1757,1888
1757,1900
1757,2345
1757,1902
1757,1896
739,162
739,160
739,161
739,169
739,171
739,711
739,529
739,616
739,168
739,587
739,585
739,600
739,636
739,174
739,287
739,288
739,176
739,297
739,512
739,112
739,113
739,810
739,710
739,178
739,601
739,598
739,854
739,880
739,710
739,1792
739,1794
739,743
739,575
739,298
739,1795
739,873
739,143
739,173
739,166
739,702
739,1797
739,289
739,1798
739,596
739,918
739,1799
739,300
739,299
739,929
739,1796
739,935
739,1800
739,842
739,958
739,1801
739,960
739,1802
739,644
739,1803
739,597
739,1804
739,860
739,993
739,950
739,1044
739,911
739,1045
739,102
739,101
739,100
739,1805
739,998
739,1806
739,103
739,681
739,654
739,1807
739,980
739,320
739,1808
739,1809
739,46
739,1810
739,1122
739,1811
739,2010
739,1812
739,1117
739,116
739,1124
739,117
739,633
739,1012
739,1154
739,1145
739,104
739,260
739,179
739,310
739,1813
739,1131
739,1203
739,1859
739,618
739,1012
739,1210
739,1209
739,1039
739,1814
739,1229
739,1249
739,2011
739,1253
739,1809
739,118
739,1231
739,1098
739,239
739,1368
739,1994
739,1538
739,761
739,2101
739,1541
739,2098
739,1667
739,2071
599,622
599,623
599,225
599,226
599,497
599,520
599,585
599,628
599,1012
599,1960
599,117
599,455
599,454
599,453
599,456
599,610
599,631
599,1040
599,2088
599,2086
599,2087
599,987
599,1059
599,1816
599,1815
599,937
599,1789
599,534
599,979
599,1012
599,1121
599,1820
599,845
599,600
599,601
599,615
599,1219
599,787
599,891
599,1190
599,134
599,1168
599,925
599,1104
599,1236
599,299
599,300
599,320
599,321
599,892
599,910
599,1113
599,1249
599,1253
599,335
599,1034
599,1035
599,1101
599,912
599,1860
599,1859
599,602
599,1289
599,897
599,1120
599,850
599,1301
599,1068
599,1129
599,1170
599,1189
599,1297
599,1296
599,93
599,95
599,1194
599,1302
599,1999
599,23
599,918
599,2145
599,2147
599,2146
599,2106
599,310
599,309
599,312
599,311
599,643
599,651
599,654
599,1132
599,1262
599,853
599,940
599,1013
599,1330
599,1342
599,138
599,1303
599,1344
599,378
599,1362
599,1167
599,1353
599,2144
599,125
599,393
599,452
599,505
599,1361
599,1841
599,1255
599,1365
599,29
599,2451
599,464
599,1373
599,1347
599,1381
599,379
599,2114
599,1343
599,1394
599,1404
599,2143
599,1403
599,1409
599,24
599,777
599,788
599,1411
599,942
599,1027
599,1097
599,1855
599,1998
599,1026
599,1867
599,1424
599,1351
599,1415
599,1840
599,1447
599,1603
599,1446
599,418
599,386
599,1441
599,416
599,419
599,466
599,30
599,1468
599,1909
599,2183
599,1916
599,394
599,2001
599,2013
599,1155
599,1420
599,1235
599,1532
599,2168
599,1994
599,535
599,1865
599,1453
599,1509
599,1870
599,2141
599,1874
599,1868
599,1560
599,2101
599,1079
599,1537
599,1544
599,1554
599,424
599,1466
599,1562
599,420
599,106
599,1512
599,1579
599,1519
599,1877
599,387
599,1567
599,1095
599,1465
599,1028
599,1541
599,2002
599,1096
599,2014
599,2079
599,2184
599,2184
599,1525
599,1825
599,388
599,1875
599,1615
599,1917
599,467
599,1843
599,2127
599,1821
599,1826
599,2076
599,421
599,425
599,1545
599,470
599,2122
599,1824
599,465
599,1602
599,1677
599,1831
599,1663
599,1556
599,2225
599,1876
599,1580
599,1506
599,1688
599,1666
599,2015
599,1687
599,2185
599,2137
599,1711
599,2128
599,434
599,2003
599,2120
599,1740
599,25
599,1684
599,1712
599,1760
599,1703
599,1755
599,2197
599,372
599,2209
599,468
599,1109
599,1451
599,1557
599,1019
599,2123
599,2105
599,2247
599,2267
599,2233
599,1836
599,1592
599,2186
599,2277
599,2134
599,435
599,438
599,1681
599,2136
599,2323
599,2327
599,1558
599,2357
599,469
599,389
599,2361
599,2287
599,449
599,2187
599,436
599,2265
599,2107
599,2393
599,445
599,2387
599,1835
599,427
599,445
599,450
599,2420
599,2139
599,2410
599,2431
599,1899
599,2427
599,1888
599,1889
599,480
599,2414
599,1907
1339,166
1339,246
1339,778
1339,176
1339,284
1339,283
1339,600
1339,529
1339,89
1339,601
1339,687
1339,1791
1339,270
1339,1792
1339,710
1339,123
1339,131
1339,675
1339,715
1339,785
1339,896
1339,945
1339,266
1339,27
1339,267
1339,496
1339,495
1339,570
1339,968
1339,582
1339,373
1339,1066
1339,842
1339,237
1339,1122
1339,293
1339,294
1339,15
1339,16
1339,311
1339,343
1339,452
1339,376
1339,1017
1339,238
1339,1256
1339,2443
1339,91
1339,88
1339,1281
1339,344
1339,534
1339,1338
1339,1395
1339,1445
1339,40
1339,2183
1339,1960
1339,777
1339,299
1339,461
1339,751
1339,753
1339,1051
1339,18
1339,1427
1339,1519
1339,13
1339,14
1339,1079
1339,1541
1339,2184
1339,1614
1339,1625
1339,1634
1339,1911
1339,108
1339,1453
1339,42
1339,1828
1339,804
1339,1051
1339,2185
1339,1418
1339,1684
1339,521
1339,971
1339,1719
1339,296
1339,1019
1339,2151
1339,1836
1339,2152
1339,1652
1339,2260
1339,81
1339,2410
856,555
856,590
856,365
856,185
856,613
856,1147
856,15
856,367
856,1122
856,1206
856,1197
856,311
856,912
856,2141
856,1498
856,1522
1573,1477
1573,1854
1573,1533
1573,1544
1573,1581
1573,1561
1573,1597
1573,368
1573,1918
1573,1690
1573,1991
1573,334
1573,1360
1573,1182
1573,406
1573,1745
1573,1107
1573,1729
1573,1885
1573,2081
1573,1919
1573,1992
1573,2300
1573,2294
1573,2320
1573,2083
1573,407
1573,2396
1573,2413
1573,2344
1573,1921
1659,752
1659,605
1659,630
1659,696
1659,224
1659,610
1659,110
1659,587
1659,889
1659,580
1659,890
1659,1051
1659,359
1659,590
1659,343
1659,309
1659,829
1659,973
1659,258
1659,259
1659,312
1659,129
1659,635
1659,641
1659,10
1659,1272
1659,593
1659,1215
1659,2147
1659,1333
1659,458
1659,1782
1659,2144
1659,119
1659,459
1659,114
1659,1097
1659,460
1659,2450
1659,1022
1659,2141
1659,1868
1659,1096
1659,239
1659,264
1659,265
1659,2135
1659,2105
1659,1832
1659,2186
1659,2136
1659,1418
1659,1507
1659,2107
1659,1065
1659,2138
1659,109
1659,1899
1096,888
1096,1053
1096,2102
1096,320
1096,321
1096,1967
1096,1968
1096,2183
1096,980
1096,1028
1096,1984
1096,1704
1096,387
1096,388
1096,1711
1096,1667
1096,1674
1096,1739
1096,2203
1096,1846
1096,1858
1096,1084
1096,379
1096,2137
1096,1833
1096,1452
1096,1487
1096,2236
1096,1712
1096,1615
1096,1447
1096,2014
1096,32
1096,1418
1096,1652
1096,2260
1096,2010
1096,1595
1096,466
1096,468
1096,2316
1096,2189
1096,2416
1096,2262
960,633
960,938
960,751
960,842
960,1051
960,753
960,1051
960,1256
960,1022
960,930
960,1440
960,1233
960,1495
960,1498
960,1522
960,2117
960,1334
960,1882
960,1231
960,1625
960,1667
960,39
960,1696
960,488
960,1025
960,812
960,1030
960,714
960,933
960,238
960,1883
960,424
960,1755
960,2201
960,2198
960,1881
960,2220
960,1756
960,2227
960,2302
960,2277
960,2329
960,2352
960,2069
960,1056
960,2070
960,2334
960,2253
559,590
559,708
559,757
559,253
559,3
559,4
559,555
559,565
559,1931
559,292
559,271
559,272
559,864
559,1515
398,93
398,356
398,212
398,495
398,570
398,744
398,962
398,493
398,101
398,102
398,138
398,138
398,509
398,142
398,537
398,538
398,539
398,540
398,541
398,541
398,541
398,1049
398,148
398,149
398,140
398,187
398,188
398,122
398,1177
398,473
1022,1636
1022,1647
1022,1718
1022,1731
1022,1643
1022,1762
1022,1763
1022,1741
1022,1742
1022,2307
1022,2308
1022,2309
1022,2310
1022,2311
1022,2312
1022,2313
1022,2314
1022,2315
1022,2403
1022,2404
1022,2405
617,702
617,710
617,160
617,12
617,161
617,701
617,699
617,112
617,225
617,810
617,226
617,182
617,2091
470,283
470,714
470,757
470,457
470,876
470,983
470,343
470,1103
470,1131
470,1154
470,1160
470,238
470,1051
470,1247
470,1256
470,2066
470,1231
470,1334
470,404
470,391
470,390
470,1367
470,1387
470,1293
470,1382
470,1842
470,405
470,1440
470,1435
470,1233
470,1473
470,1495
470,1079
470,406
470,1882
470,2067
470,2446
470,1598
470,1634
470,1654
470,1880
470,1083
470,439
470,2068
470,2201
470,2198
470,1881
470,2284
470,2273
470,2316
470,2357
470,2069
470,389
470,440
470,2399
470,441
470,1905
470,2433
108,2119
108,1442
108,1482
108,1374
108,1074
108,1422
108,1235
108,1367
108,1510
108,453
108,456
108,1495
108,2117
108,1607
108,2048
108,2095
108,470
108,475
108,2254
108,1667
108,2258
108,1274
108,2225
108,2406
1483,528
1483,644
1483,685
1483,12
1483,143
1483,250
1483,496
1483,566
1483,575
1483,600
1483,616
1483,666
1483,512
1483,592
1483,719
1483,604
1483,271
1483,11
1483,593
1483,96
1483,251
1483,624
1483,698
1483,724
655,545
655,712
655,1886
655,761
655,819
655,777
655,781
655,726
655,788
655,872
655,878
655,733
655,912
655,903
655,587
655,595
655,967
655,942
655,943
655,916
655,308
655,1068
655,1062
655,1103
655,1109
655,1120
655,505
655,230
655,231
655,1522
655,2334
1223,1620
1223,1653
1223,437
1223,1578
1223,1686
1223,1733
1223,1759
1223,2213
1223,1757
1223,2220
1223,2240
1223,2241
1223,1772
1223,2270
1223,2274
1223,2229
1223,2325
1223,2332
1223,2354
1223,1770
1223,2363
1223,2389
1223,2189
1223,2448
1223,2392
1223,2368
291,757
291,258
291,575
291,637
291,637
291,159
291,798
291,175
291,90
291,817
291,683
291,113
291,820
291,741
291,815
291,571
291,219
291,457
291,864
291,912
291,967
291,27
291,804
291,1602
1101,245
1101,610
1101,123
1101,992
1101,691
1101,792
1101,806
1101,824
1101,86
1101,124
1101,692
1101,854
1101,842
1101,871
1101,1001
1101,876
1101,180
1101,905
1101,864
1101,961
1101,924
1101,934
1101,632
1101,351
1101,914
1101,994
1101,1051
1101,186
1101,946
1101,977
1101,996
1101,971
1101,308
1101,1122
1101,190
1101,1147
1101,1015
1101,1197
1101,230
1101,1299
1101,1303
1101,231
1101,1344
1101,1372
1101,232
1101,1855
1101,1072
1101,399
1101,1114
1101,1874
1101,1425
1101,400
1101,2014
1101,423
1101,1717
1101,1748
1101,2197
1101,2232
1101,444
1101,1893
1572,1972
1572,347
1572,2007
1572,1306
1572,865
1572,1241
1572,1570
1572,1918
1572,2336
1572,313
1572,1899
1572,1901
1728,566
1728,493
1728,629
1728,629
1728,600
1728,507
1728,744
1728,541
1728,541
1728,1961
1728,825
1728,601
1728,807
1728,355
1728,755
1728,370
1728,371
1728,835
1728,287
1728,288
1728,864
1728,313
1728,862
1728,637
1728,100
1728,289
1728,891
1728,918
1728,454
1728,914
1728,912
1728,967
1728,931
1728,953
1728,962
1728,455
1728,1005
1728,2060
1728,903
1728,925
1728,1104
1728,1120
1728,1132
1728,1204
1728,1945
1728,1045
1728,842
1728,1115
1728,1124
1728,1154
1728,865
1728,1849
1728,125
1728,1560
1728,1677
1728,2029
1728,1455
924,1554
924,1529
924,1246
924,1486
924,1555
924,1562
924,1826
924,1874
924,1875
924,86
924,1667
924,1451
924,59
924,1876
924,1703
924,1701
924,2245
924,2276
924,2280
924,2285
924,2347
924,1652
924,2260
924,2388
924,2352
924,2253
730,1428
730,1437
730,1430
730,1657
730,437
730,1735
730,1754
730,2223
730,2293
730,2324
730,1571
730,2348
730,2381
730,2402
730,2395
730,2419
730,2428
1513,680
1513,5
1513,580
1513,515
1513,699
1513,701
1513,566
1513,12
1513,690
1513,695
1513,284
1513,264
1513,604
1513,15
1513,500
1513,10
194,162
194,160
194,166
194,161
194,169
194,170
194,168
194,171
194,176
194,173
194,178
194,566
194,604
194,624
194,605
194,711
194,710
194,716
194,811
194,808
194,1791
194,1793
194,1792
194,1934
194,1933
194,616
194,617
194,453
194,1932
194,1974
194,1795
194,872
194,371
194,370
194,670
194,1797
194,506
194,174
194,734
194,763
194,820
194,1798
194,454
194,1799
194,918
194,1796
194,1800
194,1801
194,1802
194,1803
194,455
194,1938
194,1804
194,1805
194,1806
194,1942
194,1940
194,1943
194,1941
194,1939
194,1944
194,1807
194,1045
194,1808
194,1052
194,87
194,1810
194,1811
194,1945
194,1812
194,1153
194,1158
194,456
194,906
194,1212
194,1813
194,1205
194,1229
194,1226
194,390
194,1154
194,1845
194,1048
194,1262
194,1255
194,1261
194,1291
194,1298
194,1294
194,1304
194,1300
194,375
194,1026
194,378
194,1303
194,2145
194,230
194,1302
194,614
194,462
194,2146
194,835
194,2031
194,231
194,379
194,1231
194,2147
194,1327
194,2082
194,1333
194,1340
194,1331
194,1336
194,1232
194,1344
194,1345
194,1362
194,1352
194,1863
194,125
194,393
194,1841
194,2172
194,1365
194,1343
194,1999
194,1998
194,1381
194,395
194,1351
194,1383
194,232
194,891
194,1380
194,2143
194,372
194,1406
194,1407
194,1409
194,1411
194,380
194,1425
194,1421
194,1867
194,1415
194,1424
194,1431
194,2077
194,1840
194,2038
194,1447
194,1443
194,1446
194,386
194,1842
194,2075
194,416
194,1441
194,413
194,2042
194,1462
194,466
194,2041
194,2142
194,2183
194,394
194,1479
194,1869
194,1475
194,1483
194,476
194,1512
194,2109
194,2040
194,1489
194,1502
194,1491
194,1517
194,1509
194,2126
194,1531
194,1524
194,1560
194,1530
194,1523
194,2048
194,1079
194,1554
194,1555
194,472
194,1604
194,1559
194,1577
194,2044
194,1567
194,1095
194,1563
194,1584
194,1597
194,2002
194,400
194,1096
194,387
194,1525
194,1612
194,1609
194,1615
194,1622
194,2127
194,1621
194,2076
194,2438
194,1081
194,1638
194,1651
194,766
194,1822
194,1751
194,2239
1059,606
1059,245
1059,571
1059,590
1059,601
1059,630
1059,814
1059,567
1059,624
1059,243
1059,566
1059,2028
1059,92
1059,544
1059,555
1059,562
1059,592
1059,602
1059,607
1059,597
1059,596
1059,691
1059,856
1059,568
1059,625
1059,1029
1059,532
1059,575
1059,585
1059,598
1059,626
1059,633
1059,693
1059,452
1059,533
1059,1021
1059,1159
1059,548
1059,1013
1059,1022
1059,1119
1059,1192
1059,1328
1059,2026
833,603
833,1963
833,382
833,1965
833,1860
833,1820
833,1338
833,1625
833,2260
833,478
833,1507
833,2139
1679,821
1679,293
1679,294
1679,842
1679,454
1679,567
1679,181
1679,962
1679,927
1679,455
1679,188
1679,994
1679,1147
1679,456
1679,104
1679,1274
1679,1366
1679,2126
827,2103
827,1846
827,2148
827,1858
827,1224
827,1833
827,2151
827,1116
827,1145
827,1857
827,1827
827,2249
827,1293
827,2382
827,449
827,1594
827,2150
827,2192
827,2340
827,1084
827,1595
827,1221
827,1856
827,415
827,414
827,2345
370,498
370,1170
370,534
370,1217
370,376
370,1189
370,1190
370,1229
370,390
370,1104
370,1241
370,1247
370,451
370,1120
370,850
370,1068
370,120
370,1305
370,1302
370,352
370,1326
370,1303
370,2066
370,1945
370,1013
370,1334
370,1341
370,1847
370,1359
370,1372
370,1397
370,1398
370,1403
370,1408
370,1421
370,2073
370,1405
370,1411
370,1451
370,1441
370,405
370,1467
370,1440
370,471
370,1909
370,1869
370,1479
370,1483
370,1235
370,1351
370,1495
370,1486
370,1502
370,1509
370,1511
370,1531
370,912
370,1524
370,1874
370,1418
370,1519
370,391
370,1554
370,1846
370,424
370,1555
370,1536
370,406
370,387
370,1858
370,1949
370,1911
370,1882
370,2014
370,777
370,1616
370,1825
370,2446
370,1614
370,1598
370,1625
370,2127
370,421
370,2174
370,1826
370,1848
370,470
370,1652
370,1637
370,1619
370,2110
370,1664
370,1677
370,1084
370,368
370,1556
370,1918
370,1690
370,434
370,1589
370,1711
370,426
370,1737
370,1878
370,109
370,1729
370,1758
370,2197
370,1703
370,2203
370,1883
370,1671
370,1879
370,1557
370,2245
370,2256
370,2263
370,2267
370,2016
370,435
370,2260
370,2294
370,2316
370,1558
370,829
370,2384
370,2397
370,2410
370,2431
370,1888
370,1907
84,565
84,605
84,630
84,453
84,787
84,119
84,571
84,854
84,606
84,596
84,531
84,566
84,607
84,625
84,936
1169,142
1169,181
1169,189
1169,541
1169,541
1169,541
1169,537
1169,538
1169,539
1169,540
1169,187
1169,188
1169,192
1169,148
1169,149
1169,140
1169,184
1169,193
1169,2062
1169,1220
1169,534
1169,191
1169,1303
1169,1320
1169,343
1169,194
1169,1873
1169,2147
1169,345
1169,1367
1169,1445
1169,1022
1169,1579
1169,1756
1111,639
1111,661
1111,577
1111,247
1111,550
1111,551
1111,552
1111,556
1111,573
1111,132
1111,671
1111,673
1111,700
1111,883
1111,152
1111,494
1111,153
1111,821
1111,904
1111,1086
1111,1087
1111,587
1111,650
1111,248
1111,652
1111,557
1111,2452
1111,653
1111,200
1111,44
1111,60
1111,843
1111,1069
1111,1065
1111,1043
1111,838
1111,648
1111,663
1111,655
1111,373
1111,1194
1111,656
1111,50
1111,1266
1111,646
1111,1271
1111,1023
1111,1295
1111,1358
1111,1000
1111,336
1111,678
1111,803
1111,1349
1111,29
1111,2451
1111,1388
1111,1404
1111,875
1111,334
1111,549
1111,396
1111,30
1111,1462
1111,314
1111,1073
1111,1076
1111,707
1111,316
1111,315
1111,1498
1111,1509
1111,1058
1111,1425
1111,1544
1111,1449
1111,424
1111,106
1111,317
1111,1882
1111,425
1111,1566
1111,1578
1111,1633
1111,1081
1111,33
1111,1695
1111,1705
1111,558
1111,1085
1111,2177
1111,1744
1111,1696
1111,1883
1111,1414
1111,1730
1111,2184
1111,1433
1111,2263
1111,2277
1111,2133
1111,2229
1111,2290
1111,2228
1111,1920
1111,2329
1111,514
1111,1594
1111,833
1111,2069
1111,1881
1111,2389
1111,389
1111,2363
1111,2178
1111,319
1111,2070
1111,2383
1111,2288
1111,2107
1111,2416
1111,427
1111,2100
1111,1239
1111,415
1541,410
1541,1446
1541,1479
1541,2183
1541,2090
1541,1865
1541,2109
1541,1524
1541,287
1541,288
1541,289
1541,290
1541,1873
1541,116
1541,1868
1541,1208
1541,1305
1541,1577
1541,424
1541,2160
1541,2014
1541,388
1541,385
1541,1615
1541,1633
1541,1641
1541,1640
1541,2067
1541,1824
1541,1984
1541,2140
1541,1404
1541,1674
1541,1702
1541,665
1541,426
1541,1767
1541,198
1541,1987
1541,2262
1541,2186
1541,1039
1541,2276
1541,2275
1541,1766
1541,2284
1541,2329
1541,415
1541,2433
1261,1341
1261,1357
1261,1359
1261,1386
1261,1403
1261,1411
1261,334
1261,386
1261,1441
1261,1467
1261,1464
1261,1477
1261,2126
1261,1523
1261,2101
1261,1554
1261,1562
1261,1543
1261,1536
1261,1559
1261,1519
1261,1581
1261,387
1261,1616
1261,1825
1261,2174
1261,1641
1261,1640
1261,1652
1261,1664
1261,1556
1261,1672
1261,1693
1261,1690
1261,1711
1261,1713
1261,1721
1261,1684
1261,1729
1261,2219
1261,2255
1261,2267
1261,2262
1261,1836
1261,2016
1261,2186
1261,432
1261,2134
1261,2260
1261,1834
1261,2349
1261,381
1261,389
1261,2189
1261,2382
1261,2187
1261,1988
1261,2396
1261,433
1261,1906
1261,2431
1261,2431
1261,1888
1261,1907
872,111
872,630
872,17
872,313
872,580
872,342
872,596
872,454
872,818
872,455
872,963
872,956
872,597
872,1056
872,1564
918,707
918,732
918,799
918,678
918,885
918,1806
918,1810
918,166
918,201
918,200
918,687
918,1791
918,1800
918,1808
918,1812
918,1799
918,1809
918,1796
918,1807
918,1801
918,1814
918,1839
219,896
219,1138
219,844
219,956
219,997
219,1485
219,398
219,1993
219,857
219,472
219,1572
219,1754
219,2202
219,2221
219,2428
855,1285
855,1516
855,1284
855,1535
855,1552
855,1286
855,1472
855,1539
855,1287
855,1288
855,1551
855,1546
855,1540
855,55
855,1586
855,1309
855,906
855,1205
855,1584
855,1601
855,1627
855,1618
855,1566
855,1630
855,1632
855,2076
855,1648
855,1649
855,1311
855,1660
855,56
855,1661
855,1670
855,2080
855,1680
855,1312
855,1314
855,2078
855,1707
855,1705
855,1991
855,1728
855,1739
855,2207
855,2081
855,2208
855,1735
855,1453
855,2279
855,2228
855,2214
855,1155
855,1998
855,1999
855,2246
855,1833
855,838
855,1992
855,1770
855,2271
855,2243
855,2281
855,2304
855,1536
855,444
855,1823
855,1773
855,2005
855,638
855,2328
855,2083
855,1834
855,2347
855,887
855,2353
855,2358
855,1952
855,1951
855,988
855,2362
855,2368
855,2372
855,1997
855,2359
855,2377
855,2084
855,2379
855,449
855,1350
855,2003
855,2333
855,2400
855,2085
855,450
855,2265
855,2436
855,1981
855,2266
855,1982
855,547
855,548
855,669
855,494
855,2191
545,301
545,302
545,675
545,785
545,906
545,946
545,362
545,761
545,792
545,854
545,958
545,977
545,996
545,1044
545,330
545,54
545,332
545,331
545,1116
545,1110
545,2088
545,2086
545,2087
545,1205
545,2129
545,1210
545,2089
545,1221
545,1862
545,1281
545,1293
545,1966
545,2130
545,1968
545,1967
492,790
492,800
492,831
492,781
492,789
492,839
492,778
492,743
492,806
492,824
492,871
492,342
492,783
492,928
492,527
492,526
492,911
450,797
450,853
450,746
450,253
450,254
450,255
450,350
450,256
450,770
450,1087
450,351
450,570
450,96
450,97
450,98
450,93
450,94
450,95
450,952
450,856
450,813
450,867
450,999
450,698
450,724
450,814
450,959
450,827
450,147
450,103
450,681
450,90
450,2068
450,809
450,1151
450,299
450,300
450,320
450,321
450,1049
450,668
450,1191
450,1177
450,1192
450,2066
450,2067
764,286
764,15
764,1995
764,821
764,904
764,1996
764,1997
764,1998
764,1999
764,2000
764,83
764,2001
764,84
764,106
764,2121
764,2118
764,2002
764,2114
764,2119
764,2117
764,2003
764,2004
764,2005
764,2190
287,741
287,907
287,323
287,322
287,1165
287,1471
287,1650
287,1709
287,1077
287,821
287,904
287,1003
287,333
1303,177
1303,225
1303,226
1303,777
1303,788
1303,645
1303,554
1303,740
1303,739
1303,840
1303,227
1303,1102
1303,710
1303,1804
1303,1802
1303,159
1303,1908
1303,287
1303,289
1303,288
1303,290
1303,888
1303,1053
1303,969
1303,1068
1303,1129
1303,1997
1303,1864
1303,1846
460,1100
460,570
460,995
460,224
460,579
460,578
460,1049
460,122
460,1177
460,452
460,1191
460,1128
460,1192
460,1426
1012,125
1012,1120
1012,1945
1012,2068
1012,1141
1012,1170
1012,994
1012,1098
1012,337
1012,1502
1012,1456
1012,1555
1012,1559
1012,1585
1012,1573
1012,957
1012,2251
1012,2016
1012,1136
1012,2070
285,1045
285,1818
285,1959
285,1958
285,911
285,1008
285,236
285,1131
285,1150
285,1160
285,456
285,1167
285,1492
285,1548
285,1569
285,2140
285,1880
285,1688
285,1703
285,2230
1501,1536
1501,1686
1501,1008
1501,1866
1501,491
1501,492
1501,291
1501,1000
1501,355
1501,1645
1501,1433
1501,1135
1501,1454
1501,1115
1501,2303
1501,2333
1501,508
1501,937
1501,1406
1501,1306
1501,1928
1501,396
1501,1605
1501,1862
1428,420
1428,1347
1428,1466
1428,1173
1428,1519
1428,1632
1428,421
1428,1418
1428,1639
1428,1637
1428,2168
1428,1662
1428,1918
1428,434
1428,1684
1428,1985
1428,1836
1428,435
1428,2273
1428,2300
1428,381
1428,1729
1428,1949
1428,436
1428,2399
1428,1988
1428,441
1428,2170
1428,2434
1428,1921
1612,264
1612,604
1612,592
1612,501
1612,698
1612,12
1612,11
1612,502
1612,724
1612,674
1612,624
1612,766
1612,90
1612,742
1612,593
1612,640
1612,265
1612,774
1612,767
1612,760
1612,768
1612,498
1612,605
1612,722
1612,815
1612,255
1612,783
1612,818
1612,218
1612,141
1612,143
1612,180
1612,879
1612,827
1612,875
1273,270
1273,497
1273,289
1273,643
1273,912
1273,924
1273,651
1273,912
1273,994
1273,1045
1273,125
1273,1119
1273,2116
1273,930
1273,458
462,1212
462,238
462,1132
462,1262
462,118
462,1873
462,1342
462,1404
462,1446
462,1524
462,1577
462,1633
462,1984
462,1702
462,2098
462,2097
462,1985
462,1767
462,1986
462,2250
462,1987
462,2329
462,1988
462,2416
462,1989
1291,1203
1291,1245
1291,1146
1291,1212
1291,1262
1291,1845
1291,1059
1291,289
1291,1319
1291,1303
1291,1302
1291,1344
1291,1386
1291,124
1291,1524
1291,1633
1568,496
1568,571
1568,503
1568,864
1568,570
1568,1049
1568,1177
1568,1191
1568,1128
1568,1192
1568,1426
1568,2016
17,939
17,739
17,749
17,529
17,617
17,604
17,880
17,881
17,855
17,894
17,840
17,909
17,912
17,967
17,960
17,966
17,964
17,976
17,357
17,625
17,607
17,829
17,1102
17,382
17,520
17,1966
17,1117
17,652
17,1133
17,310
17,309
17,663
17,797
17,1167
17,853
17,1194
17,1168
17,452
17,1998
17,1207
17,1089
17,1015
17,1206
17,1014
17,610
17,611
17,612
17,1109
17,378
17,379
17,975
17,1112
17,1231
17,1863
17,311
17,312
17,1373
17,2145
17,2146
17,82
17,1409
17,1101
17,1999
17,1790
17,1842
17,372
17,730
17,1298
17,1500
17,1416
17,83
17,2142
17,2090
17,906
17,1121
17,979
17,845
17,278
17,1095
17,1541
17,2002
17,1882
597,1461
597,1495
597,1620
597,1667
597,1686
597,1744
597,1696
597,2177
597,368
597,277
597,2121
597,2123
597,2267
597,432
597,2186
597,2322
597,1388
597,2352
597,389
597,2178
597,433
597,2179
512,952
512,991
512,366
512,809
512,867
512,905
512,992
512,626
512,2011
512,1348
512,1667
512,389
783,349
783,904
783,1043
783,1003
783,54
783,736
783,2104
783,454
783,1165
783,1147
783,1859
783,455
783,1194
783,1161
783,1860
783,339
783,327
783,2092
783,1839
783,842
783,1015
783,1048
783,1089
783,751
783,1304
783,1999
783,1322
783,1016
783,863
783,2093
783,843
783,1410
783,1997
783,82
783,1122
783,1471
783,83
783,2001
783,1412
783,84
783,106
783,2095
783,1587
783,1870
783,2096
783,2004
783,491
783,2006
783,1871
783,2190
783,480
783,2191
1264,58
1264,495
1264,198
1264,499
1264,5
1264,369
1264,729
1264,555
1264,500
1264,565
1264,129
1264,635
1264,641
1264,590
1264,586
1264,284
1264,697
1264,340
1264,591
1264,89
1264,604
1264,624
1264,827
1264,66
1264,528
1264,501
1264,596
1264,453
1264,278
1264,946
1264,567
1264,1125
1264,995
1264,814
1264,658
1264,568
1264,2117
1264,1197
1264,1017
1264,226
1264,190
1264,569
1264,1324
1264,1093
1264,660
1264,1341
1264,1015
1264,1072
1264,1840
1264,2055
1264,416
1264,1916
1264,1452
1264,810
1264,2118
1264,454
1264,1495
1264,1870
1264,1373
1264,2121
1264,1418
1264,1274
1264,335
1264,1587
1264,1366
1264,1525
1264,1248
1264,1612
1264,2174
1264,1697
1264,1083
1264,2251
1264,23
1264,2198
1264,846
1264,1963
1264,1844
1264,1853
1087,1002
1087,843
1087,184
1087,863
1087,627
1087,369
1087,893
1087,586
1087,568
1087,115
1087,780
1087,539
1087,138
1087,1126
1087,117
1087,1137
1087,1020
1087,103
1087,633
1087,681
1087,189
1087,1138
1087,628
1087,1167
1087,1165
1087,1163
1087,570
1087,1049
1087,626
1087,109
1087,1207
1087,191
1087,1255
1087,1256
1087,867
1087,1164
1087,1282
1087,1320
1087,194
1087,1176
1087,195
1087,538
1087,1409
1087,473
1087,1821
1087,1074
1087,1461
1087,1495
1087,1127
1087,1567
1087,2091
1087,396
1087,1367
1087,829
1087,973
1087,1179
1087,1667
1087,1688
1087,2257
1087,140
1087,537
1087,1832
1087,193
1087,1592
1087,563
1087,2292
1087,2225
1087,2234
1087,1842
1087,2329
1087,2387
1087,408
1087,541
888,137
888,139
888,2042
888,1916
888,197
888,330
888,1283
888,851
888,1274
888,2048
888,1360
888,329
888,1287
888,2117
888,2044
888,535
888,1707
888,1739
888,2208
888,1661
888,1828
888,1829
888,1830
1198,119
1198,523
1198,294
1198,788
1198,640
1198,589
1198,854
1198,2017
1198,797
1198,17
1198,813
1198,762
1198,816
1198,867
1198,13
1198,807
1198,876
1198,342
1198,891
1198,596
1198,821
1198,904
1198,912
1198,181
1198,260
1198,695
1198,1996
1198,903
1198,577
1198,924
1198,524
1198,92
1198,566
1198,339
1198,930
1198,967
1198,936
1198,613
1198,950
1198,947
1198,595
1198,1086
1198,1087
1198,365
1198,585
1198,933
1198,938
1198,619
1198,541
1198,349
1198,955
1198,364
1198,351
1198,455
1198,645
1198,597
1198,269
1198,986
1198,114
1198,912
1198,994
1198,982
1198,981
1198,541
1198,843
1198,1997
1198,275
1198,276
1198,1044
1198,1045
1198,373
1198,863
1198,545
1198,842
1198,2019
1198,627
1198,1066
1198,19
1198,1062
1198,375
1198,1029
1198,1056
1198,1069
1198,620
1198,277
1198,1126
1198,1120
1198,621
1198,115
1198,1180
1198,1125
1198,849
1198,237
1198,2114
1198,1147
1198,633
1198,844
1198,1819
1198,1003
1198,754
1198,1165
1198,189
1198,117
1198,1152
1198,456
1198,525
1198,537
1198,99
1198,1136
1198,594
1198,2116
1198,1176
1198,1887
1198,1161
1198,1194
1198,1267
1198,2115
1198,2086
1198,1860
1198,1859
1198,980
1198,1036
1198,314
1198,378
1198,868
1198,311
1198,1213
1198,1209
1198,474
1198,2117
1198,396
1198,313
1198,376
1198,587
1198,1229
1198,315
1198,538
1198,539
1198,1051
1198,1197
1198,312
1198,1256
1198,1248
1198,1122
1198,1960
1198,1015
1198,1023
1198,1089
1198,453
1198,1021
1198,14
1198,846
1198,316
1198,850
1198,120
1198,229
1198,1012
1198,1012
1198,1253
1198,292
1198,126
1198,1295
1198,335
1198,540
1198,1013
1198,1232
1198,505
1198,2063
1198,1348
1198,338
1198,451
1198,2061
1198,1949
1198,1372
1198,2118
1198,464
1198,1373
1198,408
1198,1282
1198,1389
1198,543
1198,609
1198,1458
1198,1407
1198,82
1198,1400
1198,2119
1198,2173
1198,1425
1198,463
1198,1427
1198,1424
1198,372
1198,2094
1198,1022
1198,461
1198,1483
1198,1512
1198,476
1198,1077
1198,1484
1198,458
1198,459
1198,460
1198,2450
1198,1495
1198,84
1198,1865
1198,2121
1198,1522
1198,1868
1198,1544
1198,2048
1198,424
1198,317
1198,1564
1198,2064
1198,106
1198,472
1198,401
1198,2065
1198,1096
1198,1600
1198,2122
1198,1625
1198,425
1198,2174
1198,1078
1198,1634
1198,470
1198,1081
1198,1828
1198,1654
1198,1396
1198,465
1198,1667
1198,1663
1198,1083
1198,1506
1198,2120
1198,2137
1198,1082
1198,1719
1198,426
1198,25
1198,1684
1198,1760
1198,1666
1198,1755
1198,1703
1198,1729
1198,1030
1198,2123
1198,2135
1198,1829
1198,318
1198,438
1198,479
1198,1593
1198,1591
1198,1836
1198,2277
1198,2175
1198,2134
1198,1830
1198,2136
1198,1507
1198,2234
1198,2069
1198,389
1198,2287
1198,319
1198,440
1198,478
1198,1595
1198,407
1198,1835
1198,1594
1198,2288
1198,2420
1198,2139
1198,429
1198,2138
1198,2253
1198,1894
1198,1889
1198,2124
71,1212
71,335
71,1132
71,1262
71,1234
71,1293
71,1333
71,1342
71,1345
71,1357
71,1841
71,1404
71,1097
71,410
71,1475
71,2142
71,1524
71,1481
71,1577
71,1010
71,234
71,1633
71,2140
71,1654
71,1506
71,1702
71,2137
71,2132
71,2133
71,1766
71,1767
71,2135
71,2209
71,2250
71,2247
71,478
71,2302
71,2329
71,1032
71,2355
71,2357
71,2070
71,1712
71,2416
71,2427
71,480
71,1897
628,1004
628,1260
628,1294
628,118
628,1949
628,1319
628,1945
628,1947
628,1948
628,378
628,2153
628,738
628,1092
628,1873
628,379
628,1197
628,336
628,1354
628,1341
628,1863
628,1841
628,1790
628,1366
628,2155
628,1026
628,82
628,947
628,462
628,463
628,2156
628,2000
628,402
628,1452
628,316
628,2445
628,1363
628,466
628,134
628,474
628,83
628,471
628,137
628,1474
628,139
628,1076
628,1487
628,140
628,2157
628,184
628,194
628,1518
628,84
628,2158
628,196
628,1079
628,2148
628,658
628,2159
628,106
628,1537
628,1634
628,470
628,465
628,1831
628,1085
628,1828
628,1719
628,2111
628,2162
628,1703
628,467
628,468
628,2110
628,175
628,1435
628,1520
628,354
628,477
628,479
628,2113
628,2163
628,1592
628,90
628,677
628,473
628,1050
628,2164
628,1237
628,1851
628,1852
628,2181
628,2016
628,1670
628,469
628,1830
628,600
628,601
628,1581
628,2165
628,447
628,429
628,2276
628,480
628,448
628,2112
383,289
383,1212
383,618
383,1132
383,1098
383,1577
383,1633
383,51
383,1004
383,1702
383,2132
383,2247
1265,968
1265,947
1265,364
1265,1065
1265,1120
1265,1945
1265,1194
1265,378
1265,1424
1265,2067
1265,1609
1265,1666
1265,318
1265,315
1265,2070
688,268
688,394
688,613
688,1017
688,1511
688,269
688,1522
688,1528
688,1412
688,1562
688,387
688,2446
688,317
1289,246
1289,617
1289,630
1289,873
1289,596
1289,1100
1289,570
1289,1805
1289,1049
1289,28
1289,1604
1289,2338
1289,449
1289,2355
433,547
433,550
433,557
433,725
433,2452
433,1244
433,1275
433,1319
433,1329
433,1358
433,197
433,2060
433,2063
433,1842
433,1477
433,1343
433,1403
433,1479
433,1380
433,1346
433,1570
433,1610
433,1223
433,1661
1559,134
1559,137
1559,700
1559,258
1559,529
1559,629
1559,139
1559,712
1559,600
1559,775
1559,829
1559,279
1559,868
1559,887
1559,1040
1559,1236
1559,461
1559,1022
1033,681
1033,1010
1033,54
1033,844
1033,1974
1033,1975
1033,2086
1033,2088
1033,2087
1033,520
1033,396
1033,1425
1033,1538
1033,1446
1033,76
1033,1960
1033,1544
1033,2091
1033,1480
1033,1494
1033,477
819,1570
819,744
819,1456
819,1637
819,1276
819,1669
819,2160
819,1314
819,1838
819,1455
819,1700
819,2237
819,2282
819,445
819,2125
1649,799
1649,809
1649,1067
1649,865
1649,887
1649,885
1649,904
1649,356
1649,27
1649,922
1649,1045
1649,1818
1649,323
1649,349
1649,1366
1649,2352
953,512
953,624
953,693
953,568
953,625
953,1109
953,1124
953,264
953,30
953,1478
953,2090
953,1412
953,1420
953,2182
953,2091
953,26
953,1646
953,1031
953,2011
953,25
953,2374
953,2422
1396,1736
1396,1744
1396,1747
1396,2213
1396,2220
1396,2272
1396,2289
1396,2274
1396,2295
1396,2305
1396,2303
1396,2297
1396,2229
1396,2325
1350,560
1350,135
1350,200
1350,706
1350,720
1350,547
1350,732
1350,90
1350,742
1350,1011
1350,1975
1350,1974
1350,667
1350,703
1350,1976
1350,652
1350,799
1350,571
1350,630
1350,1977
1350,874
1350,886
1350,895
1350,901
1350,885
1350,915
1350,921
1350,926
1350,929
1350,131
1350,675
1350,715
1350,785
1350,896
1350,935
1350,761
1350,914
1350,918
1350,1009
1350,792
1350,854
1350,958
1350,1044
1350,1054
1350,1953
1350,1954
1350,1955
1350,1142
1350,1148
801,872
801,125
801,930
801,776
801,101
801,946
801,1020
801,313
801,797
801,800
801,951
801,962
801,853
801,940
801,914
801,958
801,801
801,1121
801,1219
801,1302
801,345
801,1188
801,1396
801,1666
801,434
801,475
801,1030
801,1755
801,1455
1456,973
1456,2031
1456,1052
1456,870
1456,1039
1456,1179
1456,335
1456,410
1456,1656
1456,2257
1456,1832
1456,2356
1456,2406
1021,64
1021,201
1021,202
1021,70
1021,71
1021,72
1021,2032
1021,73
1021,2035
1021,2036
1021,75
1021,262
1021,2039
1021,2038
1021,74
1021,2041
1021,2040
1021,2048
1021,2045
1021,2044
1021,2047
1021,210
1021,1822
1021,2049
1021,2053
1021,2051
1021,80
1021,2050
1021,77
1021,78
1021,2052
1021,211
1021,2193
1021,2054
1021,2037
1021,79
1153,896
1153,1037
1153,1055
1153,1139
1153,1501
1153,1503
1153,1162
1153,1171
1153,1504
1153,1193
1153,1568
1153,1216
1153,1257
1153,1066
1153,1230
1153,1223
1153,1258
1153,1244
1153,1259
1153,1264
1153,1268
1153,1278
1153,1331
1153,1463
1153,1376
1153,1422
1153,1442
1153,1470
1153,1493
1153,1510
1153,1527
1153,1553
1153,1606
1153,1607
1153,1626
1153,1658
1153,1691
1153,1699
1153,1743
1153,2206
1153,2279
1153,2254
1153,2258
1194,590
1194,12
1194,721
1194,495
1194,141
1194,143
1194,696
1194,245
1194,566
1194,708
1194,604
1194,670
1194,90
1194,752
1194,641
1194,581
1194,518
1194,225
1194,515
1194,249
1194,224
1194,1782
1194,1681
986,133
986,148
986,507
986,529
986,562
986,575
986,744
986,759
986,134
986,137
986,139
986,150
986,738
986,817
986,893
986,888
986,990
986,101
986,905
986,932
986,358
986,359
986,2009
481,1023
481,118
481,290
481,452
481,1167
481,1873
481,377
481,1859
481,1346
481,1156
481,1324
481,237
481,238
481,239
481,1389
481,1367
481,1380
481,797
481,940
481,1002
481,1409
481,335
481,1429
481,1361
481,1867
481,1254
481,842
481,1457
481,1024
481,1051
481,2183
481,1478
481,1495
481,1452
481,1487
481,1877
481,614
481,597
481,1022
481,1868
481,1548
481,1281
481,587
481,1576
481,2184
481,1328
481,1143
481,1655
481,1824
481,1479
481,1669
481,1667
481,1685
481,1688
481,2185
481,289
481,288
481,2098
481,2097
481,1843
481,475
481,1025
481,1137
481,1768
481,2105
481,2099
481,2186
481,2352
481,1614
481,1056
481,478
481,2302
481,2365
481,2187
481,2107
481,2387
481,1400
481,1304
481,1048
899,1327
899,1348
899,1352
899,1343
899,1378
899,1383
899,1394
899,1416
899,1421
899,906
899,1430
899,1436
899,1431
899,1497
899,1461
899,1500
899,1460
899,1403
899,1489
899,1472
899,1551
899,1573
899,1620
899,1566
899,1705
1524,868
1524,608
1524,912
1524,181
1524,183
1524,967
1524,101
1524,953
1524,1356
1524,912
1524,1040
1524,102
1524,1060
1524,2114
1524,1132
1524,1138
1524,184
1524,1211
1524,191
1524,1231
1524,1945
1524,1519
1524,1208
1524,537
1524,2165
1657,273
1657,755
1657,779
1657,610
1657,987
1657,808
1657,781
1657,807
1657,457
1657,833
1657,804
1657,864
1657,842
1657,121
1657,289
1657,903
1657,125
1657,570
1657,943
1657,769
1657,1997
1657,2060
1657,1056
1657,596
1657,1109
1657,1147
1657,317
1657,1017
1305,926
1305,181
1305,929
1305,935
1305,1009
1305,1054
1305,1061
1305,373
1305,1057
1305,1953
1305,1954
1305,73
1305,451
1305,425
1093,2057
1093,1601
1093,1620
1093,1608
1093,1641
1093,1648
1093,1653
1093,1725
1093,1657
1093,1660
1093,437
1093,1578
1093,1680
1093,1312
1093,1675
1093,1665
1093,1686
1093,1313
1093,1314
1093,1689
1093,1315
1093,1726
1093,1700
1093,2058
1093,1714
1093,1722
1093,1316
1093,1728
1093,1724
1093,1316
1093,1723
1093,1912
1093,1734
1093,1736
1093,2207
1093,1744
1093,1698
1093,1752
1093,1317
1093,1759
1093,1735
1093,1754
1093,1764
1093,1761
1093,2200
1093,2211
1093,2213
1093,2215
1093,2202
1093,2218
1093,2220
1093,1757
1093,2224
1093,2226
1093,2231
1093,2236
1093,2249
1093,2223
1093,1913
1093,2246
1093,2240
1093,2241
1093,2221
1093,2252
1093,2243
1093,1922
1093,2248
1093,1823
1093,1770
1093,2271
1093,2447
1093,2272
1093,2270
1093,2289
1093,2274
1093,2286
1093,2291
1093,2295
1093,1773
1093,2293
1093,2306
1093,2303
1093,2305
1093,1914
1093,2301
1093,2229
270,82
270,2000
270,1840
270,1022
270,83
270,2142
270,1479
270,394
270,2001
270,1480
270,1486
270,84
270,1511
270,1529
270,1570
270,106
270,1095
270,2002
270,1623
270,431
270,1669
270,1506
270,2003
270,1991
270,1722
270,1766
270,2212
270,2004
270,2237
270,2282
270,2005
270,2099
270,2327
270,2136
270,2336
270,1507
270,2006
270,2337
270,2069
270,2287
270,2187
270,2393
270,2070
270,2391
270,2288
270,415
270,2397
270,2139
270,2423
270,2424
270,1906
270,2071
270,2190
270,2253
270,1901
270,1892
270,2072
270,2191
1377,1218
1377,127
1377,462
1377,1357
1377,1841
1377,1334
1377,1155
1377,380
1377,334
1377,1424
1377,1415
1377,1447
1377,463
1377,1489
1377,1532
1377,1877
1377,1846
1377,273
1377,417
1377,1418
1377,1517
1377,424
1377,1536
1377,1858
1377,387
1377,1573
1377,1612
1377,1616
1377,1615
1377,1843
1377,1629
1377,425
1377,1621
1377,1651
1377,2110
1377,1664
1377,1667
1377,1831
1377,1673
1377,368
1377,1084
1377,1676
1377,1711
1377,475
1377,1727
1377,1712
1377,426
1377,1740
1377,2111
1377,1878
1377,1746
1377,2081
1377,430
1377,2219
1377,2113
1377,2261
1377,2267
1377,1652
1377,2277
1377,421
1377,434
1377,435
1377,2260
1377,478
1377,2181
1377,428
1377,2349
1377,2084
1377,2373
1377,389
1377,2384
1377,1538
1377,427
1377,2413
1377,1892
1377,2434
1377,2112
58,1812
58,938
58,378
58,452
58,1217
58,1839
58,1002
58,797
58,2103
58,1346
58,1463
58,1115
58,424
58,1424
58,425
58,2159
58,1947
58,1945
58,1946
58,2163
58,2164
749,1343
749,1403
749,386
749,1477
749,1499
749,1472
749,1464
749,1285
749,1543
749,1581
749,481
749,1586
749,387
749,388
749,1618
749,1456
749,1649
749,1637
749,829
749,973
749,1661
749,1619
749,1670
749,1313
749,1682
749,1726
749,1690
749,1711
749,1714
749,1713
749,1721
749,1766
749,442
749,2214
749,1746
749,1833
749,1293
749,2255
749,2204
749,2282
749,2267
749,1827
749,2294
749,2357
749,389
749,449
749,2382
749,2367
749,2384
749,2396
749,772
749,2340
749,1114
749,1888
749,2345
749,1907
930,1979
930,659
930,2082
930,1091
930,2074
930,2077
930,75
930,31
930,2075
930,32
930,2079
930,33
930,2076
930,2080
930,2078
930,1991
930,35
930,197
930,2081
930,292
930,1992
930,256
930,2083
930,2084
930,2085
930,480
1226,1210
1226,1205
1226,1214
1226,1219
1226,1255
1226,1269
1226,1221
1226,1323
1226,1355
1226,1289
1226,1419
1226,1482
1226,1492
1226,1588
1226,2091
1226,1856
1226,2279
844,64
844,203
844,67
844,68
844,69
844,202
844,70
844,71
844,126
844,72
844,73
844,208
844,75
844,74
844,210
844,80
844,77
844,78
844,211
844,79
1134,828
1134,713
1134,537
1134,1969
1134,1970
1134,601
1134,840
1134,812
1134,188
1134,864
1134,181
1134,1110
1134,1056
1134,1945
1134,2022
1134,1236
1134,1455
1203,308
1203,1209
1203,396
1203,1213
1203,2144
1203,1994
1203,1448
1203,1360
1203,2126
1203,2235
1203,2300
1203,2413
694,717
694,518
694,610
694,708
694,287
694,727
694,147
694,453
694,529
694,641
694,742
694,617
694,225
694,770
694,778
694,288
694,760
694,1961
694,355
694,719
694,774
694,804
694,649
694,783
694,772
694,636
694,779
694,226
694,718
694,830
694,647
694,832
694,800
694,299
694,859
694,289
694,300
694,519
92,494
92,247
92,397
92,1962
92,1950
92,373
92,760
92,937
92,1250
92,327
92,328
92,1956
92,264
92,237
92,330
92,349
92,398
1461,68
1461,69
1461,202
1461,70
1461,71
1461,72
1461,73
1461,208
1461,75
1461,74
1461,210
1461,80
1461,77
1461,78
1461,211
443,49
443,559
443,149
443,581
443,90
443,157
443,89
443,88
443,65
443,109
443,486
443,198
443,140
443,493
443,709
443,1951
443,600
443,313
443,181
443,22
443,1020
443,1002
443,865
443,1038
443,102
443,813
443,999
443,1322
443,1043
443,1409
1329,684
1329,133
1329,148
1329,490
1329,744
1329,90
1329,95
1329,249
1329,184
1329,194
1329,1231
1329,1389
1329,488
1329,1233
1329,1858
706,1966
706,1967
706,1124
706,1968
706,1189
706,1015
706,1224
706,1825
706,1614
706,2357
706,389
706,2100
706,2388
706,1835
706,2416
706,1906
706,2421
706,2071
706,2191
706,2124
975,886
975,895
975,901
975,915
975,921
975,908
975,926
975,909
975,929
975,935
975,960
975,1009
975,998
975,1142
975,1148
975,1149
975,1587
975,1612
975,1617
975,2263
975,2265
975,2266
1460,1261
1460,1327
1460,981
1460,1383
1460,1393
1460,1428
1460,1431
1460,508
1460,1489
1460,1514
1460,1573
1460,1673
1460,1751
1460,2261
1554,125
1554,112
1554,113
1554,856
1554,938
1554,185
1554,287
1554,289
1554,356
1554,729
1554,705
1554,670
1554,1934
1554,1933
1554,167
1554,879
1554,970
1554,950
1554,864
1554,114
1554,1041
1554,870
1554,983
1554,1180
1554,1115
1554,1158
1554,1134
1554,1167
1554,1849
1554,792
1554,1293
1554,1369
1554,1088
1554,2073
1554,1842
1554,1853
1554,1106
1554,1502
1554,2126
1554,1519
1554,1564
1554,1848
1554,1851
1554,743
1554,1237
1554,1852
1554,1869
1554,2198
1554,1656
1554,1083
1554,1684
1663,700
1663,707
1663,720
1663,723
1663,12
1663,136
1663,629
1663,629
1663,96
1663,512
1663,97
1663,213
1663,214
1663,584
1663,90
1663,760
1663,1366
877,849
877,902
877,1195
877,357
877,558
877,1819
877,1820
877,1015
877,1023
877,363
877,1147
877,2066
877,1089
877,1016
877,1373
1023,967
1023,90
1023,944
1023,969
1023,622
1023,912
1023,623
1023,321
1023,452
1023,1181
1023,306
1023,2102
1023,1977
1023,1787
1023,1026
1023,2449
1023,872
1023,1997
1023,2082
1023,473
1023,1027
1023,304
1023,797
1023,1375
1023,1392
1023,466
1023,1858
1023,1846
1023,1028
1023,1863
1023,1356
1023,81
1023,1831
274,866
274,240
274,955
274,1017
274,627
274,1328
274,123
274,1107
274,1078
274,714
274,461
274,641
274,2446
274,585
274,1679
274,1018
274,1019
1530,574
1530,498
1530,3
1530,245
1530,141
1530,96
1530,90
1530,555
1530,719
1530,143
1530,566
1530,616
1530,87
1530,629
1530,629
1530,600
1530,506
1530,734
1530,284
1530,727
1530,770
1530,565
1530,774
1530,641
1530,630
1530,690
1530,543
1530,119
1530,288
1530,677
1530,766
1530,609
1530,587
1530,818
1530,680
1530,260
1530,786
1530,777
1530,729
1530,743
1530,1815
1530,1816
1286,1119
1286,1049
1286,666
1286,1159
1286,1021
1286,496
1286,495
1286,1177
1286,1100
1286,1191
1286,1192
1286,1426
447,1775
447,2217
447,94
447,515
447,109
447,168
447,852
447,601
447,177
447,615
447,294
447,777
447,788
447,923
447,873
447,142
447,289
447,706
1218,946
1218,977
1218,994
1218,996
1218,324
1218,666
1218,1119
1218,769
1218,1116
1218,849
1218,1040
1218,127
1218,2010
1218,199
206,545
206,588
206,580
206,676
206,590
206,697
206,261
206,689
206,497
206,708
206,705
206,585
206,714
206,731
206,641
206,762
206,497
206,598
206,769
206,121
206,642
206,903
206,457
206,953
206,945
206,1583
871,1434
871,1500
871,1461
871,1499
871,1514
871,1284
871,1287
871,1505
871,1288
871,1582
871,1575
871,1586
871,1618
871,1620
871,1649
871,1311
871,1628
871,1312
871,2058
871,1708
871,475
871,1753
871,1744
871,2220
871,2236
871,1833
871,34
871,1770
871,2268
871,1823
871,1834
871,2355
871,2382
871,2386
871,2389
871,1604
871,2368
871,2411
871,2340
871,2415
871,2415
871,2343
871,2195
871,480
871,36
1126,1231
1126,1270
1126,1848
1126,1882
1126,2116
1126,2115
1126,1081
1126,1468
1126,315
1126,1851
1126,1852
1126,1711
1126,559
1126,1777
1126,2251
1126,2250
1126,1103
1126,2259
1126,2285
1126,446
1126,319
1126,2069
1126,2124
76,374
76,974
76,651
76,983
76,654
76,744
76,2443
76,375
76,1220
76,105
76,1279
76,1190
76,1303
76,86
76,1140
76,513
76,1855
76,1445
76,1874
76,1536
76,2384
76,1825
76,1455
76,2393
76,2253
76,1729
298,529
298,515
298,767
298,810
298,522
298,760
298,107
298,41
298,523
298,100
298,557
298,2452
298,561
298,560
298,135
298,842
298,453
298,827
298,454
298,101
298,751
298,754
298,753
298,587
298,678
298,803
298,707
298,797
298,853
298,455
298,940
298,1782
298,1886
298,761
298,792
298,854
298,958
298,897
298,1045
298,843
298,979
298,845
298,1139
298,1048
298,346
298,104
298,1110
298,906
298,1190
298,335
298,317
298,318
298,316
298,497
298,315
298,347
298,1907
223,300
223,320
223,170
223,908
223,909
223,915
223,921
223,926
223,929
223,935
223,290
223,307
223,103
223,681
223,587
223,343
223,109
223,116
223,1146
223,532
223,344
223,390
223,1960
223,393
223,405
10,925
10,1104
10,1236
10,2443
10,1190
10,375
10,2444
10,462
10,376
10,1336
10,1363
10,2445
10,40
10,471
10,2001
10,84
10,1441
10,1554
10,1024
107,1208
107,1305
107,462
107,1847
107,1351
107,460
107,2450
107,82
107,1406
107,463
107,1424
107,459
107,458
107,2075
107,419
107,1916
107,1420
107,1487
107,2109
107,1453
107,2126
107,1846
107,1418
107,424
107,420
107,1519
107,1858
107,1465
107,2014
107,2079
107,2127
107,467
107,421
107,1545
107,425
107,2438
107,1652
107,2080
107,2098
107,1580
107,1704
107,2078
107,1602
107,426
107,1642
107,2128
107,2111
107,2097
107,1032
107,2197
107,442
107,1593
107,1678
107,2099
107,356
107,1595
107,2278
107,2181
107,1920
107,2069
107,2100
107,436
107,2107
107,2422
107,2266
744,354
744,879
744,289
744,937
744,951
744,529
744,908
744,960
744,1039
744,1063
744,1059
744,1132
744,1140
744,1144
744,597
744,1859
744,740
744,1860
744,618
744,1188
744,739
744,1867
744,1446
744,2180
744,2098
744,2250
744,2329
744,1342
744,2109
744,2100
550,2146
550,2056
550,1350
550,1355
550,1348
550,1463
550,1352
550,1329
550,980
550,15
550,1378
550,1379
550,1423
550,1401
550,1394
550,1399
550,1416
228,161
228,169
228,711
228,710
228,168
228,166
228,176
228,178
228,710
228,1794
228,1795
228,530
228,1797
228,1798
228,1799
228,1796
228,1800
228,1801
228,1802
228,1803
228,1804
228,1806
228,1812
525,171
525,711
525,710
525,708
525,146
525,159
525,170
525,509
525,485
525,166
525,176
525,178
525,1792
525,710
525,1791
525,1794
525,1795
525,169
525,174
525,173
525,687
525,1793
525,1797
525,1798
525,1799
525,1796
525,1800
525,1801
525,987
525,1803
525,1802
525,1229
525,1197
525,230
525,1013
525,82
525,1424
525,410
525,2001
525,1453
525,106
525,2002
525,2003
525,426
525,2006
908,71
908,72
908,73
908,208
908,75
908,74
908,210
908,80
908,77
908,78
908,211
908,79
1563,1017
1563,924
1563,1319
1563,1056
1563,1282
1563,850
1563,1303
1563,1320
1563,1136
1563,1321
1563,1945
1563,1333
1563,848
1563,1334
1563,1344
1563,2063
1563,1338
1563,1098
1563,1368
1563,1359
1563,1363
1563,1396
1563,1417
1563,2013
1563,1451
1563,1022
1563,461
1563,1495
1563,953
1563,1874
1563,1519
1563,1560
1563,1555
1563,1078
1563,1559
1563,406
1563,2064
1563,2160
1563,2446
1563,2065
1563,470
1563,1637
1563,1667
1563,1677
1563,1679
1563,1030
1563,432
1563,440
1563,2334
1563,433
1563,1906
1563,1889
1563,2414
1214,330
1214,317
1214,2091
1214,316
1214,1081
1214,1634
1214,1240
1214,318
1214,1828
1214,1829
1214,2137
1214,423
1214,2446
1214,1830
1214,1136
1214,1842
1214,2186
1214,429
1214,2300
1214,2187
1214,2374
1214,2188
1214,1897
1751,864
1751,358
1751,925
1751,359
1751,994
1751,360
1751,2010
1751,2011
1751,1303
1751,1372
1751,232
1751,1855
1751,1072
1751,2013
1751,1479
1751,1876
1751,423
1751,1717
1751,2197
1751,447
919,735
919,689
919,262
919,1644
919,801
919,247
919,765
919,748
919,798
919,947
919,937
919,60
919,971
919,263
919,1389
919,1424
919,975
919,1402
919,1482
919,1928
919,1254
919,398
919,2079
919,1717
919,309
919,273
919,1862
919,1614
919,2130
919,2053
919,355
919,1234
919,537
156,278
156,64
156,99
156,70
156,202
156,71
156,1990
156,326
156,2082
156,2074
156,2077
156,2075
156,32
156,2080
156,1991
156,2081
156,77
156,1593
156,1992
156,78
156,2083
156,2084
156,1642
156,2085
156,480
1487,1273
1487,1346
1487,1254
1487,1299
1487,1570
1487,1623
1487,337
1487,1669
1487,2212
1487,507
1487,2233
1487,2327
35,17
35,1793
35,864
35,124
35,710
35,15
35,16
35,176
35,601
35,684
35,1794
35,1795
35,873
35,882
35,855
35,89
35,88
35,91
35,1798
35,342
35,610
35,748
35,125
35,364
35,979
35,845
35,1803
35,912
35,27
35,950
35,597
35,1122
35,1139
35,393
35,344
35,1051
35,1260
35,1294
35,1357
35,1331
35,237
35,40
35,394
35,1530
35,633
35,1022
35,238
35,1480
35,1494
35,1272
35,1194
35,1021
35,2016
1086,1997
1086,1147
1086,1139
1086,1231
1086,185
1086,1229
1086,2155
1086,497
1086,111
1086,1544
1086,488
1086,1479
1086,2384
1254,1113
1254,1005
1254,1105
1254,360
1254,230
1254,2145
1254,335
1254,1358
1254,1388
1254,1857
1254,1571
1254,1389
1254,418
1254,1620
1254,364
1254,1040
1254,2216
1254,423
1254,1912
1254,1734
1254,2447
1254,1772
1254,2272
1254,2306
1254,2297
1254,1914
1254,2196
1254,2229
1254,789
1380,1536
1380,1516
1380,349
1380,730
1380,387
1380,1461
1380,1200
1380,337
1380,1614
1380,1448
1380,238
1380,1628
1380,2174
1380,2173
1380,1522
1380,1276
1380,1651
1380,1649
1380,1570
1380,1669
1380,1505
1380,1711
1380,1727
1380,838
1380,1424
1380,1256
1380,2175
322,631
322,166
322,1847
322,29
322,2451
322,1373
322,30
322,1846
322,394
322,2101
322,1868
322,1874
322,1302
322,1077
322,1465
322,1028
322,1581
322,1479
322,1265
322,1377
322,2140
322,1820
322,414
322,413
322,1138
322,1624
322,642
322,1437
322,1990
322,1690
322,1635
322,1636
322,1647
322,1718
322,1745
322,1599
322,2250
322,2274
347,528
347,15
347,245
347,566
347,616
347,690
347,93
347,94
347,127
347,133
347,495
347,575
347,600
795,790
795,86
795,582
795,860
795,889
795,487
795,619
795,620
795,621
795,1998
795,1336
795,476
795,1074
795,2001
795,477
621,310
621,309
621,312
621,2141
621,1271
621,1388
621,2140
621,1505
621,2177
621,2322
621,2178
621,433
621,2340
621,2179
621,2345
866,1008
866,356
866,357
866,452
866,888
866,1847
866,1463
866,1066
866,1230
866,1458
866,2296
866,1908
866,2261
1197,1641
1197,1765
1197,2016
1197,2262
1197,2275
1197,877
1197,1256
1197,533
1197,2352
1197,2357
1197,389
1197,2388
1197,2069
1197,2397
1197,1906
1197,2423
1197,1907
1368,2021
1368,972
1368,1181
1368,1184
1368,2056
1368,1185
1368,2017
1368,1198
1368,1186
1368,1214
1368,1241
1368,1243
1368,1252
1368,2027
1368,1337
1368,1135
1368,1329
1368,1339
1368,330
1368,1929
1368,551
1368,857
1368,1378
1368,1402
1368,1413
1368,1436
1368,1430
1368,1497
1368,197
1368,1508
1368,1928
1368,1306
1368,1216
1368,1223
1368,1006
1368,1244
1368,1268
1368,1171
1368,1630
1368,1723
1368,1736
1368,688
1368,672
1368,686
1368,1257
1368,1037
1368,1055
1368,2221
1368,353
1368,2348
1368,2360
1368,2371
1368,2381
1159,1779
1159,1784
1159,286
1159,810
1159,1952
1159,1785
1159,222
1159,761
1159,854
1159,2020
1159,873
1159,289
1159,1044
1159,1111
1159,116
1159,1124
1159,1157
1159,1145
1159,1214
1159,1289
1159,422
1366,739
1366,215
1366,223
1366,497
1366,1969
1366,579
1366,617
1366,705
1366,740
1366,1970
1366,666
1366,697
1366,249
1366,769
1366,762
1366,594
1366,516
1366,599
1366,1971
1366,91
1366,288
1366,1972
1366,777
1366,788
1366,175
1366,355
1366,354
1366,894
1366,566
1366,245
1366,624
1366,605
1366,864
1366,46
1366,772
1366,704
1366,606
1366,109
1366,604
1366,110
1366,358
1366,123
1366,124
1366,612
1366,65
1366,566
1366,359
1366,942
1366,503
1366,607
1366,568
1366,103
1366,681
1366,623
1366,625
1366,1938
1366,621
1366,1049
1366,532
1366,1129
1366,1945
1366,626
1366,1946
1366,387
1366,1081
1038,1716
1038,1722
1038,1316
1038,1815
1038,1724
1038,1721
1038,1912
1038,1734
1038,2207
1038,1665
1038,1985
1038,1317
1038,2200
1038,2231
1038,2297
1038,2286
1038,2325
1038,2338
1038,2354
1038,1770
1038,2255
1038,2347
1038,2361
1038,2375
1038,2376
1038,2084
1038,2386
1038,2189
1038,1681
1038,2264
1038,2339
1038,1988
1038,2370
1038,2401
1038,2411
1038,2085
1038,2342
1038,2343
1038,2059
1038,2429
1038,1890
1038,1989
1038,1895
1038,1903
501,842
501,937
501,1817
501,290
501,1039
501,1132
501,1124
501,1117
501,1144
501,1960
501,1859
501,618
501,1860
501,1212
501,1262
501,1845
501,1256
501,1342
501,1098
501,1022
501,1446
1647,217
1647,678
1647,707
1647,228
1647,139
1647,708
1647,93
1647,497
1647,1779
1647,711
1647,160
1647,161
1647,564
1647,94
1647,12
1647,47
1647,171
1647,169
1647,90
1647,578
1647,127
1647,129
1647,133
1647,635
1647,641
1647,733
1647,48
1647,225
1647,579
1647,15
1647,16
1647,170
1647,168
1647,176
1647,178
1647,833
1647,226
1647,710
1647,91
1647,542
1647,715
1647,2027
1647,785
1647,896
1647,595
1482,1792
1482,137
1482,139
1482,710
1482,515
1482,1794
1482,166
1482,110
1482,710
1482,1793
1482,162
1482,160
1482,161
1482,171
1482,711
1482,1795
1482,1797
1482,1798
1482,1799
1482,1796
1482,174
1482,1800
1482,1802
1482,1803
1482,1804
1482,1805
1482,1806
1482,1807
1482,103
1482,681
1482,1808
1482,1809
1482,1812
1482,1813
1482,1814
1700,1375
1700,857
1700,1493
1700,1510
1700,1527
1700,329
1700,1675
1700,1754
1700,2202
1700,2293
1700,2211
1700,2283
1700,1681
519,1185
519,1186
519,1142
519,1148
519,1149
519,1230
519,2056
519,1241
519,1252
519,1263
519,2449
519,782
519,805
519,822
519,1339
519,1339
519,1352
519,1463
519,1375
519,1378
519,1392
519,1430
519,1514
519,1518
519,1474
519,1516
519,145
519,1285
519,1499
519,1587
519,1610
519,1675
519,1726
519,1714
519,1728
519,1329
519,1738
519,247
519,1761
519,2317
519,2325
1113,1121
1113,1219
1113,1289
1113,194
1113,2091
1113,2079
1113,1828
1113,1829
1113,34
1113,1544
1113,429
1113,36
1158,203
1158,67
1158,68
1158,69
1158,202
1158,70
1158,71
1158,72
1158,73
1158,208
1158,75
1158,74
1158,210
1158,80
1158,77
1158,78
1158,34
1158,211
1158,79
813,1374
813,912
813,940
813,1034
813,1035
813,1963
813,1204
813,1965
813,1210
813,105
813,229
813,1256
813,2091
813,391
1540,1842
1540,2183
1540,1096
1540,2184
1540,2140
1540,1824
1540,2098
1540,2185
1540,2097
1540,2135
1540,2105
1540,1881
1540,2186
1540,2134
1540,2099
1540,638
1540,478
1540,2136
1540,1507
1540,2187
1540,2139
1540,1906
1540,2138
1163,517
1163,146
1163,731
1163,527
1163,159
1163,250
1163,767
1163,168
1163,251
1163,225
1163,810
1163,160
1163,711
1163,710
1163,808
1636,1501
1636,1503
1636,1504
1636,1259
1636,1264
1636,1565
1636,1568
1636,1362
1636,1249
1636,1691
1636,1699
1636,1743
1636,1727
1636,2206
1636,2254
889,174
889,176
889,178
889,687
889,1791
889,1792
889,710
889,1793
889,1794
889,162
889,160
889,161
889,169
889,170
889,168
889,171
889,711
889,1795
889,1797
889,1798
889,1799
889,1796
889,1800
889,1801
889,1802
889,1803
889,1804
889,1806
889,1807
889,1808
889,1809
889,1810
889,1811
889,1812
1686,686
1686,93
1686,94
1686,529
1686,564
1686,90
1686,95
1686,223
1686,810
1686,1970
1686,1969
1686,1171
1686,131
1686,675
1686,715
1686,785
1686,896
1686,1565
1686,1568
1686,332
1686,331
1686,330
1686,1422
1686,1442
1686,1470
1686,1376
1686,1503
1686,1504
1686,1553
1686,1264
1686,1501
1686,1607
1686,559
1686,1493
1686,1510
1686,1626
1686,1743
1686,2206
1686,2254
1731,1169
1731,782
1731,805
1731,1950
1731,1866
1731,2102
1731,291
1731,1234
1731,1364
1731,1929
1731,1462
1731,1547
1731,1928
1731,1590
1731,1645
1731,1694
1731,2209
1731,2318
1731,2326
1731,1587
1731,2380
1731,797
1731,853
1731,940
657,1616
657,1649
657,1311
657,1314
657,1689
657,1315
657,2216
657,1708
657,1716
657,1722
657,1316
657,1724
657,1737
657,1728
657,1739
657,1985
657,1759
657,2197
657,1815
657,481
657,1986
657,1341
657,2224
657,2245
657,2226
657,2214
657,2240
657,1833
657,2243
657,2256
657,1992
657,2151
657,2304
657,2261
657,2270
657,2286
657,2297
657,1914
657,2325
657,2347
657,2338
657,2349
657,1456
657,2255
657,2369
657,2375
657,1664
657,2386
657,2384
657,2393
657,2409
657,1726
657,2280
657,2429
657,1681
657,2199
657,1890
657,2435
657,1895
657,1900
657,1903
1277,63
1277,799
1277,457
1277,838
1277,1971
1277,493
1277,854
1277,608
1277,797
1277,278
1277,540
1277,188
1277,885
1277,912
1277,313
1277,50
1277,1983
1277,541
1277,541
1277,67
1277,967
1277,949
1277,940
1277,149
1277,931
1277,68
1277,958
1277,455
1277,939
1277,979
1277,845
1277,100
1277,650
1277,8
1277,21
1277,964
1277,1005
1277,843
1277,184
1277,1044
1277,893
1277,777
1277,1043
1277,1818
1277,1126
1277,140
1277,196
1277,911
1277,1118
1277,1006
1277,1037
1277,1055
1277,305
1277,1066
1277,2007
1277,189
1277,15
1277,1171
1277,1166
1277,332
1277,1206
1277,452
1277,659
1277,1223
1277,1167
1277,1319
1277,1458
1277,1482
1277,2168
1277,2091
1277,2140
1277,318
1277,1592
1277,2096
1277,2171
240,733
240,1430
240,1456
240,1489
240,1546
240,1555
240,868
240,1566
240,1573
240,481
240,2256
240,2386
829,106
829,1622
829,1633
829,1646
829,439
829,1750
829,2244
829,2333
829,2300
829,2337
829,440
829,2125
829,441
829,2422
829,2413
829,2374
1156,1844
1156,1271
1156,1388
1156,1854
1156,1870
1156,1584
1156,409
1156,1465
1156,1590
1156,2177
1156,1082
1156,2209
1156,1593
1156,794
1156,2318
1156,478
1156,795
1156,2380
1156,2150
1156,2178
1156,2179
419,1109
419,2010
419,903
419,1160
419,1849
419,1173
419,1206
419,658
419,1069
419,1154
419,376
419,1229
419,1237
419,2011
419,1224
419,378
419,237
419,994
419,1282
419,1138
419,1949
419,335
419,1937
419,2153
419,726
419,1276
419,1256
419,2012
419,2154
419,1850
419,1361
419,408
419,1015
419,1387
419,1405
419,580
419,2013
419,1842
419,1022
419,1461
419,1869
419,1098
419,1233
419,1502
419,1522
419,1844
419,1870
419,1548
419,1533
419,1561
419,1882
419,1858
419,2446
419,1598
419,2160
419,1851
419,1693
419,1679
419,1815
419,1883
419,2220
419,2198
419,1019
419,1884
419,1646
419,1136
419,432
419,2284
419,1652
419,1418
419,2260
419,2273
419,1729
419,2357
419,2234
419,1756
419,1865
419,120
419,2069
419,446
419,117
419,389
419,440
419,2239
419,2365
419,2399
419,1988
419,445
419,2422
419,1905
419,429
419,2431
419,2253
419,406
419,1906
419,2374
419,2302
419,2134
419,448
419,1907
618,1442
618,1470
618,1606
618,1421
618,1508
618,1607
618,1553
618,1604
618,1626
618,1658
618,1691
618,2206
618,2254
618,444
618,2320
618,491
377,1911
377,1608
377,1682
377,1675
377,1681
377,1689
377,2216
377,1700
377,1710
377,1714
377,1716
377,1722
377,1728
377,1724
377,1721
377,1912
377,1736
377,2207
377,1749
377,1752
377,1985
377,1747
377,1698
377,1317
377,1738
377,1761
377,2200
377,2211
377,2213
377,1671
377,2215
377,2222
377,2208
377,1986
377,2218
377,1643
377,2220
377,1757
377,2224
377,1762
377,2231
377,1763
377,2236
377,2223
377,1913
377,2246
377,2240
377,1441
377,2252
377,1922
377,2255
377,1823
377,2271
377,2248
377,1772
377,2204
377,2274
377,2333
377,913
377,1773
377,2291
377,2303
377,2306
377,2196
377,2294
377,2229
377,2317
377,2326
377,2319
377,2331
377,2338
377,2349
377,2351
377,2332
377,2358
377,2354
377,1742
377,1770
377,2364
377,2194
377,2362
377,1923
377,2369
377,2377
377,2055
377,2361
377,2363
377,2376
377,2307
377,2386
377,2389
377,2448
377,2392
377,2394
377,2308
377,2309
377,2368
377,2398
377,1619
377,2383
377,2396
377,2339
377,2401
377,2408
377,2411
377,2417
377,2418
377,2341
377,2342
377,2412
377,2343
377,2403
377,2059
377,2432
377,2436
377,2344
377,2404
377,2195
377,1898
377,1900
377,2405
377,1903
377,2426
377,2425
377,1896
1067,2140
1067,414
1067,2177
1067,2276
1067,2083
1067,2322
1067,1547
1067,1920
1067,2069
1067,2365
1067,2100
1067,2187
1067,2178
1067,440
1067,2070
1067,2192
1067,1274
1067,415
1067,2416
1067,2265
1067,2171
1067,2266
1067,1524
1067,1921
1067,1921
1167,1228
1167,1188
1167,248
1167,1239
1167,1261
1167,1026
1167,1327
1167,1924
1167,1352
1167,1383
1167,2149
1167,1027
1167,1925
1167,1430
1167,466
1167,1460
1167,1926
1167,1584
1167,1028
1167,234
1167,235
1167,467
1167,1831
1167,1686
1167,46
1167,1701
1167,1733
1167,468
1167,2151
1167,2296
1167,2152
1167,469
1167,2150
945,882
945,968
945,1799
945,1792
945,1798
945,1794
945,1801
945,160
945,161
945,290
945,711
945,978
945,1803
945,1802
1383,353
1383,127
1383,133
1383,670
1383,10
1383,526
1383,1775
1383,2217
1383,637
1383,563
1383,590
1383,483
1383,245
1383,97
1383,554
1383,15
1383,644
1383,507
1383,506
1383,198
1383,629
1383,529
1383,616
1383,582
1383,583
1383,686
1383,672
1383,484
1383,486
1383,134
1383,137
1383,701
1383,699
1383,708
1383,991
1383,213
1383,566
1383,12
1383,223
1383,720
1383,939
1383,676
1383,629
1383,722
1383,138
1383,138
1383,509
1383,214
1383,600
1383,1974
1383,141
1383,678
1383,143
1383,734
1383,707
1383,218
1383,1969
1383,559
1383,1777
1383,542
1383,744
1383,544
1383,572
1383,90
1383,624
1383,763
1383,819
1383,761
1383,767
1383,636
1383,219
1383,792
1383,825
1383,810
1383,601
1383,487
1383,1971
1383,797
1383,1104
1383,2280
1125,597
1125,596
1125,812
1125,846
1125,216
1125,1128
1125,1247
1125,1022
1125,1018
1125,1538
1125,318
1125,2183
1125,2096
1125,1031
1125,2220
1125,386
1125,1881
1125,2247
1125,438
1125,2099
1125,2100
1125,319
1125,2070
1125,1835
1125,2120
1125,2416
1125,2412
1125,1642
1125,2069
1125,2071
1125,1750
1125,2337
1125,1894
1125,2266
1125,2188
1125,1888
1125,2072
1125,1907
205,90
205,663
205,1860
205,238
205,1307
205,1242
205,2066
205,1322
205,1231
205,1998
205,239
205,2036
205,1250
205,1274
205,1925
205,1389
205,2118
205,1370
205,1842
205,413
205,1869
205,1233
205,1865
205,1870
205,1916
205,1868
205,1429
205,1478
205,1287
205,424
205,2040
205,1453
205,1882
205,2067
205,2057
205,1663
205,1702
205,2003
205,1918
205,1698
205,1992
205,2329
205,2323
205,2265
205,2420
205,2071
703,2145
703,2146
703,309
703,1231
703,2144
703,529
703,1420
703,1440
703,1865
703,1916
703,1868
703,1096
703,1598
703,2140
441,378
441,1142
441,1151
441,1149
441,1162
441,1184
441,1193
441,1965
441,1214
441,1423
441,1401
441,1450
441,1461
441,1542
441,1492
441,1854
441,835
441,1286
441,1222
441,1505
441,1570
441,1567
441,55
441,1584
441,1885
441,234
441,409
441,482
441,939
441,235
441,1631
441,2127
441,1848
441,1081
441,56
441,2439
441,1677
441,1665
441,1686
441,1685
441,368
441,1693
441,1688
441,2440
441,2441
441,1753
441,59
441,536
441,1733
441,1761
441,1671
441,2235
441,2291
441,2292
441,2323
441,2194
441,389
441,2195
944,1647
944,1718
944,1731
944,1643
944,1762
944,2196
944,2229
944,1742
944,2363
944,2308
944,2307
944,2309
944,2310
944,2311
944,2312
944,2313
944,2314
944,2315
944,2403
944,2404
944,2426
944,2425
906,645
906,698
906,705
906,141
906,143
906,528
906,512
906,702
906,109
906,582
906,583
906,584
906,724
906,258
906,257
906,1086
906,527
906,616
906,617
906,778
906,87
906,90
906,90
906,297
906,593
906,764
906,279
906,280
906,15
906,630
906,495
906,787
906,342
906,869
906,518
906,519
906,555
906,565
906,761
906,842
906,298
906,920
906,792
906,854
906,924
906,356
906,125
906,496
906,324
906,943
906,964
906,596
906,866
906,86
906,928
906,963
906,994
906,958
906,130
906,130
906,249
906,281
906,282
906,1045
906,1056
906,360
906,13
906,597
906,945
906,1109
906,1997
906,563
906,1044
906,1115
906,889
906,2010
906,985
906,65
906,264
906,147
906,876
906,2068
906,562
906,575
906,515
906,812
906,570
906,1049
906,146
906,159
906,16
906,618
906,17
906,20
906,1187
906,810
906,1849
906,1130
906,1201
906,1172
906,1177
906,1124
906,1191
906,2011
906,110
906,1270
906,1210
906,1949
906,193
906,335
906,1021
906,1207
906,341
906,930
906,2154
906,1993
906,230
906,231
906,232
906,1072
906,399
906,838
906,1548
906,400
906,2446
906,1081
906,1984
906,1495
906,1848
906,536
906,423
906,1667
906,2015
906,1985
906,1746
906,424
906,1986
906,1256
906,610
906,1987
906,1829
906,1293
906,1367
906,1594
906,429
906,427
8,1514
8,1285
8,1284
8,1284
8,1910
8,1546
8,1287
8,1288
8,1518
8,1581
8,1586
8,1551
8,2057
8,1574
8,1911
8,1618
8,1627
8,1630
8,1648
8,1649
8,1311
8,1725
8,1657
8,1254
8,1680
8,1675
8,1313
8,1682
8,1315
8,1726
8,1690
8,2058
8,1710
8,1464
8,1543
8,1728
8,1316
8,1912
8,1720
8,1738
8,1738
8,2013
8,1749
8,1705
8,1759
8,1764
8,2197
8,1735
8,2222
8,2224
8,2226
8,2214
8,2214
8,1913
8,2223
8,2246
8,1833
8,2243
8,1922
8,1823
8,2271
8,2270
8,2290
8,1773
8,2306
8,2297
8,2299
8,1914
8,2229
8,2220
8,2294
8,1837
8,1645
8,2326
8,1834
8,2274
8,2336
8,2358
8,2362
8,1923
8,2186
8,2377
8,2361
8,2376
8,2382
8,2386
8,2378
8,2264
8,1915
8,2370
8,2383
8,2396
8,2401
8,2402
8,2340
8,2342
8,2249
8,2412
8,2059
8,2343
8,1891
8,2390
8,1900
8,1901
8,2345
770,97
770,96
770,495
770,528
770,562
770,575
770,496
770,604
770,587
770,90
770,610
770,624
770,600
770,593
770,555
770,565
770,592
770,605
770,630
770,216
770,242
770,571
770,546
770,515
770,516
770,642
770,596
770,606
770,637
770,637
770,811
770,589
770,612
770,92
770,566
770,1100
770,945
770,619
770,570
770,842
770,924
770,597
770,251
770,252
770,995
770,607
770,890
770,19
770,103
770,681
770,1119
770,1029
770,2010
770,504
770,576
770,1152
770,633
770,1156
770,821
770,904
770,1003
770,1159
770,1147
770,452
770,458
770,459
770,595
770,1041
770,1042
770,1175
770,1021
770,621
770,378
770,760
770,1324
770,1023
770,1015
770,1197
770,1328
770,473
770,1098
770,1389
770,1373
770,1429
770,198
770,1867
770,1457
770,1022
770,1478
770,2014
770,1685
770,1165
770,1471
770,1077
770,665
770,1598
770,81
770,2365
770,2421
1532,218
1532,265
1532,219
1532,485
1532,348
1532,2023
1532,2024
1532,2025
1532,2026
1532,2027
1532,287
1532,289
1532,288
1532,945
1532,890
1532,1057
1532,310
1532,116
1532,311
1532,1218
1532,1205
1532,312
1532,1221
1532,1272
1532,1250
1532,1295
1532,2145
1532,1138
1532,2146
1532,1215
1532,1281
1532,2147
1532,1293
1532,1333
1532,2144
1532,1857
1532,1398
1532,2143
1532,1097
1532,416
1532,2142
1532,1480
1532,1494
1532,2141
1532,2029
1532,1856
1532,1095
1532,1096
1532,2140
1532,1506
1532,2137
1532,1324
1532,2135
1532,428
1532,2165
1532,2284
1532,2166
1532,2167
155,1649
155,1911
155,1081
155,1645
155,1550
155,1702
155,1706
155,1724
155,1752
155,2200
155,2322
155,2326
155,2329
155,2178
155,2179
303,1126
303,367
303,663
303,1246
303,1231
303,1339
303,408
303,418
303,416
303,2045
303,1577
303,2044
303,2046
303,1633
303,2047
303,2076
303,1695
303,1694
303,1697
303,2049
303,2078
303,1702
303,1918
303,1746
303,2081
303,1750
303,1730
303,2050
303,1919
303,2227
303,2244
303,2298
303,2329
303,2300
303,2330
303,443
303,2337
303,2052
303,2084
303,2287
303,407
303,2192
303,2387
303,415
303,2416
303,2054
303,2413
303,2422
303,2190
710,1647
710,1718
710,1731
710,1643
710,1762
710,1741
710,2307
710,2308
710,2309
710,2310
710,2311
710,2312
1306,2011
1306,1332
1306,1198
1306,1342
1306,1140
1306,396
1306,1234
1306,2079
1306,2015
1306,1918
1306,2439
1306,2111
1306,409
1306,2178
88,667
88,703
88,695
88,292
88,131
88,675
88,559
88,1777
88,715
88,785
88,247
88,896
88,1815
88,2007
88,864
88,1052
88,1113
88,375
88,1071
88,878
88,956
88,1146
88,1151
88,1141
88,891
88,1007
88,971
88,2008
88,1340
88,1536
88,1486
88,1555
88,1737
88,346
1599,1474
1599,1514
1599,1453
1599,1535
1599,1582
1599,1571
1599,1465
1599,1601
1599,2092
1599,2093
1599,1580
1599,1710
1599,1716
1599,1642
1599,1747
1599,1317
1599,2222
1599,2095
1599,1678
1599,2268
1599,478
1599,1545
1024,1266
1024,2111
1024,937
1024,1059
1024,1912
1024,1722
1024,910
1024,380
1024,1884
1024,1919
1024,2303
1024,2305
1024,2319
1024,2274
1024,2299
1024,636
1024,2412
1024,2435
1024,2282
1024,1052
1024,1153
1024,2427
1024,2434
1222,1119
1222,1328
1222,2154
1222,1452
1222,1446
1222,1424
1222,1511
1222,1272
1222,1466
1222,1481
1222,1465
1222,2101
1222,425
1222,1882
1222,1842
1222,1233
1222,1880
1222,1876
1222,1746
1222,1684
1222,2098
1222,2097
1222,2277
1222,541
1222,2069
1004,203
1004,67
1004,68
1004,69
1004,204
1004,202
1004,70
1004,72
1004,205
1004,73
1004,75
1004,74
1004,210
1004,80
1004,79
1674,288
1674,806
1674,543
1674,923
1674,735
1674,773
1674,872
1674,1931
1674,289
1674,609
1674,894
1674,297
1674,298
1674,707
1674,340
1674,912
1674,837
1674,796
1674,842
1674,836
1674,870
1674,955
1674,927
1674,983
1674,244
1674,994
1674,812
1674,1045
1674,891
1674,610
1674,759
1674,1119
1674,117
1674,116
1674,3
1674,1154
1674,1187
1674,290
1674,1159
1674,343
1674,344
1674,241
1674,376
1674,452
1674,1107
1674,1254
1674,1098
1674,1380
1674,1334
1674,1395
1674,601
1674,615
1674,1511
1674,1479
1674,1528
1674,2101
1674,1466
988,1008
988,663
988,1188
988,382
988,800
988,1336
988,383
988,384
988,1353
988,1389
988,1397
988,1380
988,334
988,1867
988,1429
988,2066
988,1443
988,1022
988,82
988,1479
988,1456
988,2145
988,1865
988,2141
988,1868
988,2148
988,1570
988,1574
988,1095
988,2014
988,1096
988,2184
988,1623
988,2140
988,1824
988,1669
988,1545
988,1506
988,414
988,2137
988,2185
988,1709
988,2003
988,1712
988,1720
988,2135
988,2004
988,2198
988,2105
988,2186
988,444
988,2134
988,1829
988,2005
988,2152
988,2136
988,2336
988,2329
988,1920
988,2357
988,1507
988,2006
988,1830
988,447
988,2187
988,2150
988,2107
988,2192
988,445
988,2165
988,415
988,2416
988,2420
988,441
988,2166
988,429
988,1905
988,2266
988,2167
988,2138
988,2427
988,2374
988,1901
988,2188
988,1921
988,1888
988,1889
988,1897
988,2112
988,1907
892,187
892,188
892,193
892,220
892,666
892,192
892,196
892,515
892,493
892,696
892,566
892,575
892,775
892,617
892,640
892,1934
892,832
892,953
892,654
892,1114
892,1341
892,1993
892,334
892,1018
508,249
508,649
508,264
508,286
508,225
508,632
508,577
508,670
508,506
508,91
508,515
508,763
508,12
508,15
508,718
508,502
508,503
508,636
508,507
508,804
508,265
508,541
508,761
508,696
508,752
508,664
508,832
508,526
508,313
508,637
508,812
508,287
508,289
508,150
508,1788
508,1789
508,842
508,1932
508,1937
508,279
508,280
508,281
508,260
508,261
508,779
508,630
508,17
508,596
508,693
508,537
508,539
508,836
508,187
508,188
508,216
508,192
508,821
508,904
508,1003
508,546
508,903
508,27
508,148
508,149
508,66
508,2009
508,958
508,282
508,1059
508,800
508,587
508,490
508,541
508,20
508,1086
508,995
508,1100
508,570
508,870
508,983
508,138
508,1109
508,22
508,597
508,258
508,359
508,259
508,1115
508,509
508,237
508,1122
508,994
508,2010
508,971
508,1123
508,181
508,196
508,2068
508,1859
508,327
508,1815
508,40
508,1138
508,238
508,1147
508,1051
508,1369
508,1477
508,1581
508,1077
508,1855
508,385
508,1495
508,89
508,1471
508,2267
508,2091
508,2225
508,318
508,1760
810,720
810,732
810,803
810,799
810,885
810,129
810,356
810,635
810,641
810,1859
810,590
810,593
810,596
810,630
810,731
810,1109
810,1818
810,597
810,1860
810,452
810,1154
810,1212
810,1021
312,2297
312,1914
312,2229
312,2317
312,2325
312,2338
312,2358
312,2354
312,2362
312,1923
312,2369
312,2377
312,2363
312,2385
312,2189
312,2448
312,2400
312,2368
312,2409
312,2411
312,2418
312,2341
312,2343
312,2429
312,2059
312,2436
312,1890
312,1895
312,1903
312,1896
1758,140
1758,538
1758,541
1758,287
1758,792
1758,799
1758,353
1758,559
1758,1777
1758,90
1758,134
1758,1306
1758,109
1758,551
1758,1971
1758,491
1758,492
1758,193
1758,615
1758,758
1758,1977
1758,906
1758,1169
1758,1815
176,142
176,509
176,549
176,655
176,452
176,653
176,42
176,191
176,196
176,1076
176,193
176,1080
176,1085
176,638
176,1595
176,1094
1202,1675
1202,1714
1202,1716
1202,1722
1202,1724
1202,1912
1202,1734
1202,2207
1202,1749
1202,1752
1202,1698
1202,1317
1202,1761
1202,2200
1202,2218
1202,1757
1202,2224
1202,2248
1202,2447
1202,1772
1202,2272
1202,2306
1202,1914
1202,2196
1202,2229
1202,2317
1202,2325
1202,2338
1202,2332
1202,2354
1202,2383
1202,2344
221,203
221,67
221,69
221,202
221,71
221,208
221,75
221,1437
221,2041
221,1710
221,1780
221,2222
221,2301
221,736
221,2006
221,2366
221,79
511,2068
511,1386
511,1439
511,1446
511,1486
511,1404
511,1505
511,1045
511,1524
511,1496
511,1577
511,1212
511,388
511,1424
511,1846
511,1874
511,1855
511,1421
511,1573
511,1273
511,1366
511,379
511,590
511,1619
511,1990
511,2184
511,1475
511,1624
511,1440
511,1384
511,386
511,1346
511,1254
511,2242
511,1882
511,1753
511,1847
511,1745
511,925
511,1104
511,994
511,453
511,454
511,1692
511,1024
511,1848
511,2355
511,1957
511,1595
511,389
511,1361
511,1153
511,806
511,2438
511,2393
511,1208
511,2186
24,127
24,90
24,685
24,198
24,580
24,517
24,696
24,616
24,575
24,726
24,590
24,775
24,268
24,109
24,1886
24,586
24,453
24,746
24,779
24,790
24,781
24,812
24,240
24,110
24,281
24,269
24,282
24,912
24,1017
24,2011
24,2284
942,873
942,289
942,356
942,125
942,570
942,356
942,290
942,597
942,596
942,1049
942,571
942,1100
942,116
942,2108
1747,506
1747,143
1747,716
1747,264
1747,629
1747,722
1747,775
1747,736
1747,227
1747,285
1747,750
1747,292
1747,760
1747,770
1747,765
1747,779
1747,799
1747,790
1747,829
1747,608
1747,8
1747,899
1747,916
1747,900
1747,918
1747,597
1747,186
1747,1780
1747,190
1747,847
1747,1158
1747,1165
1747,1859
1747,376
1747,1218
1443,666
1443,580
1443,58
1443,587
1443,4
1443,600
1443,112
1443,752
1443,1086
1443,123
1443,293
1443,816
1443,938
1349,1208
1349,1225
1349,238
1349,2011
1349,1276
1349,462
1349,1321
1349,1367
1349,1417
1349,402
1349,2013
1349,401
1349,1842
1349,1495
1349,1600
1349,2201
841,1183
841,1660
841,1661
841,1670
841,1573
841,1680
841,1673
841,1665
841,1726
841,1315
841,2216
841,1707
841,1700
841,1838
841,1710
841,1705
841,1728
841,1316
841,1721
841,1739
841,1759
841,1764
841,1766
841,1751
841,1761
841,2208
841,2213
841,2222
841,1329
841,2218
841,2224
841,2226
841,2236
841,2214
841,2249
841,2240
841,2252
841,2243
841,2261
841,1823
841,2270
841,2289
841,2282
841,1773
841,2295
841,2305
841,2303
841,2328
841,2331
841,1837
841,2325
841,2338
841,2346
841,2349
841,2351
841,2353
841,2358
841,2364
841,2368
841,2372
841,2366
841,2369
841,2377
841,2189
841,2370
841,2398
841,2411
841,2415
708,203
708,69
708,201
708,44
708,1996
708,70
708,71
708,305
708,325
708,326
708,2449
708,2174
708,72
708,75
708,2353
708,77
708,78
708,480
75,605
75,630
75,1972
75,17
75,692
75,342
75,885
75,596
75,180
75,183
75,1045
75,431
75,25
1206,188
1206,216
1206,546
1206,491
1206,555
1206,142
1206,562
1206,538
1206,149
1206,90
1206,557
1206,561
1206,2452
1206,132
1206,671
1206,507
1206,706
1206,135
1206,542
1206,544
1206,572
1206,673
1206,245
1206,493
1206,591
1206,483
1206,566
1206,712
1206,145
1206,496
1206,744
1206,151
1206,624
1206,604
1206,163
1206,772
1206,165
1206,819
1206,825
1206,605
1206,1123
1206,457
1206,177
1206,807
1206,761
1206,100
1206,540
1206,887
1206,215
1206,906
1206,564
1206,101
1206,946
1206,127
1206,977
1206,133
1206,988
1206,996
1206,102
1206,1048
1206,1110
1206,1114
1206,1116
1206,1145
1206,104
1206,1205
1206,1226
1206,1190
1206,1254
1206,1221
1206,230
1206,1304
1206,1303
1206,231
1206,1293
1206,1346
1206,1372
1206,1857
1206,232
1206,1380
1206,1072
1206,416
1206,1479
1206,1512
1206,399
1206,1874
1206,971
1206,400
1206,1875
1206,1669
1206,1717
1206,1441
1206,1760
1206,1748
1206,1671
1206,2232
1206,2151
1206,439
1206,2336
1206,449
1206,440
1206,1893
1206,1901
1585,826
1585,863
1585,888
1585,370
1585,371
1585,840
1585,358
1585,65
1585,66
1585,2009
1585,969
1585,570
1585,812
1585,994
1585,1053
1585,360
1585,1103
1585,1056
1585,1069
1585,458
1585,1122
1585,2010
1585,1859
1585,1154
1585,1012
1585,1787
1585,1860
1585,848
1585,1211
1585,1015
1585,2102
1585,2011
1585,1290
1585,2103
1585,2106
1585,1016
1585,462
1585,2012
1585,1863
1585,1372
1585,1373
1585,1387
1585,1396
1585,1867
1585,1072
1585,2013
1585,1468
1585,461
1585,1864
1585,1846
1585,1868
1585,1078
1585,1858
1585,2014
1585,1625
1585,1641
1585,1640
1585,2015
1585,1084
1585,1679
1585,1711
1585,2205
1585,2105
1585,2262
1585,2267
1585,2016
1585,2275
1585,1595
1585,2136
1463,846
1463,1511
1463,2126
1463,1885
1463,1615
1463,1633
1463,1404
1463,1577
1463,1418
1463,421
1463,1449
1463,1652
1463,1589
1463,1984
1463,1081
1463,1824
1463,2110
1463,1324
1463,385
1463,1662
1463,1641
1463,1640
1463,1434
1463,800
1463,658
1463,1109
1463,1452
1463,1674
1463,1704
1463,2437
1463,1702
1463,1983
1463,434
1463,1524
1463,1869
1463,1655
1463,56
1463,426
1463,1642
1463,475
1463,1985
1463,2203
1463,1767
1463,1522
1463,1666
1463,1760
1463,1768
1463,1986
1463,1730
1463,2198
1463,442
1463,2117
1463,1884
1463,1695
1463,1039
1463,2105
1463,2250
1463,2247
1463,1446
1463,670
1463,506
1463,2262
1463,1256
1463,377
1463,2277
1463,2284
1463,435
1463,2260
1463,2302
1463,1361
1463,478
1463,2259
1463,1178
1463,2365
1463,1308
1463,2239
1463,1622
1463,436
1463,2334
1463,1713
1463,2352
1463,1386
1463,2316
1463,1594
1463,1208
1463,1305
1463,2342
1463,2416
1463,1904
1463,2171
1463,2397
1463,2423
1463,441
1463,1905
1463,2175
1463,381
1463,1066
1463,2253
1463,1906
1463,1246
1463,1894
1463,1887
1463,1889
1463,1907
157,1636
157,1647
157,1718
157,1731
157,1643
157,1762
157,1763
157,1741
157,1742
157,2307
157,2308
157,2309
157,2310
157,2311
157,2312
157,2403
157,2404
1384,1675
1384,1726
1384,1716
1384,1722
1384,1724
1384,1912
1384,1734
1384,2207
1384,1749
1384,1752
1384,1698
1384,1317
1384,1761
583,686
583,145
583,151
583,165
583,2021
583,2089
583,1091
583,2106
583,466
583,1867
583,76
583,1380
583,1299
583,1346
583,1570
583,1623
954,120
954,495
954,1120
954,1236
954,1276
954,2009
954,396
954,865
954,1038
954,1108
954,1267
954,1292
954,559
1533,1789
1533,864
1533,499
1533,870
1533,87
1533,954
1533,570
1533,968
1533,167
1533,951
1533,602
1533,504
1533,607
1533,858
1533,1121
1533,1139
1533,1855
1533,1869
1407,564
1407,546
1407,483
1407,1644
1407,486
1407,245
1407,493
1407,566
1407,522
1407,590
1407,369
1407,2
1407,100
1407,102
1407,101
1407,58
1407,503
1407,228
1407,1774
1407,523
1407,953
1407,971
397,690
397,497
397,585
397,708
397,742
397,1102
397,630
397,1542
397,641
397,647
397,1612
397,1600
397,482
163,1126
163,236
163,454
163,1150
163,456
163,510
163,792
163,854
163,126
163,841
163,73
163,496
163,570
163,1177
163,1924
163,1389
163,1853
163,1587
750,768
750,938
750,453
750,313
750,979
750,845
750,1087
750,1086
750,454
750,1010
750,1186
750,1194
750,1088
750,934
750,197
280,1036
280,1990
280,1460
280,1436
280,1514
280,1430
280,1516
280,217
280,1539
280,2055
280,1540
280,1601
280,1610
280,1769
280,1627
280,1632
280,1648
280,1725
280,1657
280,1680
280,1312
280,1665
280,1314
280,1689
280,1726
280,1716
280,1728
280,1747
280,1759
280,1761
280,2211
280,2213
280,2215
280,2222
280,2231
280,2240
280,2252
280,1771
280,2243
280,2447
280,1823
280,1772
280,2272
280,2269
280,2303
280,2331
609,1399
609,1409
609,1444
609,1412
609,1577
609,1618
609,1615
609,1725
609,2143
609,1683
609,1766
609,2249
609,2243
609,2325
609,2430
609,1903
1507,920
1507,1868
1507,1433
1507,1454
1507,1490
1507,1521
1507,1605
1507,1706
1507,1767
1507,2105
1507,2209
1507,2318
1507,2230
1507,81
1507,198
1507,1545
1507,2380
1507,1351
1507,1580
1507,1453
1507,2186
1507,2265
1351,951
1351,937
1351,1063
1351,998
1351,1059
1351,1045
1351,1132
1351,138
1351,1140
1351,996
1351,1787
1351,1212
1351,1247
1351,2101
1351,2180
1351,1633
1351,2098
1351,2097
1351,2099
1010,716
1010,617
1010,769
1010,225
1010,773
1010,605
1010,825
1010,601
1010,801
1010,596
1010,772
1010,887
1010,602
1010,1816
1010,2060
1010,1051
1010,1114
1010,633
1010,1071
1010,1173
1010,1051
1010,1272
1010,1307
1010,1372
1010,1466
1010,1836
1010,2284
1010,2134
1010,389
1010,2397
998,1510
998,1527
998,1258
998,1259
998,1257
998,1264
998,1376
998,1422
998,1442
998,1470
998,1493
998,1568
998,1565
998,1607
1079,799
1079,864
1079,842
1079,873
1079,144
1079,962
1079,1044
1079,890
1079,971
1079,847
1079,1863
1079,1846
1079,1455
792,803
792,799
792,885
792,1817
792,1974
792,1975
792,1976
792,831
792,1064
792,1115
792,1059
792,253
542,39
542,666
542,664
542,580
542,699
542,515
542,701
542,696
542,752
542,246
542,593
542,729
542,186
542,498
542,1119
542,1021
542,190
542,394
542,461
542,1022
542,1583
154,934
154,1815
154,905
154,2060
154,1816
154,1070
154,15
154,1139
154,1194
154,1185
154,2056
154,1252
154,1949
154,1339
154,2063
154,1517
154,1631
154,1764
1653,288
1653,507
1653,594
1653,571
1653,854
1653,289
1653,66
1653,2009
1653,873
1653,712
1653,807
1653,898
1653,916
1653,804
1653,817
1653,602
1653,619
1653,1940
1653,1941
1653,1939
1653,1942
1653,1943
1653,1053
1653,1944
1653,627
1653,654
1653,383
1653,620
1653,980
1653,1036
1653,1046
1653,651
1653,1945
1653,116
1653,532
1653,1946
1653,1947
1653,1168
1653,1012
1653,1948
1653,1274
1653,1250
1653,1949
1653,2102
1653,1938
1653,2153
1653,1206
1653,1016
1653,1366
1653,1424
1653,2156
1653,2157
1653,2158
1653,1530
1653,1537
1653,424
1653,2159
1653,1541
1653,2160
1653,425
1653,2161
1653,1918
1653,1025
1653,1701
1653,1684
1653,1985
1653,2162
1653,426
1653,1919
1653,442
1653,1418
1653,1646
1653,1652
1653,1750
1653,1883
1653,2198
1653,1986
1653,2163
1653,1836
1653,2276
1653,2277
1653,2164
1653,2165
1653,427
1653,2420
1653,2166
1653,2167
1653,1921
607,151
607,598
607,802
607,165
607,288
607,497
607,1970
607,808
607,761
607,670
607,177
607,225
607,226
607,278
607,354
607,289
607,855
607,894
607,2009
607,1973
607,1789
607,885
607,1977
607,994
607,949
607,907
607,1005
607,1939
607,998
607,1942
607,1940
607,1943
607,1941
607,1944
607,1818
607,622
607,357
607,623
607,576
607,966
607,1945
607,1979
607,520
607,116
607,1117
607,1124
607,1819
607,847
607,663
607,1946
607,628
607,627
607,97
607,98
607,1057
607,1195
607,943
607,1947
607,1169
607,1208
607,1820
607,1210
607,659
607,833
607,1160
607,1229
607,1187
607,2108
607,1948
607,2011
607,1247
607,1980
607,118
607,395
607,834
607,1873
607,1091
607,2012
607,1981
607,964
607,473
607,1382
607,1424
607,1369
607,1821
607,2013
607,29
607,2451
607,30
607,1299
607,842
607,1473
607,1865
607,2141
607,1868
607,1867
607,424
607,1095
607,2014
607,1096
607,2184
607,1982
607,425
607,2149
607,1080
607,2140
607,1824
607,1831
607,2098
607,2015
607,1506
607,2137
607,2185
607,1701
607,122
607,426
607,2097
607,2135
607,2105
607,2016
607,2186
607,2277
607,444
607,2134
607,2099
607,638
607,2136
607,1507
607,1613
607,447
607,2100
607,2100
607,2187
607,2107
607,445
607,2165
607,427
607,2139
607,2166
607,2167
607,2138
607,1094
607,2188
607,2112
1598,956
1598,1034
1598,1035
1598,971
1598,1120
1598,1118
1598,1166
1598,1199
1598,452
1598,1236
1598,1279
1598,1341
1598,1386
1598,1419
1598,1491
1598,1529
1598,1846
1598,233
1598,1838
429,2154
429,1366
429,2155
429,1351
429,2156
429,663
429,1530
429,1537
429,2159
429,2149
429,2160
429,2161
429,1194
429,2162
429,2163
429,2164
356,261
356,251
356,771
356,605
356,630
356,1067
356,606
356,928
356,587
356,1817
356,366
356,365
356,597
356,963
356,342
356,954
356,596
356,1050
356,1818
356,633
356,452
356,237
356,1100
356,1240
356,995
356,1237
356,1130
356,1201
356,238
356,1819
356,1021
356,1328
356,1850
356,82
356,1993
356,1022
356,1820
356,29
356,2451
356,30
356,1869
356,810
356,1849
356,640
356,2073
356,1366
356,1045
356,1473
356,378
356,1853
356,1844
356,1370
356,1615
356,1848
356,1081
356,1589
356,1569
356,1870
356,1851
356,1852
356,1525
356,1882
356,1879
356,1602
356,1884
356,1865
356,1224
356,1594
356,446
356,846
356,1963
356,1964
356,2389
356,1620
356,403
356,1965
356,1821
356,2323
356,363
356,644
356,2427
952,2055
952,1182
952,1201
952,1234
952,1360
952,1459
952,1439
952,1447
952,343
952,2445
952,1462
952,1479
952,1532
952,1517
952,2126
952,1570
952,106
952,1856
952,1609
952,1615
952,1623
952,1614
952,1590
952,2127
952,1650
952,1646
952,1669
952,465
952,1677
952,1687
952,368
952,1694
952,1697
952,2128
952,1709
952,1712
952,1579
952,1740
952,1755
952,2197
952,2201
952,1750
952,1879
952,2209
952,1671
952,2239
952,2186
952,2282
952,2244
952,1827
952,2318
952,2298
952,2320
952,2323
952,2336
952,514
952,2352
952,1594
952,449
952,2388
952,1291
952,2187
952,2380
952,407
952,403
952,445
952,450
952,2422
745,636
745,1086
745,287
745,288
745,802
745,89
745,584
745,583
745,582
745,790
745,88
745,497
745,139
745,496
745,708
745,354
745,15
745,493
745,842
745,923
745,804
745,289
745,751
745,736
745,454
745,761
745,181
745,828
745,903
745,2017
745,967
745,938
745,927
745,27
745,22
745,692
745,567
745,693
745,566
745,455
745,602
745,912
745,994
745,1045
745,965
745,1044
745,1062
745,1147
745,117
745,349
745,595
745,1124
745,456
745,594
745,378
745,606
745,607
745,1819
745,625
745,980
745,1036
745,843
745,626
745,865
745,1038
745,2011
745,627
745,1206
745,1322
745,2012
745,372
745,1016
745,1351
745,2144
745,1409
745,855
745,1425
745,1373
745,2094
745,2173
745,1821
745,1865
745,1013
745,1544
745,2141
745,2014
384,1389
384,1396
384,1427
384,1429
384,1022
384,1021
384,1491
384,1513
384,1079
384,1098
384,2446
384,238
384,1483
384,1662
384,1667
384,1679
384,431
384,432
384,2352
384,435
384,433
1219,502
1219,576
1219,96
1219,637
1219,526
1219,503
1219,221
1219,253
1219,590
1219,566
1219,214
1219,250
1219,141
1219,604
1219,698
1219,283
1219,728
1219,735
1219,143
1219,778
1219,605
1219,806
1219,1067
1219,783
1219,871
1219,863
1219,279
1219,743
1219,824
1219,2017
1219,261
1219,999
1219,1147
1219,1271
1219,1098
1219,2235
1322,158
1322,140
1322,939
1322,283
1322,744
1322,722
1322,761
1322,771
1322,778
1322,1958
1322,825
1322,113
1322,810
1322,244
1322,6
1322,2024
1322,2023
1322,2025
1322,881
1322,86
1322,2026
1322,821
1322,904
1322,924
1322,2028
1322,1000
1322,1997
1322,1035
1322,380
1551,266
1551,267
1551,2024
1551,2023
1551,2025
1551,264
1551,356
1551,947
1551,587
1551,964
1551,1966
1551,212
1551,1004
1551,14
1551,1967
1551,960
1551,520
1551,122
1551,628
1551,817
1551,627
1551,1453
1551,1084
1551,1968
1551,1668
1485,673
1485,700
1485,912
1485,967
1485,1154
1485,1147
1485,1161
1485,1267
1485,1194
1485,291
1485,1015
1485,339
1485,1322
1485,1873
1485,1253
1485,488
1485,1522
1485,1412
1485,1524
1485,1537
1485,1544
1485,1615
1485,1633
1485,1871
1485,1225
1485,1417
1485,1212
1485,1883
1485,1767
1485,2329
1485,2069
1485,440
1485,352
1485,2397
646,1461
646,464
646,1887
646,1564
646,1424
646,26
646,465
646,289
646,25
646,2098
646,2097
646,1703
646,1276
646,1522
646,2180
646,1407
646,1405
646,1482
646,2099
1181,1109
1181,1070
1181,930
1181,1132
1181,1144
1181,1859
1181,1860
1181,1212
1181,1845
1181,1282
1181,1290
1181,2106
1181,1232
1181,1407
1181,1404
1181,401
1181,1446
1181,1447
1181,1867
1181,1483
1181,1524
1181,1868
1181,1577
1181,1633
1181,1641
1181,1640
436,261
436,571
436,110
436,13
436,590
436,14
436,1058
436,343
436,2116
436,458
436,459
436,2115
436,1213
436,2117
436,1250
436,1248
436,1292
436,1295
436,23
436,1844
436,1373
436,2118
436,1371
436,1351
436,2143
436,24
436,1425
436,1405
436,1424
436,2013
436,1447
436,1842
436,1853
436,1444
436,30
436,1024
436,2041
436,2183
436,2142
436,1412
436,1509
436,1854
436,1511
436,1870
436,1498
436,2141
436,2121
436,1544
436,424
436,1095
436,1465
436,1882
436,1096
436,2184
436,1600
436,1615
436,1871
436,2122
436,465
436,1663
436,1674
436,1084
436,1506
436,2137
436,59
436,2120
436,475
436,25
436,1696
436,372
436,2135
436,1872
436,2123
436,2170
436,1881
436,1538
436,2193
436,1988
436,1835
436,2071
436,1989
436,2124
886,1937
886,1942
886,1943
886,1944
886,1126
886,1945
886,1968
886,1153
886,1157
886,1066
886,1162
886,1946
886,1181
886,1193
886,1947
886,1948
886,1274
886,1949
876,762
876,109
876,594
876,264
876,545
876,933
876,936
876,930
876,870
876,1107
876,1152
876,376
876,2117
876,241
876,1321
876,1367
876,684
876,1368
876,1790
876,1351
876,345
876,2173
876,1842
876,1022
876,1495
876,1078
876,1520
876,2122
876,2121
876,1625
876,1679
876,1756
876,2123
876,2399
1358,515
1358,666
1358,740
1358,616
1358,566
1358,12
1358,722
1358,600
1358,271
1358,714
1358,273
1358,453
1358,1086
1358,246
1358,778
1358,797
1358,256
1358,807
1358,823
1358,313
1358,903
1358,1058
1358,1109
159,778
159,777
159,288
159,272
159,788
159,1815
159,891
159,125
159,942
159,1119
159,1048
159,1467
1580,151
1580,542
1580,163
1580,291
1580,165
1580,652
1580,177
1580,919
1580,1135
1580,801
1580,974
1580,979
1580,845
1580,1047
1580,1121
1580,1118
1580,1133
1580,1146
1580,1139
1580,1155
1580,648
1580,1166
1580,1162
1580,1787
1580,1199
1580,1203
1580,1205
1580,1219
1580,1229
1580,1249
1580,1289
1580,1231
1580,1303
1580,1293
1580,1330
1580,1340
1580,1344
1580,1362
1580,1365
1580,1384
1580,1419
1580,1410
1580,2143
1580,82
1580,1097
1580,380
1580,1855
1580,1405
1580,2000
1580,1842
1580,1482
1580,416
1580,83
1580,1512
1580,1233
1580,1532
1580,1496
1580,84
1580,1588
1580,1874
1580,1579
1580,1095
1580,1573
1580,1875
1580,1525
1580,1598
1580,1621
1580,1624
1580,2140
1580,1876
1580,1506
1580,2003
1580,1740
1580,1760
1580,1745
1580,1751
1580,2004
1580,2233
1580,387
1580,2134
1580,1827
1580,2327
1580,449
1580,2393
1580,450
1580,2071
1580,1899
1560,223
1560,1969
1560,559
1560,778
1560,1970
1560,138
1560,148
1560,261
1560,538
1560,537
1560,541
1560,673
1560,722
1560,1886
1560,287
1560,288
1560,610
1560,1011
1560,15
1560,90
1560,512
1560,587
1560,588
1560,676
1560,157
1560,156
1560,154
1560,153
1560,158
1560,152
1560,164
1560,155
1560,644
1560,494
1560,2
1560,939
1560,193
1560,511
1560,516
1560,630
1560,1123
1560,39
1560,245
1560,502
1560,501
1560,566
1560,604
1560,624
1560,605
1560,222
1560,1971
1560,812
1560,1067
1560,128
1560,565
1560,592
1560,590
1560,593
1560,873
1560,642
1560,454
1560,347
1560,361
1560,925
1560,1782
1560,1817
1560,890
1560,1126
1560,941
1560,295
1560,597
1560,1318
1560,191
1560,1322
1560,2092
1560,189
1560,1174
1560,195
1560,488
1560,1015
104,1278
104,1283
104,1514
104,1518
104,1516
104,1285
104,1469
104,1284
104,1535
104,1552
104,1472
104,1286
104,1539
104,1423
104,1287
104,2055
104,1288
104,1551
104,1546
104,1582
104,1540
104,1571
104,1572
104,1309
104,1329
104,1352
104,1601
104,1769
104,1627
104,388
104,2437
104,1566
104,1620
104,1632
104,1631
104,1310
104,1433
104,55
104,1570
104,1649
104,1312
104,1619
104,1314
104,437
104,1578
104,1675
104,1708
104,1707
104,1710
104,1722
104,736
104,1316
104,1736
104,1686
104,1706
104,1315
104,1705
104,2211
104,2215
104,1744
104,1653
104,1151
104,2228
104,1757
104,2224
104,2231
104,2254
104,1833
104,2241
104,2220
104,1735
104,2258
104,2236
104,2243
104,1764
104,1771
104,2248
104,1770
104,2268
104,1772
104,2282
104,2270
104,2289
104,2290
104,2304
104,2295
104,2297
104,1834
104,1837
104,2335
104,2347
104,1357
104,2325
104,2354
104,2083
104,2382
104,851
104,2386
104,2084
104,2264
104,2370
104,2376
104,2402
104,2411
104,2375
104,2389
104,2341
104,2412
104,2410
104,2085
104,1693
104,2343
104,2340
104,1891
104,2434
104,2342
104,2345
104,1902
104,1896
1703,760
1703,1388
1703,1311
1703,2075
1703,1682
1703,972
1703,2376
1703,2339
1703,2401
1703,2411
1703,2418
1703,2341
1703,2342
1703,2343
1703,2412
1703,2059
1703,1890
1703,1681
1703,1900
1703,1903
1703,1896
195,1037
195,1223
195,1244
195,1303
195,1344
195,1855
195,1216
195,2142
195,1874
195,1570
195,2023
195,1623
195,1669
195,1421
195,1475
195,1512
195,2170
195,1901
1284,1449
1284,1457
1284,586
1284,317
1284,1574
1284,1654
1284,465
1284,1480
1284,2098
1284,1663
1284,2120
1284,318
1284,1720
1284,2251
1284,2123
1284,2099
1284,2284
1284,319
1284,1060
567,203
567,248
567,361
567,2032
567,2035
567,2036
567,2039
567,2038
567,2042
567,2040
567,2048
567,2045
567,2044
567,2047
567,1822
567,2049
567,2053
567,2050
567,1593
567,1591
567,794
567,1596
567,2052
567,795
567,2193
567,2054
567,2037
218,580
218,592
218,610
218,678
218,744
218,714
218,261
218,812
218,705
218,743
218,498
218,871
218,282
218,987
218,313
1186,1434
1186,1461
1186,1575
1186,1198
1186,1620
1186,1653
1186,437
1186,1686
1186,2058
1186,1733
1186,1744
1186,2236
1186,2241
1186,2194
1186,2264
1186,2339
1186,2342
1186,2411
1186,2412
1186,2343
1186,2195
809,1232
809,1446
809,1483
809,1854
809,1555
809,387
809,1666
809,1711
809,1756
809,2262
809,2267
809,1486
809,2335
809,2357
809,389
809,1906
809,2431
809,1888
809,1889
268,1793
268,549
268,1776
268,558
268,1795
268,604
268,1797
268,837
268,606
268,692
268,1792
268,1798
268,567
268,918
268,1799
268,166
268,2027
268,1796
268,1800
268,1801
268,1802
268,977
268,1803
268,1804
268,980
268,670
268,820
268,1045
268,568
268,1806
268,1046
268,1116
268,117
268,2010
268,1158
268,1808
268,1807
268,1811
268,655
268,1145
268,1012
268,1813
268,683
268,693
268,1154
268,1814
268,1017
268,1960
268,1221
268,1229
268,1231
268,1387
268,1842
268,416
268,1233
268,1519
268,702
268,1541
268,1882
268,2014
268,1615
268,1880
268,1860
268,1859
268,2106
268,337
268,2184
268,1642
268,1883
268,2203
268,1881
268,2069
268,2287
268,1907
1413,888
1413,969
1413,453
1413,994
1413,277
1413,976
1413,343
1413,1053
1413,276
1413,2114
1413,310
1413,456
1413,2116
1413,1787
1413,2117
1413,2102
1413,312
1413,1274
1413,2103
1413,2146
1413,2012
1413,1863
1413,1366
1413,464
1413,1502
1413,1530
1413,2121
1413,2014
1413,465
747,2252
747,2331
747,2351
747,2194
747,2194
747,2055
747,2361
747,2389
747,2339
747,2408
747,2342
747,2418
747,2412
747,2432
747,405
747,404
747,440
747,1898
1650,698
1650,146
1650,716
1650,724
1650,708
1650,283
1650,264
1650,90
1650,750
1650,159
1650,165
1650,166
1650,287
1650,288
1650,176
1650,630
1650,688
1650,1785
1650,1791
1650,1792
1650,710
1650,2020
1650,839
1650,814
1650,1795
1650,1972
1650,894
1650,709
1650,1797
1650,289
1650,827
1650,596
1650,902
1650,703
1650,1973
1650,856
1650,957
1650,986
1650,290
1650,1047
1650,564
1650,2021
1650,1029
1650,842
1650,1133
1650,1134
1650,648
1650,2022
1650,1195
1650,906
1650,548
1650,946
1650,977
1650,996
1650,1116
1650,1145
1650,1124
1650,1210
1650,1205
1650,1221
1650,1275
1650,1119
1650,1159
1650,1328
1650,547
1650,473
1650,1369
1650,352
1650,1950
1650,1862
1650,1432
1650,404
1650,1861
1650,405
1650,2130
1650,406
1650,1077
1650,1082
1650,439
1650,439
1650,440
1650,441
1650,1905
1701,1953
1701,1125
1701,1954
1701,310
1701,1955
1701,1150
1701,1142
1701,1148
1701,1149
1701,1859
1701,367
1701,1161
1701,2056
1701,1196
1701,1203
1701,311
1701,1186
1701,2129
1701,1041
1701,1238
1701,1042
1701,1242
1701,312
1701,1269
1701,1175
1701,2145
1701,2146
1701,1008
1701,2147
1701,1234
1701,2106
1701,1924
1701,2144
1701,1364
1701,1401
1701,1402
1701,2143
1701,1097
1701,1434
1701,1439
1701,1450
1701,1462
1701,2142
1701,1412
1701,1587
1701,2141
1701,1095
1701,1096
1701,1615
1701,2140
1701,2098
1701,1681
1701,368
1701,2169
1701,1506
1701,2137
1701,1665
1701,1966
1701,1712
1701,1300
1701,1020
1701,2170
1701,2231
1701,2359
1701,2303
1701,2379
1701,474
1701,2171
504,103
504,681
504,1818
504,812
504,1056
504,838
504,1109
504,1206
504,1232
504,1282
504,1821
504,1679
504,1694
493,232
493,1382
493,1072
493,399
493,1190
493,1874
493,400
493,1625
493,2180
493,1984
493,590
493,1669
493,633
493,423
493,1717
493,1712
493,335
493,1748
493,2174
493,2232
493,444
493,2359
493,2379
493,1893
138,313
138,16
138,41
138,289
138,455
138,495
138,968
138,1001
138,290
138,1045
138,456
138,1162
138,374
138,1280
138,229
138,195
138,464
138,191
138,1908
138,2225
804,563
804,149
804,498
804,108
804,1001
804,370
804,371
804,823
804,893
804,101
804,185
804,313
804,992
804,999
804,455
902,137
902,127
902,599
902,133
902,733
902,842
902,2060
902,623
902,840
902,1040
902,1787
902,2102
902,888
902,1053
902,1351
902,965
902,2157
902,1668
902,2134
902,2136
902,402
902,2099
902,2100
80,286
80,637
80,605
80,799
80,608
80,692
80,797
80,649
80,678
80,691
80,853
80,606
80,865
80,1995
80,791
80,567
80,712
80,807
80,1996
80,914
80,284
80,283
80,503
80,501
80,624
80,566
80,136
80,657
80,693
80,940
80,1817
80,502
80,607
80,790
80,1002
80,1038
80,568
80,625
80,1818
80,1137
80,1819
80,626
80,1167
80,310
80,309
80,1124
80,1820
80,1210
80,569
80,2144
80,1369
80,1547
80,2140
80,1650
80,2230
130,215
130,1523
130,1555
130,1559
130,1536
130,1582
130,387
130,388
130,1464
130,1543
130,1672
130,1870
130,971
130,1220
130,1445
130,1256
130,1514
130,2268
1395,1200
1395,1015
1395,378
1395,1322
1395,1324
1395,379
1395,1229
1395,1390
1395,1391
1395,1841
1395,1204
1395,15
1395,17
1395,20
1395,1452
1395,1440
1395,2086
1395,2088
1395,1233
1395,1487
1395,1412
1395,2029
1395,2101
1395,2093
1395,1882
1395,911
1395,2095
1395,26
1395,1576
1395,1580
1395,413
1395,475
1395,2251
1395,2096
1395,1655
1395,2097
1395,237
1395,238
1395,1768
1395,239
1395,2302
1395,2365
1395,397
473,641
473,565
473,596
473,570
473,52
473,53
473,597
473,625
473,1029
473,531
473,369
473,54
473,586
473,633
473,343
473,344
473,1021
473,1256
473,930
473,545
473,1368
473,1136
473,714
473,1667
473,2352
1638,139
1638,708
1638,566
1638,678
1638,707
1638,720
1638,712
1638,722
1638,112
1638,493
1638,713
1638,600
1638,695
1638,604
1638,734
1638,144
1638,218
1638,507
1638,744
1638,751
1638,610
1638,268
1638,148
1638,753
1638,755
1638,585
1638,1086
1638,593
1638,772
1638,369
1638,825
1638,249
1638,457
1638,187
1638,188
1638,192
1638,842
1638,540
1638,181
1638,509
1638,196
1638,644
1638,184
1638,140
1638,149
1638,1051
1638,555
1638,565
1638,592
1638,1056
1638,595
1638,1122
1638,497
1638,594
1638,189
1638,458
1638,191
1638,1051
1638,194
1638,537
1638,142
1638,541
1638,2091
1638,2225
1029,772
1029,777
1029,590
1029,716
1029,371
1029,864
1029,1815
1029,887
1029,878
1029,260
1029,837
1029,677
1029,810
1029,868
1029,125
1029,953
1029,922
1029,988
1029,1816
1029,307
1029,971
1029,1052
1029,1114
1029,1146
1029,1151
1029,1162
1029,1184
1029,2056
1029,1186
1029,1220
1029,1178
1029,1307
1029,1328
1029,957
1029,1391
1029,1390
1029,1413
1029,1445
1029,1276
1029,335
1029,1523
1029,481
1029,2160
1029,1629
1029,1672
1029,1550
1029,1676
1029,1715
1029,1670
1029,1758
1029,388
1029,2384
1029,1345
152,1444
152,1495
152,2446
152,1667
152,1674
152,426
152,479
152,421
152,478
152,2316
152,2352
152,2388
152,436
152,2397
152,2423
152,2427
152,480
38,228
38,258
38,587
38,1774
38,1779
38,708
38,1951
38,257
38,1784
38,206
38,150
38,589
38,112
38,397
38,510
38,620
38,205
38,525
38,122
38,126
756,214
756,512
756,679
756,758
756,44
756,511
756,1033
756,646
756,941
756,652
756,648
756,919
756,663
756,861
756,1082
837,1278
837,1307
837,1118
837,1329
837,1340
837,1463
837,1379
837,1423
837,1414
837,1419
837,1458
837,1399
837,1437
837,1436
837,1482
837,1461
837,1500
837,1499
837,1283
837,1284
837,1535
837,1539
837,1287
837,1546
837,1586
837,1769
837,1618
837,1620
837,1631
837,1311
837,1661
837,1619
837,1686
837,1707
837,1710
837,1705
837,1316
837,1744
837,2220
837,2222
837,2228
837,1913
837,1771
837,2290
837,1914
837,1834
837,2376
837,2386
837,1915
837,2401
837,2340
837,2341
837,1891
837,1902
935,452
935,2017
935,2018
935,2019
935,1547
935,2148
935,663
935,659
935,1091
935,1075
935,1590
935,1080
935,1694
935,2057
935,2058
935,1704
935,2209
935,2269
935,2289
935,2295
935,2305
935,2318
935,2321
935,2380
1184,893
1184,108
1184,1952
1184,1951
1184,15
1184,17
1184,16
1184,455
1184,1045
1184,834
1184,833
1184,102
1184,888
1184,842
1184,1118
1184,2017
1184,2019
1184,310
1184,314
1184,1319
1184,864
1184,453
1184,1178
1184,971
1184,1220
1184,1445
1184,1308
1184,1096
1184,1874
1184,1495
1184,2136
880,1512
880,128
880,1067
880,1462
880,1522
880,199
880,317
880,1363
880,346
880,1851
880,1667
880,431
880,2060
880,387
880,1479
880,314
880,2199
880,2262
880,2273
880,1703
880,1086
880,2235
880,319
880,1906
235,967
235,562
235,575
235,1045
235,355
235,1945
235,966
235,117
235,525
235,975
235,1007
235,1229
235,1158
235,980
235,797
235,683
235,912
235,1865
235,2110
235,1451
1583,116
1583,377
1583,1366
1583,1389
1583,82
1583,1424
1583,2063
1583,1447
1583,424
1583,425
1583,368
1583,426
1583,2205
1583,432
1583,2277
1583,433
1583,427
1587,506
1587,892
1587,1113
1587,946
1587,977
1587,1044
1587,910
1587,996
1587,1116
1587,1115
1587,1124
1587,564
1587,731
1587,1145
1587,1167
1587,1010
1587,658
1587,1249
1587,1224
1587,1281
1587,1301
1587,1362
1587,1182
1587,1501
1587,138
1587,1493
1587,1553
1587,793
1587,1606
1587,1607
1587,1485
1587,1691
1587,2206
1587,2254
1587,2258
1531,572
1531,591
1531,12
1531,495
1531,496
1531,483
1531,227
1531,670
1531,719
1531,734
1531,763
1531,736
1531,575
1531,2027
1531,587
1531,299
1531,321
1531,520
1531,1204
1531,776
1531,1012
1531,633
1531,1932
1531,1934
1531,1938
1531,2011
1531,1021
1531,42
1531,10
1531,302
1531,337
1531,473
1531,2154
1531,1435
1531,338
1531,1498
1531,1863
1531,387
1531,2184
1531,1217
1531,1667
1531,1684
1531,2260
1531,2284
1531,389
653,536
653,1668
653,1031
653,1695
653,368
653,1534
653,1697
653,2440
653,1918
653,1676
653,1696
653,2003
653,1712
653,2441
653,1737
653,1878
653,1703
653,1768
653,2123
653,2227
653,2016
653,2285
653,2294
653,428
653,1874
653,2120
653,2365
653,447
653,389
653,2384
653,403
653,2393
653,1835
653,2165
653,2171
1146,206
1146,284
1146,285
1146,283
1146,164
1146,679
1146,508
1146,639
1146,765
1146,270
1146,661
1146,397
1146,923
1146,669
1146,874
1146,874
1146,1995
1146,886
1146,821
1146,1996
1146,524
1146,248
1146,1033
1146,574
1146,650
1146,597
1146,373
1146,373
1146,982
1146,596
1146,843
1146,707
1146,720
1146,803
1146,732
1146,799
1146,1817
1146,680
1146,342
1146,778
1146,503
1146,502
1146,501
1146,691
1146,260
1146,204
1146,198
1146,637
1146,590
1146,222
1146,902
1146,2449
1146,338
1146,1069
1146,1818
1146,129
1146,647
1146,911
1146,278
1146,305
1146,303
1146,646
1146,653
1146,304
1146,117
1146,662
1146,641
1146,635
1146,648
1146,633
1146,205
1146,15
1146,1047
1146,99
1146,16
1146,202
1146,1133
1146,17
1146,510
1146,655
1146,20
1146,325
1146,1887
1146,22
1146,385
1146,474
1146,1087
1146,1086
1146,1998
1146,656
1146,237
1146,207
1146,1089
1146,1108
1146,1267
1146,1043
1146,1839
1146,1999
1146,1147
1146,1092
1146,326
1146,1161
1146,813
1146,867
1146,999
1146,1164
1146,7
1146,1354
1146,8
1146,464
1146,1090
1146,21
1146,1347
1146,1292
1146,209
1146,82
1146,2000
1146,466
1146,83
1146,1348
1146,557
1146,560
1146,1394
1146,476
1146,1075
1146,135
1146,861
1146,1077
1146,550
1146,551
1146,2001
1146,2001
1146,552
1146,556
1146,573
1146,1076
1146,132
1146,84
1146,835
1146,1374
1146,1385
1146,1505
1146,472
1146,106
1146,31
1146,32
1146,126
1146,2002
1146,2002
1146,489
1146,1121
1146,1124
1146,24
1146,1982
1146,1369
1146,26
1146,1322
1146,1080
1146,1651
1146,55
1146,663
1146,659
1146,1564
1146,56
1146,1091
1146,29
1146,2451
1146,30
1146,1819
1146,387
1146,1820
1146,1668
1146,1031
1146,910
1146,1085
1146,9
1146,2053
1146,28
1146,1082
1146,1589
1146,1975
1146,1001
1146,1711
1146,2003
1146,1980
1146,51
1146,25
1146,1985
1146,2131
1146,2132
1146,467
1146,541
1146,468
1146,2004
1146,1986
1146,537
1146,477
1146,1593
1146,1727
1146,538
1146,2267
1146,2005
1146,638
1146,2225
1146,539
1146,540
1146,608
1146,195
1146,2234
1146,1987
1146,794
1146,469
1146,2006
1146,1882
1146,925
1146,795
1146,493
1146,1236
1146,1451
1146,2190
1146,1677
1146,1687
1146,1190
1146,1094
1146,1888
1146,480
1146,2191
1049,854
1049,797
1049,842
1049,853
1049,688
1049,812
1049,940
1049,943
1049,958
1049,1966
1049,911
1049,979
1049,845
1049,1908
1049,1044
1049,888
1049,980
1049,1036
1049,1053
1049,843
1049,1937
1049,1932
1049,264
1049,730
1049,550
1049,966
1049,1008
1049,1041
1049,22
1049,2068
1049,865
1049,918
1049,986
1049,1927
1049,913
1049,1228
1049,310
1049,1202
1049,534
1049,1174
1049,1390
1049,1603
1049,1454
1049,1474
1049,1604
1049,971
1049,1220
1049,1445
1049,2210
689,87
689,12
689,722
689,863
689,988
689,846
689,1963
689,658
689,1211
689,474
689,311
689,126
689,1224
689,1324
689,416
689,2227
150,826
150,894
150,888
150,65
150,66
150,2009
150,610
150,359
150,969
150,974
150,611
150,994
150,1940
150,1941
150,1942
150,1053
150,360
150,1943
150,1944
150,103
150,681
150,976
150,1945
150,2010
150,1946
150,1173
150,1200
150,1947
150,1211
150,2102
150,2011
150,230
150,462
150,231
150,2103
150,505
150,1016
150,2012
150,1290
150,1863
150,1103
150,1015
150,1373
150,232
150,82
150,1072
150,2013
150,1468
150,399
150,1864
150,1502
150,1846
150,1868
150,1418
150,1858
150,387
150,2014
150,1641
150,1640
150,1652
150,1824
150,2015
150,1084
150,423
150,1711
150,1719
150,1435
150,2232
150,2105
150,2262
150,2016
150,2267
150,2175
150,2275
150,2284
150,2273
150,2260
150,1595
150,447
150,389
150,2399
150,1906
150,2431
150,2433
150,1888
150,1907
778,1160
778,1039
778,1144
778,865
778,1038
778,349
778,1200
778,1207
778,1187
778,1236
778,1051
778,1247
778,1255
778,397
778,1262
778,1790
778,1282
778,1295
778,1272
778,1103
778,2106
778,1231
778,2172
778,1409
778,2173
778,1427
778,1446
778,1483
778,474
778,1522
778,1982
778,1598
778,2174
778,1646
778,1688
778,1679
778,1709
778,2230
778,477
778,1881
778,2175
778,2273
68,994
68,92
68,870
68,925
68,1120
68,2061
68,543
68,609
68,1220
68,507
68,971
68,2011
68,826
68,369
68,1321
1474,1306
1474,801
1474,892
1474,557
1474,2452
1474,57
1474,730
1474,673
1474,1358
1474,835
1474,667
1474,1587
1474,972
1474,1418
1162,1875
1162,971
1162,1505
1162,1220
1162,1445
1162,1536
1162,1616
1162,1664
1162,1737
1162,925
1162,1104
1162,1855
1162,1451
1162,1677
1162,1687
1162,2256
1162,2280
1162,2136
1162,2134
1162,1507
1162,1876
1162,2139
1162,2138
1162,2393
410,1606
410,1343
410,1403
410,1477
410,1581
410,1586
410,1607
410,1309
410,1618
410,1649
410,1725
410,1910
410,1912
410,437
410,322
412,133
412,645
412,708
412,616
412,258
412,739
412,109
412,257
412,287
412,775
412,749
412,733
412,641
412,610
412,617
412,769
412,695
412,754
412,632
412,779
412,144
412,755
412,798
412,490
412,249
412,457
412,293
412,788
412,891
412,889
412,912
412,916
412,967
412,1983
412,965
412,930
412,1173
412,324
412,1017
412,2011
412,2012
412,1018
412,1511
412,1550
374,601
374,617
374,121
374,356
374,912
374,947
374,186
374,382
374,1945
374,1960
374,618
374,1012
374,1012
371,1788
371,125
371,909
371,1939
371,1940
371,1941
371,994
371,1942
371,1943
371,1944
371,1119
371,532
371,1947
371,2011
371,533
371,1021
371,1949
371,2154
371,1366
371,237
371,1281
371,647
371,925
371,2156
371,1104
371,1236
371,2013
371,1451
371,1103
371,1022
371,2157
371,2158
371,2159
371,1583
371,2160
371,2014
371,2161
371,1701
371,1985
371,2162
371,2220
371,1224
893,1045
893,949
893,928
893,1116
893,116
893,1145
893,310
893,309
893,1066
893,877
893,112
893,113
893,1421
893,1353
893,1381
893,1475
893,2184
893,1960
893,1633
893,291
893,1702
893,974
354,1022
354,1143
354,1548
354,1489
354,633
354,414
354,1670
354,1721
354,1985
354,1756
354,1524
354,1987
354,2152
354,1986
354,1212
354,2355
354,2192
354,415
605,552
605,874
605,873
605,123
605,556
605,132
605,671
605,163
605,544
605,1009
605,919
605,1111
605,1186
605,1214
605,1323
605,1355
605,980
605,1401
605,849
605,1339
605,1450
605,1492
605,1552
605,1659
605,2249
605,2372
605,1900
926,1375
926,1378
926,1392
926,1414
926,1428
926,1430
926,1437
926,939
926,801
926,1460
926,1508
926,1198
926,974
926,1716
926,2274
926,2293
926,2283
926,2402
926,2407
926,2419
926,2410
926,2428
1488,567
1488,566
1488,606
1488,691
1488,107
1488,2
1488,455
1488,18
1488,138
1488,93
1488,464
1488,541
1488,195
1488,108
290,2325
290,2338
290,2358
290,2354
290,2362
290,2369
290,1923
290,2055
290,2377
290,2361
290,2375
290,2376
290,2385
290,2389
290,1681
290,2368
290,2339
290,2401
290,2409
290,2429
290,2411
290,2224
290,1900
290,1895
290,2342
290,2436
290,1903
290,1896
670,624
670,590
670,2030
670,119
670,958
670,962
670,973
670,2028
670,2031
670,1044
670,1115
670,1124
670,1210
247,1649
247,1287
247,1680
247,1314
247,1315
247,2216
247,2440
247,2437
247,2438
247,2439
247,1724
247,2441
247,2442
247,2211
247,2240
1668,1601
1668,1645
1668,2207
1668,1736
1668,1747
1668,2215
1668,1780
1668,2246
1668,736
1668,2286
1668,2326
1668,2375
1668,2392
1668,2418
1668,2417
399,761
399,792
399,854
399,298
399,495
399,355
399,175
399,354
399,1935
399,759
399,121
399,289
399,826
399,827
399,698
399,724
399,814
399,994
399,958
399,322
399,831
399,1064
399,103
399,681
399,452
595,666
595,133
595,109
595,779
595,888
595,891
595,916
595,1020
595,27
595,1997
595,631
595,1053
595,870
595,625
595,458
595,1109
595,654
595,971
595,976
595,1052
595,1114
595,1129
595,190
595,505
595,1146
595,1143
595,2061
595,826
595,1153
595,1012
595,626
595,628
595,459
595,1173
595,1787
595,1012
595,1015
595,2102
595,1246
595,1041
595,1089
595,120
595,417
595,2373
336,646
336,2115
336,801
336,556
336,1968
336,1806
336,273
336,1873
336,118
336,688
336,2044
336,544
336,572
343,88
343,96
343,90
343,216
343,292
343,495
343,526
343,546
343,558
343,577
343,591
343,583
343,582
343,637
343,706
375,810
375,563
375,287
375,294
375,119
375,818
375,1067
375,86
375,800
375,986
375,1368
375,994
309,22
309,508
309,1978
309,1979
309,146
309,279
309,227
309,1052
309,1153
309,1214
309,145
309,550
309,557
309,966
309,1271
309,1298
309,2452
309,1350
309,1358
309,1847
309,198
309,262
309,278
309,1284
309,1389
309,1536
309,1616
309,1392
309,1675
309,1840
309,1908
309,2364
309,1981
309,1380
939,271
939,272
939,930
939,836
939,842
939,779
939,238
939,1254
939,533
939,1120
939,1299
939,1346
939,1098
939,1359
939,633
939,1449
939,470
939,1030
939,2410
939,2433
939,1625
753,716
753,750
753,159
753,617
753,584
753,583
753,582
753,166
753,808
753,297
753,1792
753,1794
1353,570
1353,587
1353,1996
1353,1997
1353,596
1353,975
1353,1112
1353,260
1353,117
1353,842
1353,1147
1353,807
1353,627
1353,1191
1353,1197
1353,1246
1353,1294
1353,408
1353,2082
1353,1447
1353,1361
1353,1426
1353,23
1353,541
1353,138
1353,193
1353,142
1353,1271
1353,1182
1353,1509
1353,2117
1353,2091
1353,1553
1353,1606
1353,1607
1353,349
1353,712
1353,1424
1353,1659
1353,1602
1353,2440
1353,1542
1353,1712
1353,1448
1353,2123
1353,277
1353,1434
1353,425
89,1786
89,2200
89,2214
89,2243
89,1833
89,2270
89,2151
89,2303
89,1827
89,2331
89,1834
89,2351
89,2364
89,2355
89,449
89,2382
89,2150
89,2398
89,2192
89,415
89,2340
89,450
89,2343
89,2412
89,2413
89,2410
89,2432
89,414
276,808
276,162
276,160
276,161
276,169
276,170
276,168
276,171
276,176
276,178
276,711
276,710
276,1795
276,1797
276,1812
116,1788
116,615
116,874
116,289
116,356
116,870
116,383
116,873
116,951
116,455
116,983
116,534
116,1279
116,1297
116,231
116,1411
1054,1362
1054,1345
1054,1391
1054,1421
1054,1475
1054,1434
1054,2147
1054,1532
1054,1121
1054,1289
1054,1651
1054,1330
1281,1105
1281,104
1281,1145
1281,2092
1281,23
1281,1349
1281,1857
1281,24
1281,2013
1281,29
1281,2451
1281,30
1281,1511
1281,2048
1281,26
1281,447
28,502
28,503
28,507
28,515
28,507
28,142
28,138
28,483
28,509
28,555
28,565
28,526
28,261
28,517
28,1931
28,719
28,527
28,696
991,555
991,565
991,592
991,593
991,600
991,224
991,578
991,579
991,274
991,511
991,630
991,647
991,765
991,778
991,601
991,17
991,397
991,812
991,342
991,275
991,612
991,842
991,908
991,909
991,595
991,779
991,937
991,349
991,349
991,22
991,938
991,457
991,619
991,960
991,611
991,970
991,125
991,129
991,590
991,635
991,641
991,276
991,596
991,277
991,510
991,1108
991,19
991,998
991,1029
991,2449
991,1109
991,369
991,1122
991,662
991,1057
991,1117
991,1130
991,1859
991,1156
991,2116
991,1167
991,658
991,458
991,459
991,1147
991,1014
991,1161
991,1267
991,393
991,2115
991,1860
991,2116
991,1200
991,848
991,1208
991,126
991,1169
991,2092
991,1225
991,1015
991,2117
991,1051
991,1250
991,1305
991,1017
991,462
991,1322
991,1341
991,1338
991,2172
991,1993
991,2093
991,1367
991,2118
991,460
991,2450
991,2173
991,1417
991,1424
991,1351
991,32
991,464
991,1373
991,1513
991,424
991,463
991,2094
991,33
991,1625
991,2122
991,2110
991,1025
991,475
991,2120
991,2203
991,2121
991,2113
991,2259
991,2181
991,795
991,1835
991,2124
991,36
991,2112
742,511
742,594
742,711
742,710
742,820
742,515
742,517
742,726
742,176
742,605
742,166
742,174
742,173
742,497
742,585
742,588
742,636
742,89
742,88
742,178
742,616
742,617
742,1775
742,2217
742,109
742,268
742,506
742,670
742,734
742,763
742,159
742,512
742,604
742,610
742,624
742,90
742,91
742,109
742,110
742,146
742,504
742,566
742,571
742,576
742,589
742,590
742,1791
742,162
742,161
742,169
742,170
742,168
742,171
742,744
742,825
742,502
742,503
742,501
742,691
742,692
742,287
742,288
742,289
742,874
742,886
742,895
742,567
742,601
742,612
742,615
742,702
742,814
742,269
742,587
742,693
742,771
742,856
742,245
742,356
742,566
742,570
742,619
742,595
742,927
742,46
742,356
742,842
742,941
742,962
742,1803
742,1800
742,1799
742,1792
742,1798
742,1794
742,602
742,224
742,579
742,578
742,103
742,568
742,606
742,607
742,611
742,621
742,623
742,620
742,622
742,625
742,627
742,631
742,681
742,751
742,753
742,903
742,1062
742,92
742,117
742,455
742,454
742,453
742,644
742,1049
742,1109
742,456
742,532
742,1029
742,1154
742,959
742,116
742,369
742,586
742,596
742,628
742,102
742,101
742,100
742,452
742,493
742,597
742,626
742,684
742,593
742,630
742,1012
742,1015
742,1191
742,1253
742,2108
742,1240
742,105
742,1023
742,1051
742,1147
742,1161
742,1256
742,1267
742,1292
742,637
742,811
742,1016
742,1192
742,1322
742,965
742,1013
742,1338
742,1282
742,1373
742,555
742,565
742,592
742,1024
742,1119
742,1426
742,2093
742,2092
742,1159
742,1347
742,1412
742,1853
742,1854
742,1844
742,2114
742,2118
742,1495
742,1368
742,1870
742,2095
742,1483
742,1232
742,633
742,1882
742,2094
742,2122
742,465
742,1625
742,1871
742,1025
742,2096
742,1667
742,1878
742,377
742,379
742,378
742,1872
742,1877
742,1455
742,1843
742,59
742,614
742,478
358,1014
358,392
358,1873
358,1993
358,1373
358,1840
358,2101
358,1245
358,1871
358,2098
358,2257
358,1755
358,521
358,1832
358,1418
358,2356
358,2260
358,2287
424,496
424,544
424,546
424,604
424,613
424,1003
424,607
424,1002
424,947
424,843
424,1043
424,1065
424,1124
424,1819
424,846
424,1963
424,1964
424,1167
424,452
424,1070
424,1255
424,398
424,1335
424,2130
424,842
424,1867
424,1861
424,1136
754,813
754,735
754,837
754,256
754,882
754,978
754,1008
754,1963
754,518
754,1071
754,458
754,5
754,751
754,369
754,1139
754,1010
754,1147
754,1134
754,1162
754,2062
754,456
754,1181
754,1965
754,1156
754,452
754,1252
754,649
754,877
754,1243
754,1266
754,1247
754,229
754,1098
365,496
365,873
365,1192
365,357
365,1426
365,1515
365,400
365,1549
365,1635
365,1550
365,1636
365,1647
365,1731
365,1643
365,1762
365,1763
365,1741
365,1742
365,2307
365,2403
365,2404
365,2426
365,2425
569,162
569,160
569,170
569,168
569,178
569,711
569,710
569,1795
569,881
569,1797
569,1793
569,1792
569,1794
569,1798
569,1799
569,1796
569,1800
569,1801
569,183
569,1802
569,1803
569,1804
569,1806
569,1807
569,1808
569,1810
569,1811
569,1812
569,1813
569,1814
569,1809
738,356
738,822
738,894
738,628
738,2062
738,378
738,1840
738,1461
738,1426
738,2142
738,1449
738,1524
738,317
738,318
738,1084
705,1977
705,667
705,703
705,291
705,1977
705,906
705,946
705,728
705,756
705,182
705,761
705,792
705,854
705,299
705,300
705,320
705,301
705,302
705,742
705,768
705,958
705,2027
705,802
705,917
705,224
705,579
705,578
705,622
705,1978
705,801
705,306
705,1044
705,1962
705,336
705,2019
705,2018
705,998
705,996
705,623
705,862
705,688
705,686
705,672
705,2020
705,1966
705,1967
705,2021
705,843
705,321
705,975
705,1112
705,1116
705,858
705,932
705,1117
705,1151
705,547
705,1145
705,2022
705,2056
705,1299
705,1850
705,1423
705,1281
705,2140
1032,226
1032,289
1032,288
1032,777
1032,788
1032,870
1032,891
1032,912
1032,983
1032,994
1032,1816
1032,1815
1032,942
1032,360
1032,1051
1032,125
1032,307
1032,493
1032,804
1032,833
1032,878
1032,943
1032,947
1032,1997
1032,1104
1032,1146
1032,1479
1032,1495
1032,1512
1032,1554
1032,2235
1618,103
1618,321
1618,681
1618,48
1618,47
1618,1008
1618,382
1618,2019
1618,2018
1618,2017
1618,452
1618,2023
1618,2025
99,666
99,261
99,697
99,507
99,517
99,701
99,698
99,721
99,109
99,218
99,527
99,528
99,744
99,1961
99,457
99,864
99,994
1379,369
1379,563
1379,586
1379,600
1379,601
1379,637
1379,790
1379,804
1379,863
1379,937
1379,943
1379,1045
1379,1059
1379,1069
1379,1122
1379,1203
1379,1212
1379,1229
1379,843
1379,335
1379,773
1379,1334
1379,1188
1379,1348
1379,1435
1379,401
1379,1360
1379,352
1379,405
1379,419
1379,846
1379,1077
1379,1404
1379,1425
1379,1440
1379,1446
1379,1447
1379,1471
1379,1484
1379,1522
1379,1524
1379,1538
1379,1869
1379,1964
1379,1965
1379,1963
1379,106
1379,406
1379,1095
1379,1412
1379,1519
1379,1528
1379,1533
1379,1544
1379,1561
1379,1577
1379,1882
1379,2002
1379,387
1379,2067
1379,482
1379,1640
1379,1634
1379,1822
1379,414
1379,1883
1379,439
1379,1755
1379,1702
1379,1767
1379,1985
1379,2201
1379,2259
1379,2262
1379,1983
1379,2322
1379,2069
1379,2100
1379,440
1379,2399
1379,407
1379,427
1379,1906
1379,429
1379,441
1379,1905
1025,663
1025,1978
1025,1565
1025,1111
1025,1157
1025,1568
1025,1139
1025,1162
1025,1066
1025,1214
1025,1216
1025,452
1025,1257
1025,659
1025,1230
1025,1223
1025,1151
1025,1184
1025,1227
1025,1243
1025,1258
1025,1244
1025,1259
1025,1264
1025,1908
1025,1269
1025,1268
1025,1278
1025,242
1025,398
1025,1178
1025,1275
1025,1980
1025,1981
1025,1091
1025,1376
1025,1323
1025,1350
1025,1463
1025,1332
1025,1423
1025,1399
1025,1401
1025,1260
1025,1294
1025,1325
1025,1331
1025,1422
1025,1442
1025,1470
1025,1493
1025,1510
1025,1438
1025,1283
1025,1497
1025,1500
1025,1436
1025,1499
1025,1285
1025,473
1025,1527
1025,1488
1025,1432
1025,1461
1025,1552
1025,1910
1025,1075
1025,1286
1025,1908
1025,1287
1025,1553
1025,1288
1025,1516
1025,1606
1025,1448
1025,1586
1025,1911
1025,1309
1025,1542
1025,1308
1025,1607
1025,1610
1025,1618
1025,1620
1025,1343
1025,1403
1025,1477
1025,1581
1025,1982
1025,1626
1025,1628
1025,1434
1025,1630
1025,1310
1025,1265
1025,1649
1025,1651
1025,1080
1025,1658
1025,1311
1025,1661
1025,658
1025,660
1025,1093
1173,288
1173,340
1173,5
1173,298
1173,761
1173,792
1173,789
1173,839
1173,920
1173,167
1173,836
1173,322
1173,1956
1173,842
1173,1182
1173,1512
1656,763
1656,453
1656,355
1656,598
1656,493
1656,600
1656,95
1656,604
1656,784
1656,487
1656,792
1656,791
1656,605
1656,799
1656,825
1656,797
1656,712
1656,790
1656,780
1656,601
1656,789
1656,807
1656,615
1656,119
1656,754
1656,777
1656,788
1656,608
1656,881
1656,853
1656,885
1656,454
1656,906
1656,914
1656,1020
1656,940
1656,455
1656,1002
1656,865
1656,1167
946,629
946,726
946,112
946,600
946,714
946,271
946,506
946,670
946,734
946,604
946,580
946,740
946,739
946,555
946,565
946,592
946,610
946,732
946,527
946,507
946,227
946,268
946,737
946,690
946,716
946,750
946,123
946,593
946,617
946,129
946,635
946,641
946,1086
905,262
905,2039
905,2038
905,2042
905,1036
905,1046
905,1786
905,2040
905,2090
905,2043
905,2048
905,1928
905,2148
905,2182
905,2044
905,1584
905,2046
905,2047
905,1822
905,2049
905,2053
905,2051
905,1755
905,2135
905,2050
905,2151
905,2052
905,449
905,2193
905,2054
905,2037
506,1935
506,186
506,1090
506,1364
506,495
506,503
506,502
506,501
506,568
506,567
506,691
506,693
506,692
506,1462
506,2048
506,500
506,2380
650,1846
650,1515
650,1554
650,1868
650,1466
650,1420
650,1519
650,1567
650,1858
650,1541
650,1597
650,2437
650,1620
650,1825
650,1623
650,1917
650,1633
650,2127
650,1545
650,1624
650,2438
650,1826
650,421
650,1645
650,2140
650,1637
650,1669
650,1646
650,1664
650,1824
650,2143
650,2146
650,1662
650,1677
650,1831
650,1031
650,1084
650,1556
650,1506
650,1918
650,1702
650,2137
650,1711
650,2128
650,1715
650,1721
650,426
650,1684
650,1737
650,1985
650,1032
650,1767
650,430
650,1750
650,2135
650,1730
650,1986
650,1557
650,2245
650,1919
650,1678
650,2239
650,2250
650,2226
650,1613
650,2255
650,2227
650,1836
650,432
650,2186
650,2244
650,2134
650,1987
650,2292
650,1732
650,438
650,2329
650,1595
650,2136
650,2336
650,2349
650,1920
650,1155
650,1507
650,2357
650,2337
650,443
650,2359
650,2287
650,2367
650,2384
650,2125
650,2107
650,2288
650,2387
650,415
650,1906
650,2139
650,2422
650,2266
650,2190
650,2138
650,2374
650,1888
650,1907
1161,2160
1161,1843
1161,2169
1161,379
1161,338
1161,1443
1161,1574
1161,413
1161,2170
1161,2163
1161,2276
1161,2164
1161,478
1161,2152
1161,2165
1161,415
1161,480
183,731
183,501
183,803
183,812
183,286
183,987
183,280
183,804
183,543
183,609
183,1067
183,761
183,268
183,130
183,281
183,269
183,712
183,807
183,356
183,596
183,1983
183,842
183,359
183,358
183,816
183,924
183,797
183,943
183,649
183,994
183,866
183,985
183,843
183,1141
183,22
183,1122
183,1115
183,260
183,452
183,678
183,312
183,1272
183,504
183,576
183,181
183,1949
183,1937
183,1051
183,1368
183,1959
183,1958
183,1022
183,614
183,1343
183,1477
183,1815
183,1098
183,477
183,540
183,196
183,2234
183,366
805,694
805,452
805,1040
805,1336
805,2155
805,1843
805,1984
805,343
805,1640
805,475
805,2203
805,413
805,2095
805,81
165,1445
165,1434
165,1288
165,1875
165,1618
165,1549
165,1649
165,1876
165,1550
165,1690
165,1675
165,1643
165,1762
165,1763
165,1741
321,1311
321,1313
321,1316
321,1283
321,1759
321,2226
321,2249
321,1833
321,2243
321,2270
321,1834
321,1837
321,2382
321,2264
321,2370
321,2340
321,1891
321,2345
1324,362
1324,1047
1324,1000
1324,972
1324,2086
1324,2088
1324,663
1324,2033
1324,1195
1324,2089
1324,1819
1324,1820
1324,2034
1324,304
1324,303
1324,2182
921,89
921,93
921,90
921,88
921,94
921,97
921,98
921,101
921,96
921,100
921,95
921,141
921,143
921,267
921,266
921,287
921,292
921,289
921,288
921,356
921,493
921,496
921,495
921,555
921,562
921,565
921,571
921,575
921,592
921,584
921,583
921,582
921,716
921,750
921,787
921,808
921,855
921,864
921,1
1310,1682
1310,1925
1310,1449
1310,1994
1310,2228
1310,368
1310,1884
1310,1077
1310,1678
1310,1471
1310,1165
1310,904
1310,1459
1310,2330
1310,1239
1310,423
1310,821
1310,1904
1310,2323
1310,2096
987,733
987,759
987,912
987,836
987,967
987,125
987,356
987,956
987,1158
987,777
987,1141
987,452
987,1273
987,473
561,217
561,1774
561,1779
561,1785
561,1121
561,971
561,41
561,108
561,1289
561,925
561,1104
561,1236
561,865
561,1038
561,851
561,411
239,135
239,572
239,723
239,694
239,395
239,747
239,1008
239,304
239,278
239,1102
239,1271
239,912
239,1605
1363,864
1363,191
1363,1380
1363,1255
1363,1409
1363,1445
1363,842
1363,471
1363,1479
1363,1412
1363,2126
1363,1524
1363,1528
1363,1022
1363,1466
1363,1570
1363,461
1363,1567
1363,1623
1363,1669
1363,1688
1363,1711
1363,1709
1363,521
1363,2230
1363,2267
1363,2259
1363,2292
1363,2336
1625,1207
1625,1245
1625,1140
1625,1255
1625,879
1625,951
1625,1860
1625,842
1625,1063
1625,1254
1625,1299
1625,1070
1625,383
1625,384
1625,1346
1625,378
1625,1354
1625,1386
1625,408
1625,1369
1625,1380
1625,1409
1625,1293
1625,1430
1625,1447
1625,1540
1625,1567
1625,229
1625,1378
1625,797
1625,1566
1625,1646
1625,1688
1625,1570
1625,1669
1625,1705
1625,1551
1625,1642
1625,405
1625,1750
1625,352
1625,1525
1625,2228
1625,1602
1625,1963
1625,1964
1625,1965
1625,2239
1625,2244
1625,444
1625,2290
1625,2295
1625,2337
1625,2376
1625,1613
1625,2387
1625,1137
1625,1002
1625,2422
1625,1713
1625,2374
9,1957
9,15
9,592
9,587
9,582
9,593
9,583
9,283
9,285
9,636
9,718
9,130
9,249
9,630
9,779
9,829
9,836
9,1995
9,816
9,887
9,684
9,1996
9,778
9,837
9,936
9,973
9,927
9,950
9,2028
9,981
9,944
9,343
9,637
9,915
9,926
9,929
9,935
9,1054
9,985
9,889
9,1998
9,1208
9,1932
9,1250
9,1089
9,1999
9,947
9,1295
9,1239
9,82
9,1424
9,419
9,83
9,2001
9,1433
9,84
9,424
9,420
9,106
9,1548
9,1490
9,2002
9,2079
9,421
9,425
9,1313
9,434
9,2003
9,1454
9,1022
9,2277
9,435
9,1017
9,2084
9,436
9,633
9,427
9,2190
9,2436
9,2191
166,1055
166,1241
166,1194
166,1304
166,1375
166,1375
166,1392
166,1394
166,1348
166,841
166,1433
166,1434
166,1461
166,1514
166,1620
166,1608
166,1675
166,1686
166,1744
166,1706
166,2220
166,2389
166,2342
166,2412
541,595
541,594
541,587
541,1138
541,810
541,1849
541,985
541,1333
541,1336
541,1041
541,1559
541,1609
541,1755
1356,288
1356,636
1356,617
1356,616
1356,166
1356,2017
1356,160
1356,1908
1356,293
1356,289
1356,356
1356,893
1356,358
1356,730
1356,359
1356,185
1356,1966
1356,1967
1356,1968
1356,2011
1356,1790
1356,1844
1356,1237
1356,1050
1356,1850
1356,954
1356,1853
1356,2088
1356,1854
1356,1870
1356,1519
1356,1541
1356,1871
1356,1652
1356,1851
1356,1852
1356,59
2,1515
2,1549
2,1635
2,1550
2,1636
2,1647
2,76
2,638
2,1741
2,1742
2,2307
2,795
2,2403
2,1094
2,2425
1148,295
1148,1195
1148,1196
1148,303
1148,1813
1148,7
1148,21
1148,9
1148,1980
1148,659
1148,1091
1148,1075
1148,1006
1367,1281
1367,1167
1367,1210
1367,1237
1367,1270
1367,1369
1367,1850
1367,1255
1367,1409
1367,1426
1367,1869
1367,378
1367,1002
1367,1068
1367,1129
1367,1170
1367,1189
1367,1297
1367,1567
1367,1848
1367,1851
1367,1031
1367,1343
1367,1522
1367,1852
1367,777
1360,1045
1360,1059
1360,2060
1360,1040
1360,842
1360,452
1360,1051
1360,1399
1360,314
1360,443
1360,2389
1360,2278
1360,1481
1360,2397
1422,169
1422,600
1422,41
1422,159
1422,750
1422,166
1422,1976
1422,176
1422,601
1422,615
1422,1794
1422,1800
248,724
248,590
248,731
248,717
248,16
248,735
248,774
248,1086
248,772
248,219
248,729
248,887
248,924
248,930
248,988
248,1045
248,1056
248,1114
248,1180
248,1176
248,1187
248,376
248,1015
248,1449
248,406
248,1654
534,2079
534,33
534,263
534,2080
534,2076
534,2078
534,1991
534,35
534,2081
534,1992
534,34
534,2033
534,2083
534,2084
534,2085
534,36
145,590
145,502
145,593
145,39
145,495
145,641
145,749
145,580
145,249
145,288
145,775
145,289
145,842
145,889
145,903
145,826
596,90
596,591
596,89
596,88
596,673
596,670
596,483
596,5
596,590
596,198
596,707
596,97
596,700
596,196
596,506
596,493
596,1957
596,1959
596,484
596,497
596,720
596,575
596,572
596,244
596,716
596,245
596,264
596,722
596,719
596,496
596,250
596,734
596,585
596,732
596,109
596,584
596,744
596,610
596,763
596,641
596,815
596,824
596,884
596,871
596,855
596,918
596,906
596,977
596,1958
596,979
596,845
596,622
596,996
596,186
596,623
596,190
596,1110
596,1158
596,1145
596,1012
596,1998
596,237
596,1015
596,1253
596,1089
596,1386
596,1347
596,1382
596,1439
596,1446
596,1473
596,2090
596,1496
596,1079
596,1670
596,1682
596,2186
284,1295
284,1949
284,1297
284,1296
284,1305
284,812
284,1302
284,658
284,1326
284,1873
284,379
284,1231
284,1330
284,1334
284,1341
284,215
284,1098
284,1359
284,1365
284,1363
284,1386
284,345
284,1367
284,1395
284,498
284,372
284,1370
284,1406
284,1408
284,2013
284,1245
284,1441
284,1445
284,1993
284,1440
284,1842
284,1491
284,1495
284,1486
284,1496
284,1509
284,1502
284,1531
284,1523
284,1418
284,1560
284,1377
284,1554
284,1555
284,1559
284,1022
284,596
284,1885
284,1573
284,387
284,1882
284,1612
284,1609
284,388
284,1825
284,1614
284,1867
284,1621
284,1826
284,891
284,1670
284,1672
284,1667
284,2015
284,2161
284,1556
284,1704
284,1136
284,1711
284,439
284,1190
284,1303
284,1344
284,296
284,1758
284,1876
284,1875
284,1729
284,2203
284,2212
284,2245
284,1557
284,1715
284,1846
284,1858
284,2267
284,2186
284,2280
284,2285
284,2327
284,1595
284,440
284,2388
284,2187
284,2334
284,2393
284,2391
284,390
284,391
284,404
284,441
284,2397
284,2423
284,2413
284,1905
284,1368
284,2253
284,2188
284,381
284,1907
639,600
639,601
639,615
639,831
639,1226
639,1248
639,1272
639,1304
639,1064
639,134
639,626
639,633
639,1999
639,1998
639,1093
639,924
639,1839
639,229
639,241
639,1013
639,1192
639,1850
639,378
639,1266
639,610
639,1538
639,1324
1149,1886
1149,928
1149,603
1149,100
1149,1012
1149,42
1149,187
1149,1347
1149,559
1149,780
1149,1519
1149,1541
1149,1622
1149,1755
1149,1703
1149,2201
1149,1836
294,161
294,169
294,170
294,168
294,176
294,178
294,711
294,710
294,1800
294,1797
294,1804
294,174
261,882
261,886
261,698
261,895
261,901
261,906
261,1973
261,915
261,921
261,921
261,926
261,929
261,935
261,297
261,298
261,920
261,1113
261,324
261,978
261,1054
261,1061
261,167
261,879
261,951
261,1063
261,1111
261,858
261,932
261,1953
261,1105
261,1954
261,1124
261,1955
261,1157
261,1125
261,1181
261,1196
261,2056
261,1214
261,1186
261,1238
261,1241
261,1243
261,1269
261,2449
261,1263
261,1290
261,1323
261,1234
261,1329
261,1339
261,1355
261,1364
261,1383
261,1379
261,1401
261,1399
261,1403
261,1413
261,1430
261,1438
261,1450
261,1462
261,1477
261,1492
261,1552
261,1539
261,1547
261,1540
261,1571
261,1581
261,1610
261,1632
261,1590
261,1631
261,1648
261,1601
261,1653
261,1725
261,1657
261,1660
261,1578
261,1313
261,1675
261,1694
261,1689
261,1726
261,1710
261,1714
261,1716
261,1722
261,1912
261,1734
261,1753
261,2207
261,1752
261,1749
261,1698
261,1761
261,2200
261,2209
261,1628
261,2215
261,2222
261,2249
261,2248
261,1823
261,2289
261,2295
261,2286
261,2303
261,2318
261,2325
261,2338
261,2351
261,2354
261,2364
261,2362
261,2372
261,2369
261,2375
261,2380
261,2394
261,2398
261,2408
261,2415
261,2415
261,2417
261,2430
261,1898
261,1895
110,1185
110,761
110,1175
110,1280
110,237
110,238
110,1981
110,1319
110,1339
110,1350
110,2144
110,239
110,1379
110,1138
110,1399
110,1438
110,1424
110,2013
110,1336
110,1495
110,939
110,1286
110,1548
110,387
110,1623
110,1917
110,1669
110,1667
110,423
110,1707
110,2132
110,1739
110,2201
110,2135
110,1919
110,1637
110,2267
110,2186
110,2134
110,2336
110,2329
110,2139
110,1507
110,2136
110,2397
110,2433
110,1730
110,1921
110,2188
110,1888
835,1063
835,1117
835,1115
835,1859
835,335
835,1303
835,1302
835,2106
835,1293
835,1342
835,1346
835,1344
835,1277
835,1365
835,28
835,1857
835,1380
835,1421
835,1867
835,410
835,1451
835,1446
835,413
835,416
835,1475
835,1869
835,1479
835,1487
835,1509
835,1874
835,1868
835,1856
835,1885
835,1345
835,2184
835,1545
835,1038
835,1650
835,1656
835,1824
835,1875
835,1669
835,2080
835,1709
835,1991
835,1768
835,2230
835,2105
835,2247
835,1613
835,2280
835,444
835,2302
835,2329
835,2083
835,2300
835,2357
835,2365
835,443
835,1677
835,2393
835,2107
835,2416
835,2406
835,1906
835,2413
835,1989
835,2188
835,2112
489,287
489,289
489,288
489,1059
489,1115
489,1859
489,104
489,216
489,1318
489,1215
489,866
489,953
489,2011
489,1562
969,109
969,490
969,800
969,987
969,1123
969,630
969,936
969,343
969,1120
969,1236
969,842
969,1098
969,1136
734,291
734,278
734,326
734,262
734,2032
734,674
734,917
734,206
734,2034
734,673
734,1998
734,700
734,325
734,1208
734,2074
734,1250
734,263
734,349
734,303
734,875
734,1536
734,1402
734,1616
734,1859
734,1860
734,2053
734,1698
734,2075
734,2079
734,277
734,1981
734,1757
734,416
734,1685
339,845
339,971
339,1121
339,375
339,603
339,307
339,889
339,1118
339,1204
339,1131
339,1139
339,2061
339,185
339,1034
339,1035
339,1101
339,1147
339,1162
339,1194
339,1120
339,1229
339,925
339,1104
339,1236
339,1261
339,1319
339,1278
339,850
339,105
339,2444
339,976
339,1322
339,1330
339,1013
339,1060
339,1842
339,2445
339,471
339,1479
339,1467
339,1511
339,1048
339,1226
339,1304
339,2064
339,2065
339,470
339,1882
339,1403
339,1673
339,1677
339,1477
339,1687
339,1265
339,1356
339,1918
339,1522
339,1276
339,1760
339,2245
339,2261
339,2299
339,2336
339,2134
339,2136
339,2391
339,2396
763,590
763,635
763,682
763,39
763,495
763,673
763,496
763,593
763,596
763,1931
763,103
763,681
1723,596
1723,597
1723,1119
1723,633
1723,1172
1723,1159
1723,452
1723,1021
1723,1017
1723,1022
1723,1484
1723,1256
1571,852
1571,601
1571,615
1571,748
1571,225
1571,287
1571,288
1571,515
1571,743
1571,144
1571,100
1571,289
1571,815
1571,888
1571,196
1571,192
1571,13
1571,1306
1571,870
1571,983
1571,136
1571,925
1571,102
1571,833
1571,834
1571,1045
1571,1059
1571,1157
1245,769
1245,791
1245,712
1245,6
1245,778
1245,1086
1245,807
1245,773
1245,833
1245,760
1245,761
1245,792
1245,854
1245,111
1245,453
1245,504
1245,576
1245,814
1245,842
1245,13
1245,751
1245,2025
1245,606
1245,180
1245,831
1245,342
1245,827
1245,596
1245,899
1245,287
1245,288
1245,289
1245,804
1245,172
1245,260
1245,786
1245,179
1245,863
1245,58
1245,909
1245,936
1245,374
1245,1087
1245,943
1245,958
1245,812
1245,866
1245,975
1245,240
1245,657
1245,602
1245,455
1245,490
1245,985
1245,114
1245,912
1245,994
1245,1108
1245,14
1245,959
1245,375
1245,1056
1245,1109
1245,1112
1245,1120
1245,1122
1245,1131
1245,662
1245,1138
1245,369
1245,914
1245,456
1245,1164
1245,821
1245,904
1245,1003
1245,1167
1245,15
1245,1161
1245,1267
1245,339
1245,1202
1245,1859
1245,1860
1245,848
1245,2443
1245,1065
1245,1141
1245,2092
1245,925
1245,1236
1245,1229
1245,1225
1245,930
1245,315
1245,241
1245,1051
1245,1256
1245,777
1245,312
1245,850
1245,1282
1245,1320
1245,1231
1245,1000
1245,1333
1245,2093
1245,829
1245,1098
1245,464
1245,82
1245,1417
1245,1334
1245,1427
1245,1867
1245,1212
1245,335
1245,1389
1245,83
1245,1842
1245,1994
1245,1440
1245,2168
1245,1412
1245,1531
1245,1522
1245,1524
1245,1498
1245,1868
1245,1528
1245,1544
1245,317
1245,1577
1245,1246
1245,1039
1245,1882
1245,2002
1245,2184
1245,1963
1245,1964
1245,1615
1245,1965
1245,1633
1245,1625
1245,425
1245,401
1245,2169
1245,1654
1245,2140
1245,1824
1245,2098
1245,1663
1245,1702
1245,318
1245,2097
1245,1755
1245,1574
1245,1767
1245,1883
1245,1703
1245,2186
1245,438
1245,2141
1245,2284
1245,1830
1245,2329
1245,2352
1245,2357
1245,446
1245,2100
1245,2187
1245,429
1245,1906
1245,2416
122,688
122,2020
122,842
122,541
122,524
122,1051
122,838
122,2021
122,1125
122,1122
122,349
122,2022
122,1208
122,308
122,1305
122,1372
122,1825
122,409
122,1652
122,1717
122,1748
122,1418
122,2260
122,772
122,2410
517,2034
517,2035
517,2036
517,2039
517,2042
517,2041
517,2040
517,2048
517,2045
517,2046
517,2047
517,1822
517,2049
517,2050
517,1591
517,1596
517,2052
948,507
948,1455
948,744
948,825
948,962
948,1819
948,1820
948,388
948,1711
948,2267
948,387
948,389
488,1716
488,1722
488,1724
488,1734
488,1749
488,1752
488,1761
488,2211
488,1285
488,2202
488,2213
488,1925
488,2218
488,1757
488,2224
488,2220
488,2231
488,1913
488,2246
488,1441
488,2252
488,2272
488,1823
488,2293
488,2306
488,2331
488,2325
488,2324
488,2338
488,2350
488,2351
488,1628
488,2358
488,1770
488,2332
488,2354
488,2360
488,2364
488,2362
488,2055
488,1923
488,2369
488,2361
488,2371
488,2363
488,2381
488,2376
488,2386
488,2385
488,1915
488,2392
488,2394
488,2448
488,2339
800,1978
800,547
800,902
800,1133
800,548
800,163
800,861
800,553
800,556
800,132
800,552
800,551
800,1195
800,663
958,1295
958,462
958,82
958,1424
958,2000
958,1603
958,83
958,84
958,424
958,106
958,316
958,1858
958,2002
958,425
958,470
958,1652
958,2003
958,2004
958,1418
958,2005
958,2006
958,2277
958,427
958,2190
958,480
958,2191
958,448
49,990
49,784
49,989
49,813
49,800
49,493
49,541
49,342
49,823
49,797
49,853
49,454
49,453
49,303
49,924
49,931
49,100
49,101
49,858
49,932
49,304
49,324
49,455
49,1124
1387,344
1387,1169
1387,764
1387,1182
1387,677
1387,805
1387,822
1387,1044
1387,1980
1387,1839
1387,1043
1387,1850
1387,797
1387,937
1387,1059
1387,2106
1387,877
1387,940
1387,1511
1387,1574
1387,229
1387,2127
1387,2128
1387,2239
1387,1360
1387,1884
1132,1196
1132,1193
1132,452
1132,659
1132,1227
1132,1238
1132,2108
1132,1260
1132,1252
1132,1294
1132,1325
1132,1331
1132,1335
1132,1515
1132,2057
1132,1549
1132,1635
1132,1512
1132,1683
1132,1550
1132,1636
1132,1647
1132,2058
1132,1718
1132,1734
1132,1838
1132,1760
1132,1731
1132,1643
1132,1762
1132,1763
1132,2299
1132,1741
1132,1742
1132,2307
1132,2308
1132,2309
1132,2310
1132,2311
1132,2312
1132,2313
1132,2314
1132,2315
1132,2403
1132,2404
1132,2405
1132,2426
1132,2425
1629,1804
1629,356
1629,1801
1629,1802
1629,1805
1629,710
1629,1806
1629,146
1629,159
1629,1807
1629,1808
1629,174
1629,1809
1629,1803
1629,1812
1629,1810
1629,1811
1629,1813
1629,1814
1629,173
1629,687
369,681
369,2066
369,1842
369,76
369,1457
369,2090
369,2182
369,1465
369,1882
369,2067
369,1612
369,1545
369,1880
369,1685
369,1580
369,1883
369,152
369,494
369,2265
369,409
54,1274
54,2267
54,1466
54,1770
54,2249
54,1738
54,1592
54,1928
54,2350
54,2306
54,1585
54,2372
54,389
54,60
54,2440
54,2432
54,1612
54,1891
54,1898
1699,1113
1699,975
1699,878
1699,994
1699,1040
1699,842
1699,979
1699,845
1699,906
1699,946
1699,977
1699,892
1699,910
1699,996
1699,1118
967,903
967,217
967,994
967,508
967,1941
967,684
967,1942
967,1053
967,868
967,1943
967,1944
967,2060
967,1945
967,1946
967,1787
967,287
967,1947
967,1218
967,2102
967,1948
967,1949
967,2103
967,1327
967,2154
967,1863
967,1366
967,2156
967,2157
967,2153
967,1864
967,2158
967,1846
967,1530
967,1537
967,2159
967,386
967,1858
967,2160
967,1040
967,1652
967,2161
967,1084
967,1701
967,2162
967,1711
967,498
967,1418
967,2163
967,2276
967,2260
967,2164
967,2267
967,428
967,2165
479,763
479,557
479,2452
479,511
479,798
479,748
479,741
479,90
479,824
479,876
479,166
479,875
479,900
288,1655
288,2242
288,781
288,1768
288,2302
288,1531
288,1732
288,474
288,476
288,477
288,2365
288,2084
288,389
288,1729
288,2357
288,2085
288,450
288,2431
288,2117
288,429
288,387
288,1711
288,1894
288,1888
1492,458
1492,543
1492,609
1492,830
1492,2060
1492,328
1492,1165
1492,349
1492,1147
1492,1161
1492,378
1492,870
1492,983
1492,474
1492,1256
1492,1242
1492,1239
1492,335
1492,1279
1492,1225
1492,1021
1492,229
1492,1481
1492,418
1492,352
1492,1695
1001,1008
1001,167
1001,1251
1001,1263
1001,1230
1001,1337
1001,879
1001,1007
1001,1278
1001,1298
1001,951
1001,1307
1001,1294
1001,1325
1001,1234
1001,889
1001,1329
1001,1331
1001,931
1001,1339
1001,1103
1001,1414
1001,1388
1001,1463
1001,1925
1001,1394
1001,1434
1001,1437
1001,1436
1001,1439
1001,1415
1001,1438
1001,1461
1001,1462
1001,1542
1001,1460
1001,1474
1001,1477
1001,1489
1001,1283
1001,1514
1001,1518
1001,1472
1001,1516
1001,1072
1001,1517
1001,2126
1001,1587
1001,1926
1001,1284
1001,1535
1001,1286
1001,1547
1001,329
1001,1287
1001,1551
1001,420
1001,1582
1001,1581
1001,730
1001,1198
1001,1586
1001,1309
1001,1584
1001,2057
1001,1573
1001,1421
1001,1769
1001,1627
1001,1618
1001,1617
1001,1620
1001,1630
1001,1628
1001,1632
1001,1590
1001,1608
1001,1621
1001,1649
1001,1661
1001,1670
1001,1831
1001,1578
1001,1673
1001,1686
1001,1084
1001,1694
1001,1726
1001,1707
1001,434
1001,1708
1001,467
1001,1739
1001,1733
1001,1744
1001,1751
1001,2209
1001,1563
1001,2202
1001,2222
1001,2219
1001,2214
1001,1765
1001,2221
1001,1591
1001,2237
1001,2263
1001,2269
1001,2281
1001,2272
1001,2289
1001,2333
1001,2295
1001,2291
1001,2305
1001,2293
1001,2318
1001,2229
1001,2294
1001,2328
1001,2332
1001,2353
1001,1923
1001,447
1001,2384
1001,2396
1001,2383
1001,2424
1001,2195
1001,1892
1228,1951
1228,1952
1228,249
1228,777
1228,788
1228,130
1228,870
1228,359
1228,755
1228,287
1228,289
1228,288
1228,983
1228,973
1228,125
1228,878
1228,971
1228,1170
1228,343
1228,842
1228,1129
1228,1789
1228,942
1228,393
1228,1007
1228,1189
1328,741
1328,291
1328,2020
1328,2022
1328,1862
1328,1353
1328,1381
1328,672
1328,328
1328,2129
1328,1861
1328,1413
970,1360
970,1182
970,930
970,1367
970,2149
970,1345
970,1022
970,1491
970,1495
970,1511
970,1522
970,1513
970,2148
970,1569
970,1964
970,1843
970,1617
970,1667
970,379
970,378
970,426
970,1703
490,515
490,96
490,43
490,587
490,245
490,676
490,562
490,575
490,640
490,288
490,616
490,617
490,630
490,812
490,800
490,610
490,780
490,1067
490,714
490,777
490,842
490,287
490,899
490,497
490,585
490,594
490,869
490,1931
490,596
490,994
490,343
490,891
490,751
490,369
490,1136
490,327
490,328
490,1147
490,1161
490,1173
490,1127
490,309
490,1932
490,1212
490,1056
490,848
490,1017
490,1282
490,1098
490,345
490,125
490,393
490,408
490,1405
490,1382
490,1022
490,1018
490,461
490,1440
490,240
490,1502
490,1367
490,2126
490,1435
490,1520
490,2446
490,1634
490,237
490,238
490,1639
490,372
490,439
490,821
490,904
490,1003
490,1165
490,1471
490,1077
490,2235
490,2273
490,2284
490,2175
490,1209
490,2399
490,317
490,1906
490,429
490,1072
242,822
242,1352
242,1430
242,1460
242,1539
242,1540
242,1329
242,1631
242,1657
242,1619
242,2216
242,1700
242,1714
242,1251
242,1722
242,1721
242,1912
242,2204
242,2378
686,1504
686,1565
686,1568
686,1257
686,1258
686,1259
686,1264
686,1376
686,1422
686,1442
686,1470
686,1493
686,1510
686,1527
686,1626
686,1658
686,1691
686,1699
686,1743
686,2200
686,2206
686,1553
686,1606
686,1607
1475,264
1475,593
1475,640
1475,630
1475,811
1475,6
1475,587
1475,545
1475,882
1475,596
1475,936
1475,978
1475,597
1475,1782
1475,633
1152,160
1152,169
1152,170
1152,710
1152,178
1152,146
1152,159
1152,166
1152,710
1152,119
1152,370
1152,371
1152,1795
1152,161
1152,168
1152,171
1152,176
1152,267
1152,266
1152,1794
1152,880
1152,1797
1152,1793
1152,287
1152,288
1152,289
1152,356
1152,1974
1152,1798
1152,1976
1152,167
1152,879
1152,914
1152,1796
1152,918
1152,1799
1152,506
1152,670
1152,734
1152,763
1152,820
1152,893
1152,453
1152,454
1152,374
1152,1800
1152,173
1152,174
1152,1801
1152,944
1152,951
1152,557
1152,560
1152,2452
1152,561
1152,135
1152,861
1152,547
1152,548
1152,356
1152,669
1152,455
1152,550
1152,551
1152,1803
1152,552
1152,902
1152,1802
1152,573
1152,132
1152,671
1152,163
1152,1804
1152,2017
1152,2018
1152,984
1152,782
1152,805
1152,822
1152,968
1152,882
1152,300
1152,299
1152,320
1152,2019
1152,1805
1152,1806
1152,1063
1152,978
1152,321
1152,1812
1152,1163
723,1171
723,1268
723,1275
723,1432
723,1442
723,1264
723,1422
723,1257
723,1259
723,1503
723,1504
723,1565
723,1568
723,1470
723,1493
723,1510
723,1488
723,1527
723,1485
91,2121
91,1870
91,1519
91,2029
91,417
91,1466
91,1569
91,1574
91,51
91,1585
91,1567
91,1577
91,482
91,1612
91,2437
91,1615
91,2095
91,1917
91,1871
91,425
91,2438
91,1081
91,1640
91,1654
91,1646
91,1822
91,2080
91,1677
91,1668
91,1687
91,1697
91,1688
91,1916
91,2120
91,1702
91,1712
91,2441
91,1745
91,2442
91,1767
91,1703
91,1750
91,2123
91,2110
91,1872
91,1884
91,2235
91,2113
91,2233
91,1225
91,1613
91,438
91,2227
91,2259
91,2244
91,2292
91,2298
91,428
91,2337
91,1835
91,2387
91,1894
91,2427
1742,1608
1742,2216
1742,1723
1742,1700
1742,2211
1742,2202
1742,2223
1742,2306
1742,2196
1742,2303
1742,1823
1742,2325
1742,2338
1742,2332
1742,2354
1742,2364
1742,2369
1742,1923
1742,2375
1742,2363
1742,2448
1742,2394
1742,2383
1742,2402
1742,2417
1742,2432
1742,1898
1742,1903
117,708
117,722
117,707
117,582
117,636
117,797
117,809
117,883
117,900
117,1008
117,2104
117,473
1370,565
1370,545
1370,507
1370,245
1370,566
1370,592
1370,722
1370,641
1370,640
1370,825
1370,593
1370,630
1370,698
1370,576
1370,596
1370,769
1370,924
1370,936
1370,842
1370,597
1370,1029
1370,637
1370,1119
1370,633
1370,1021
1654,599
1654,619
1654,611
1654,594
1654,631
1654,621
1654,237
1654,628
1654,2012
1654,1916
1654,1530
1654,1882
1693,640
1693,318
1693,1324
1693,1387
1693,2284
1693,1395
1693,2316
1693,1087
1693,2352
1693,319
1693,2070
1693,2420
1693,2071
1693,2434
11,1242
11,930
11,1256
11,1278
11,1839
11,1980
11,957
11,462
11,1332
11,1335
11,1010
11,952
11,1393
11,1434
11,1447
11,1461
11,1476
11,1514
11,1620
11,1653
11,1654
11,444
11,2298
951,200
951,645
951,1337
951,554
951,216
951,1959
951,1786
951,1592
951,238
951,1859
951,2433
951,445
951,1086
951,1087
1411,52
1411,1022
1411,1435
1411,401
1411,1520
1411,1498
1411,1017
1411,868
1411,1634
1411,1719
1411,1625
1411,318
1411,2399
1661,549
1661,558
1661,639
1661,1776
1661,1778
1661,60
1661,655
1661,656
1661,330
1661,2129
1661,73
1661,1085
842,528
842,555
842,565
842,590
842,645
842,43
842,12
842,93
842,160
842,547
842,566
842,587
842,711
842,710
842,1956
842,90
842,133
842,577
842,708
978,812
978,2017
978,765
978,624
978,940
978,567
978,279
978,863
978,596
978,952
978,968
978,804
978,1150
978,633
978,1196
978,595
978,1238
978,454
978,2106
978,1498
978,1600
978,1696
1215,1086
1215,487
1215,813
1215,826
1215,842
1215,867
1215,66
1215,788
1215,836
1215,891
1215,912
1215,918
1215,1147
1215,1012
1215,82
1215,1541
1215,59
1215,2225
1215,2355
1309,757
1309,838
1309,742
1309,748
1309,552
1309,504
1309,576
1309,1977
1309,966
1309,781
1309,708
1309,979
1309,845
1309,827
1309,679
1309,655
1309,656
1309,1910
1309,1911
1309,653
1309,353
1309,2149
1309,1536
1309,1914
1309,2145
1309,1915
1076,1217
1076,229
1076,364
1076,1304
1076,1182
1076,1463
1076,1231
1076,408
1076,1870
1076,1524
1076,1615
1076,1880
1076,1667
1076,446
1076,407
1076,2427
720,605
720,44
720,291
720,600
720,601
720,615
720,541
720,541
720,138
720,509
720,537
720,538
720,196
720,790
720,602
720,455
720,842
720,184
720,324
720,510
720,603
720,693
720,568
720,16
720,17
720,20
720,456
720,626
720,189
720,1927
720,667
720,703
720,668
720,2116
720,2115
720,378
720,761
720,792
720,854
720,958
720,1044
720,302
720,99
720,841
720,191
720,1004
720,1998
720,1845
720,1229
720,1375
720,1375
720,1929
720,195
720,1392
720,2000
720,1866
720,1334
720,1433
720,2129
720,332
720,1490
720,1472
720,1508
720,1521
720,1205
720,1575
720,1572
720,2002
720,1434
720,1605
720,33
720,1628
720,1070
720,1661
720,1675
720,1738
720,1349
720,284
720,285
720,286
720,2234
720,1447
720,2072
1622,1175
1622,1215
1622,1333
1622,2144
1622,1389
1622,1398
1622,2143
1622,1429
1622,1457
1622,1095
1622,1096
1622,2320
1622,2421
267,1463
267,1956
267,513
267,1841
267,1446
267,1859
267,51
267,870
267,983
267,1279
267,1633
267,2132
267,1702
245,881
245,1175
245,864
245,298
245,920
245,1297
245,1296
245,105
245,134
245,137
245,1302
245,451
245,1147
245,1873
245,1161
245,1222
245,2145
245,2146
245,378
245,2147
245,377
245,1343
245,2063
245,1463
245,976
245,379
245,1841
245,1386
245,1103
245,1092
245,495
245,1403
245,462
245,1303
245,1344
245,1052
245,1322
245,1153
245,385
245,1447
245,1446
245,386
245,1074
245,1441
245,1330
245,1477
245,1421
245,1045
245,1874
245,1486
245,1539
245,1855
245,1425
245,463
245,1534
245,1276
245,472
245,1467
245,387
245,2057
245,471
245,1563
245,1875
245,388
245,1825
245,1629
245,1826
245,470
245,1638
245,374
245,1788
245,1789
245,1229
245,2110
245,712
245,807
245,402
245,1870
245,1876
245,1084
245,2058
245,82
245,84
245,83
245,1690
245,1711
245,1676
245,810
245,1847
245,307
245,1218
245,2098
245,2097
245,1671
245,1114
245,1496
245,467
245,477
245,1256
245,818
245,1050
245,2219
245,2233
245,2267
245,1418
245,1652
245,2134
245,2327
245,1203
245,2136
245,1846
245,2335
245,431
245,1554
245,1556
245,1557
245,1558
245,1595
245,521
245,1878
245,2260
245,86
245,1864
245,389
245,2003
245,2393
245,2237
245,2396
245,1194
245,2139
245,2431
245,2071
245,1916
245,2138
245,2427
245,2294
245,1888
245,2072
245,1892
245,448
245,1907
174,216
174,991
174,842
174,838
174,452
174,337
174,1348
174,1319
174,334
174,549
174,2145
174,424
62,690
62,629
62,4
62,90
62,641
62,593
62,606
62,596
62,1798
62,566
62,597
62,607
62,568
1665,1126
1665,1318
1665,2011
1665,1197
1665,105
1665,40
1665,453
1665,2013
1665,1440
1665,458
1665,459
1665,1250
1665,1368
1665,51
1665,1824
1665,1576
1665,1768
1665,1730
1665,1324
273,888
273,888
273,1937
273,1938
273,982
273,1053
273,610
273,646
273,1945
273,631
273,1946
273,1787
273,1947
273,1015
273,2102
273,1274
273,1021
273,1949
273,352
273,2153
273,2012
273,1993
273,1863
273,1366
273,390
273,2155
273,391
273,404
273,2156
273,401
273,405
273,1022
273,2157
273,2158
273,1864
273,1530
273,1537
273,2159
273,2014
273,2161
273,1084
273,1701
273,439
273,2162
273,2163
273,2016
273,2164
273,1595
273,2165
273,441
273,2166
273,1905
273,2167
1307,1407
1307,1405
1307,1439
1307,394
1307,1479
1307,937
1307,1059
1307,1496
1307,1865
1307,1867
1307,1868
1307,1095
1307,1960
1307,2183
1307,2184
1307,2140
1307,1824
1307,1670
1307,1624
1307,1662
1307,1667
1307,1674
1307,2185
1307,434
1307,2137
1307,1713
1307,1745
1307,1729
1307,1766
1307,1640
1307,2105
1307,2262
1307,2186
1307,435
1307,2285
1307,2136
1307,1507
1307,447
1307,2388
1307,2187
1307,436
1307,2391
1307,2107
1307,445
1307,2397
1307,1906
1307,2139
1307,2420
1307,2423
1307,429
1307,2253
1307,2138
1307,2188
1307,448
785,1572
785,1632
785,1608
785,1648
785,1183
785,1661
785,1680
785,2216
785,1707
785,1710
785,1315
785,1838
785,1728
785,1739
785,1747
785,1761
785,2208
785,2211
785,2218
785,2224
785,2231
785,2236
785,2252
785,1823
785,2281
785,2272
785,1773
785,2303
785,2297
785,2331
785,2347
785,2338
785,2351
785,2358
785,2354
785,2249
785,2364
785,2362
785,2369
785,2385
785,2372
785,2394
785,2398
785,2408
785,2415
785,2417
785,2430
785,1898
785,1903
315,1815
315,912
315,1818
315,966
315,1271
315,1358
315,1378
315,1430
315,1074
315,1075
315,1079
315,1981
315,1975
315,1633
315,638
315,1213
1415,2018
1415,2017
1415,919
1415,306
1415,587
1415,2019
1415,157
1415,156
1415,154
1415,158
1415,164
1415,155
1415,222
1415,361
1415,362
1415,1866
1415,1950
1415,2088
1415,589
1415,1238
1415,1014
1415,2194
1345,40
1345,580
1345,1881
1345,2262
1345,425
1345,2284
1345,1746
1345,2329
1345,2357
1345,2352
1345,2069
1345,1883
1345,389
1345,2273
1345,2416
1345,2334
1345,1906
1345,2100
1345,2399
444,289
444,912
444,903
444,950
444,967
444,1071
444,15
444,2104
444,371
444,375
444,600
444,914
444,1068
444,1170
444,1189
444,1859
444,65
444,1007
444,1297
444,230
444,232
444,399
444,130
444,231
444,249
444,1557
444,1441
444,1554
444,1556
444,134
444,898
444,971
444,1445
444,1220
444,864
444,2134
444,137
444,610
444,81
444,1389
444,1045
444,1464
269,1404
269,1446
269,51
269,1577
269,1599
269,1633
269,1702
269,1692
269,1767
269,2250
269,2247
269,2329
269,2416
144,1298
144,1924
144,1588
144,2118
144,2114
144,1228
144,974
144,1351
144,1926
144,273
144,1420
144,319
202,789
202,287
202,297
202,637
202,811
202,728
202,756
202,839
202,298
202,167
202,879
202,870
202,289
202,918
202,486
202,914
202,920
202,567
202,182
202,906
202,946
202,949
202,951
202,958
202,693
202,960
202,977
202,602
202,983
202,89
202,88
202,91
202,877
202,996
202,1005
202,1044
202,1045
202,322
202,1063
202,603
202,1110
202,1116
202,764
202,1140
202,1145
202,1188
714,410
714,1415
714,1251
714,1446
714,1441
714,413
714,1461
714,1469
714,1492
714,1480
714,2040
714,1494
714,1472
714,535
714,1517
714,2011
714,1516
714,1519
714,1513
714,1552
714,1539
714,1530
714,1542
714,329
714,1287
714,1540
714,472
714,55
714,1567
714,1541
714,1563
714,1885
714,1433
714,1597
714,1454
714,1490
714,1521
714,642
714,1610
714,559
714,1777
714,387
714,1627
714,2437
714,388
714,1615
714,1622
714,1632
714,1631
714,1843
714,1310
714,1629
714,2438
714,1621
714,1653
714,1657
714,56
714,1646
714,437
714,2439
714,1822
714,1686
714,368
714,1315
714,1688
714,1693
714,2440
714,1676
714,1711
714,2242
714,1707
714,1701
714,1316
714,1712
714,2441
714,1723
714,1739
714,2442
714,1759
714,2197
714,1751
714,2208
714,1750
714,1735
714,2220
714,2279
714,1919
714,442
714,2151
714,2267
714,2304
714,2244
714,444
714,2292
714,2347
714,2337
714,2386
714,2422
714,381
714,2374
714,480
1676,1522
1676,2101
1676,424
1676,1541
1676,1404
1676,1577
1676,1453
1676,1465
1676,1095
1676,1882
1676,1096
1676,317
1676,482
1676,1612
1676,1622
1676,1614
1676,1600
1676,644
1676,1210
1676,1369
1676,1871
1676,1633
1676,1081
1676,1624
1676,1640
1676,1127
1676,129
1676,635
1676,641
1676,1880
1676,536
1676,1412
1676,1589
1676,1602
1676,1917
1676,1662
1676,2098
1676,2140
1676,1876
1676,1665
1676,1031
1676,1281
1676,1347
1676,1580
1676,434
1676,1276
1676,475
1676,423
1676,2132
1676,2131
1676,1447
1676,2097
1676,1684
1676,2133
1676,1032
1676,2201
1676,1480
1676,1730
1676,1879
1676,2198
1676,2170
1676,2134
1676,1218
1676,2260
1676,1156
1676,1324
422,1341
422,1363
422,1273
422,1359
422,1405
422,1357
422,1424
422,1456
422,1511
422,1480
422,1502
422,1494
422,1517
422,2109
422,1523
422,1528
422,1486
422,387
422,461
422,1609
422,1825
422,1637
422,1672
422,368
422,1711
422,2267
422,389
422,407
422,2397
422,2112
608,1283
608,1257
608,1542
608,1493
608,1259
608,1606
608,1610
608,1514
608,1582
608,1313
608,1699
608,1642
608,601
608,2279
608,1527
608,2254
608,2295
608,2305
608,2258
608,2288
608,2430
656,154
656,153
656,152
656,151
656,165
656,164
656,177
656,547
656,548
656,550
656,552
656,551
656,557
656,574
656,634
656,652
656,669
656,758
656,494
656,2452
656,60
979,1479
979,1188
979,1858
979,1190
979,1050
979,1081
979,1208
979,444
979,777
979,956
979,1441
979,975
979,291
979,425
1412,929
1412,935
1412,1086
1412,2086
1412,2087
1412,2088
1412,648
1412,1950
1412,154
1412,2032
1412,301
1412,2036
1412,1388
1412,2038
1412,2041
1412,2045
1412,1577
1412,1695
1412,1082
1412,2346
1412,1928
466,874
466,886
466,895
466,887
466,901
466,912
466,915
466,813
466,867
466,918
466,903
466,921
466,926
466,929
466,928
466,935
466,374
466,364
466,27
466,963
466,395
466,1061
466,1060
466,985
466,1953
466,1954
466,1950
466,1955
466,1866
466,1149
1616,1049
1616,1177
1616,1191
1616,1426
1616,1324
1616,1452
1616,1487
1616,1576
1616,234
1616,1614
1616,235
1616,2438
1616,1655
1616,2439
1616,1780
1616,1695
1616,368
1616,2440
1616,2058
1616,2441
1616,2442
1616,2203
1616,430
1616,1768
1616,2199
1616,1765
1616,2302
1616,2357
380,237
380,349
380,1176
380,1217
380,930
380,1249
380,335
380,1319
380,1266
380,1326
380,2106
380,379
380,1361
380,1367
380,1844
380,1389
380,1384
380,1351
380,2073
380,1447
380,1443
380,684
380,1495
380,2126
380,424
380,1600
380,1843
380,421
380,1652
380,1687
380,434
380,475
380,1082
562,97
562,15
562,261
562,591
562,148
562,719
562,726
562,708
562,722
562,213
562,600
562,587
562,512
562,991
562,724
562,218
562,717
562,518
562,507
562,285
562,749
562,159
562,1961
562,137
562,223
562,1969
562,1970
562,485
562,219
562,578
562,579
562,98
562,989
562,772
562,707
562,761
562,792
562,226
562,348
562,615
562,1086
562,266
562,356
562,150
562,897
562,807
562,898
562,903
562,859
562,1011
562,797
562,491
562,492
562,865
562,980
562,826
562,643
562,654
562,790
562,1945
562,652
562,1040
562,378
562,927
562,1212
562,1502
562,1548
562,2284
373,1187
373,1290
373,391
373,390
373,404
373,352
373,1338
373,1993
373,1427
373,1994
373,405
373,463
373,2183
373,461
373,1079
373,406
373,2184
373,1625
373,2110
373,1040
373,2185
373,439
373,1719
373,2197
373,2113
373,2186
373,440
373,2187
373,2334
373,2399
373,2165
373,441
373,1905
373,2167
373,2166
373,2188
1465,1103
1465,1847
1465,2012
1465,1367
1465,1863
1465,408
1465,1382
1465,1400
1465,380
1465,1072
1465,1424
1465,1415
1465,1431
1465,1840
1465,418
1465,419
1465,466
1465,1495
1465,1509
1465,1511
1465,1418
1465,1519
1465,1541
1465,1573
1465,2160
1465,234
1465,1525
1465,2437
1465,1633
1465,421
1465,1624
1465,2438
1465,431
1465,2439
1465,1662
1465,2161
1465,2098
1465,1673
1465,1685
1465,368
1465,2440
1465,434
1465,1760
1465,1083
1465,1084
1465,2097
1465,1745
1465,2162
1465,1729
1465,1755
1465,1766
1465,1751
1465,1985
1465,1671
1465,1730
1465,1986
1465,647
1465,442
1465,1081
1465,1765
1465,2247
1465,2227
1465,432
1465,2186
1465,1592
1465,2299
1465,1591
1465,2275
1465,2298
1465,2330
1465,428
1465,2352
1465,443
1465,2359
1465,2367
1465,2386
1465,2187
1465,407
1465,2193
1465,433
1465,2288
1465,427
1465,2397
626,356
626,356
626,452
626,1147
626,1161
626,357
626,2108
626,1256
626,1242
626,1274
626,462
626,1322
626,1326
626,1271
626,1295
626,337
626,473
626,1388
626,1847
626,463
626,1860
626,1424
626,1412
626,1867
626,1868
626,420
626,424
626,1397
626,1882
626,1842
626,425
626,2110
626,1589
626,1468
626,421
626,1685
626,1652
626,2277
626,2260
626,1208
626,1305
626,2098
626,2097
690,495
690,554
690,590
690,600
690,453
690,976
690,1068
690,237
690,1129
690,534
690,1363
690,1410
690,1441
690,1579
690,2242
690,1615
690,2199
690,2029
1122,1006
1122,1037
1122,1504
1122,1568
1122,1503
1122,1501
1122,1216
1122,1257
1122,1223
1122,1258
1122,1244
1122,1264
1122,1392
1122,1432
1122,1470
1122,1493
1122,1510
1122,1527
1122,1488
1122,1553
1122,1606
1122,1607
1122,1626
1122,1658
1122,1691
1122,1699
1122,1743
1122,1738
1122,2206
1122,2254
1122,2258
229,382
229,1224
229,1274
229,1967
229,1295
229,1459
229,1364
229,949
229,1234
229,1865
229,1882
229,1537
229,2096
229,525
229,1622
229,2100
229,2069
229,2393
229,2070
229,1885
229,465
719,1790
719,1261
719,1282
719,751
719,1172
719,1321
719,925
719,1104
719,1236
719,369
719,1850
719,1390
719,1391
719,586
719,1368
719,1869
719,1270
719,388
719,387
719,1848
719,1070
719,633
719,1237
719,1851
719,1852
719,1711
719,1030
719,446
719,1103
1620,1789
1620,921
1620,2027
1620,929
1620,935
1620,612
1620,978
1620,597
1620,322
1620,623
1620,994
1620,1549
1620,1550
404,1038
404,1997
404,1121
404,1070
404,1120
404,662
404,1138
404,1207
404,1225
404,1197
404,2092
404,1015
404,1229
404,1319
404,1248
404,1089
404,1869
250,264
250,503
250,107
250,41
250,41
250,223
250,1969
250,292
250,108
250,541
250,694
250,600
250,213
250,503
250,243
250,265
250,346
250,1961
250,214
250,486
250,590
250,193
250,804
250,630
250,812
250,778
250,119
250,559
250,1972
250,792
250,854
250,1
250,842
250,147
250,829
250,260
250,868
250,181
250,922
250,597
250,709
250,857
250,958
250,1109
250,1945
250,1139
250,1066
250,1162
250,1193
250,1056
250,925
250,848
250,793
250,846
250,1146
250,539
250,42
250,1136
250,997
250,1021
250,1930
250,488
250,1949
250,1190
250,149
250,2031
250,1060
250,1890
359,1818
359,990
359,54
359,382
359,553
359,57
359,1099
359,646
359,549
359,661
359,679
359,57
359,2088
359,2129
359,1819
359,1820
359,656
359,2089
359,398
359,2130
359,29
359,2451
308,502
308,1956
308,515
308,580
308,699
308,245
308,701
308,629
308,574
308,50
308,877
308,893
308,984
308,114
308,115
308,1134
308,1236
308,1320
308,1638
252,109
252,828
252,580
252,369
252,10
252,497
252,1932
252,1935
252,451
252,120
252,505
252,1015
252,1703
252,59
178,1634
178,1640
178,1674
178,1031
178,1083
178,1704
178,1692
178,1711
178,1524
178,59
178,1719
178,1985
178,1745
178,1729
178,1465
178,2203
178,1986
178,442
178,479
178,1987
178,425
178,2262
178,432
178,2284
178,2275
178,2273
178,2285
178,2316
178,381
178,389
178,2399
178,2391
178,1988
178,433
178,1904
178,1906
178,2421
178,2410
178,2431
178,2427
178,1888
178,2414
178,1897
824,937
824,994
824,1059
824,116
824,658
824,2106
824,1369
824,1201
824,1395
824,1867
824,1446
824,1868
824,1481
824,1720
824,1455
1075,767
1075,564
1075,1886
1075,644
1075,166
1075,1793
1075,864
1075,347
1075,346
1075,1782
1075,384
1075,1276
1075,1467
36,502
36,504
36,5
36,3
36,545
36,109
36,581
36,127
36,133
36,90
36,499
36,503
36,501
36,515
36,574
36,587
36,637
36,676
36,664
36,245
36,685
36,689
36,496
36,146
36,271
36,4
36,171
36,604
36,624
36,641
36,159
36,166
36,272
36,605
36,141
36,143
36,161
36,528
36,579
36,575
36,702
36,773
36,578
36,1049
529,159
529,355
529,178
529,710
529,1792
529,1794
529,1795
529,1797
529,1798
529,1799
529,880
529,1800
529,873
529,457
529,968
529,146
529,162
529,160
529,161
529,169
529,170
529,168
529,171
529,174
529,176
529,173
529,711
529,710
529,1796
529,1801
529,1802
529,964
529,1803
529,622
529,1804
529,1805
529,1053
529,1806
529,103
529,681
529,1807
529,623
529,1808
529,321
529,1008
529,1809
529,1115
529,1810
529,1049
529,1979
529,1811
529,1967
529,1812
529,1124
529,1968
529,1150
529,1945
529,1167
529,628
529,1196
529,1813
529,1208
529,9
529,1218
529,1210
529,1814
529,1238
529,2108
529,1260
529,1225
529,1207
529,1809
529,1980
529,2106
529,1446
529,410
529,1426
529,29
529,30
529,1452
529,1821
529,1820
529,1867
529,2451
529,1281
529,2109
529,2126
529,1868
529,1524
529,1515
529,424
529,1026
529,1027
529,1577
529,1846
529,1567
529,466
529,1465
529,1549
529,1633
529,2127
529,467
529,421
529,425
529,829
529,973
529,1179
529,2080
529,1831
529,1031
529,1084
529,1580
529,1704
529,2440
529,1702
529,1550
529,434
529,2128
529,1688
529,2257
529,1717
529,2441
529,426
529,1642
529,1545
529,1748
529,1032
529,1767
529,2203
529,1731
529,1671
529,1768
529,2110
529,2232
529,1678
529,1613
529,1832
529,2113
529,2247
529,1732
529,2277
529,2250
529,2296
529,435
529,2285
529,2329
529,1595
529,2181
529,2357
529,2356
529,469
529,468
529,2388
529,2388
529,436
529,2107
529,2406
529,2406
529,427
529,2416
529,2265
529,2403
529,2266
529,1893
529,1897
529,2112
1437,577
1437,499
1437,500
1437,501
1437,502
1437,545
1437,109
1437,666
1437,245
1437,590
1437,708
1437,15
1437,133
1437,680
1437,12
1437,566
1437,108
1437,503
1437,604
1437,506
1437,749
1437,600
1437,129
1437,733
1437,624
1437,507
1437,714
1437,496
1437,636
1437,287
1437,288
1437,842
1437,596
1437,313
1437,515
1437,1107
1106,2197
1106,2203
1106,2220
1106,1919
1106,1719
1106,2320
1106,1920
1106,2126
1106,440
1106,2393
1106,441
1106,1905
1106,1921
1009,555
1009,565
1009,127
1009,3
1009,3
1009,10
1009,499
1009,500
1009,526
1009,245
1009,587
1009,517
1009,590
1009,685
1009,213
1009,214
1009,676
1009,15
1009,133
1009,604
1009,720
1009,731
1009,732
1009,522
1516,289
1516,587
1516,324
1516,216
1516,546
1516,994
1516,890
1516,947
1516,1004
1516,12
1516,237
1516,2010
1516,1127
1516,1107
1516,1147
1516,1873
1516,1844
1516,2098
1516,2097
1516,2251
1516,1846
1516,2201
1516,1418
1516,2134
716,1256
716,1842
716,1861
716,493
716,330
716,1926
716,2048
716,1882
716,418
716,1115
716,106
716,1701
716,2132
716,2098
716,2097
716,917
716,2276
716,443
915,148
915,375
915,2444
915,1228
915,1231
915,738
915,1842
915,912
915,1306
915,1883
915,1084
915,1907
1490,550
1490,1975
1490,303
1490,304
1490,974
1490,857
1490,902
1490,1047
1490,1133
1490,336
1490,547
1490,1061
1490,548
1490,669
1490,1195
1490,1428
1490,1485
1260,763
1260,133
1260,279
1260,733
1260,246
1260,1970
1260,778
1260,219
1260,852
1260,1971
1260,493
1260,100
1260,789
1260,313
1260,86
1260,873
1260,862
1260,878
1260,1973
1260,842
1260,931
1260,1644
1451,356
1451,27
1451,2024
1451,994
1451,1940
1451,1941
1451,395
1451,1942
1451,147
1451,2068
1451,1943
1451,1944
1451,1945
1451,1034
1451,1946
1451,761
1451,1218
1451,1947
1451,597
1451,1948
1451,1274
1451,791
1451,2156
1451,127
1451,2159
1451,2160
1451,2161
1451,1482
1451,2162
1451,2163
1451,2276
1451,2016
1451,2164
1451,2165
1451,2166
1451,2167
675,1967
675,663
675,550
675,552
675,556
675,573
675,671
675,1819
675,163
675,2019
675,177
675,1820
675,659
675,927
675,332
675,331
675,330
675,707
675,720
675,678
675,799
675,732
675,803
675,1817
675,198
675,998
675,1117
675,1981
675,1091
675,1862
1208,610
1208,624
1208,1964
1208,1209
1208,1218
1208,1229
1208,1039
1208,27
1208,2011
1208,1143
1208,1045
1208,390
1208,965
1208,1533
1208,1561
1208,2016
1208,2275
372,686
372,688
372,789
372,839
372,1775
372,1818
372,2020
372,2217
372,596
372,452
372,1598
372,1615
372,1233
372,425
372,1712
1296,730
1296,1235
1296,1265
1296,1516
1296,1288
1296,387
1296,1660
1296,1312
1296,1314
1296,2211
1296,2213
1296,2220
1296,2231
1296,2252
1296,2241
1296,2271
1296,1773
1296,2303
1296,2331
1296,2351
1296,2364
1296,2362
1296,2377
1296,2386
1296,2394
1296,2398
1296,2408
1296,1915
1296,2436
1296,2432
1296,1898
928,817
928,888
928,949
928,980
928,1005
928,1036
928,1046
928,1052
928,1053
928,1068
928,1816
928,1942
928,1940
928,1943
928,1941
928,1944
928,1939
928,695
928,1168
928,1228
928,1265
928,1990
928,913
928,1419
928,1456
928,2245
622,902
622,266
622,547
622,1644
622,557
622,2452
622,674
622,1102
622,330
622,395
622,242
622,793
622,2449
622,1389
622,1929
622,1414
622,1716
622,1315
622,906
622,1485
622,373
622,2145
622,1306
622,1307
622,673
1408,251
1408,766
1408,647
1408,810
1408,649
1408,119
1408,954
1408,981
1408,651
1408,971
1408,363
1408,1848
1408,1667
1408,1455
1255,1339
1255,1350
1255,1352
1255,1393
1255,1399
1255,1430
1255,1438
1255,1460
1255,1450
1255,1474
1255,1476
1255,1508
1255,1514
1255,1518
1255,1526
1255,1540
1255,1287
1255,1575
1255,1572
1255,1632
1255,1648
1255,1689
1255,1716
1255,1723
1255,1761
1255,1754
1255,2236
1255,2268
1255,1922
1255,2283
1255,2321
1255,2325
1255,2324
1255,2348
1255,2360
1255,2371
1255,2369
1255,2381
1255,2395
1255,2409
1255,2419
1255,2429
1255,2428
1255,1900
1255,1896
1078,797
1078,1124
1078,1137
1078,1167
1078,1174
1078,1244
1078,1255
1078,1268
1078,1281
1078,1319
1078,1000
1078,1369
1078,1432
1078,1567
1078,1650
1078,1709
1078,2230
1078,1592
1078,2292
210,633
210,237
210,1844
210,41
210,431
210,1322
210,1138
210,1333
210,1622
210,658
210,1081
210,401
210,941
210,342
210,346
210,519
210,518
210,928
210,963
210,1130
210,1224
210,1879
210,511
210,512
210,391
210,390
210,405
210,404
210,439
210,1240
210,1418
210,1652
210,1594
210,120
210,440
210,403
210,1905
210,2071
1502,748
1502,213
1502,214
1502,245
1502,566
1502,624
1502,255
1502,604
1502,707
1502,720
1502,732
1502,528
1502,605
1502,590
1502,1
1502,593
1502,799
1502,350
1502,600
1502,601
1502,615
1502,1356
1502,606
1502,566
1502,630
1502,570
1502,885
1502,1817
1502,596
1502,607
1502,204
1502,846
1502,1964
1502,1131
1502,205
1502,287
1502,288
1502,116
1502,289
1502,290
1502,1159
1502,1965
1502,207
1502,209
1127,88
1127,353
1127,550
1127,552
1127,551
1127,556
1127,574
1127,672
1127,686
1127,217
1127,228
1127,1774
1127,1779
1127,96
1127,97
1127,591
1127,673
1127,700
1127,134
1127,137
1127,139
1127,245
1127,566
1127,12
1127,775
1127,561
1127,216
1127,706
1127,146
1127,529
1127,546
1127,1784
1127,109
1127,159
1127,61
1127,15
1127,16
1127,716
1127,1974
1127,1011
1127,43
1127,1976
1127,1785
1127,247
1127,2020
1127,98
1127,1793
1127,704
1127,883
1127,166
1127,842
1127,596
1127,668
1127,590
1127,630
1127,496
1127,571
1127,916
1127,1783
1127,812
1127,703
1127,925
1127,131
1127,675
1127,694
1127,715
1127,1087
1127,1086
1127,709
1127,801
1127,974
1127,119
1127,748
1127,678
1127,2007
1127,57
1127,395
1127,60
1127,2021
1127,103
1127,681
1127,570
1127,273
1127,1049
1127,2022
1127,1927
1127,1996
1127,1995
1127,1127
1127,452
1127,2008
1127,785
1127,896
1127,582
1127,583
1127,667
1127,372
1127,560
1127,1177
1127,1192
1127,1437
1127,520
1127,412
1127,1526
1127,2117
1127,2119
1127,2121
1127,277
1127,276
1127,1178
1127,1618
1127,1951
1127,1952
1127,1930
1127,331
1127,42
1127,1929
1127,1980
1127,1975
1127,1977
1127,1979
1127,1982
1127,902
1127,1978
1127,1414
1127,1433
1127,475
1127,1981
1127,32
1127,387
1127,81
1127,2017
1127,2018
1127,1406
1127,2123
1127,441
1127,2029
1127,1905
1127,2440
1127,406
1127,1226
1127,1304
1127,2299
1127,1888
1127,1896
980,568
980,1110
980,1158
980,1145
980,626
980,1167
980,1131
980,1221
980,1255
980,1281
980,1293
980,1592
1525,707
1525,720
1525,732
1525,1817
1525,1818
1525,1974
1525,1975
1525,1099
1525,1213
1525,1248
1525,663
1525,1073
1525,1628
204,250
204,22
204,903
204,999
204,1120
204,1119
204,643
204,651
204,1138
204,1017
204,1021
204,1175
204,1217
204,1266
204,1371
204,1405
204,1840
204,2013
204,1444
204,1509
204,1498
204,2140
204,1480
204,1755
204,2388
718,2018
718,2017
718,1371
718,1443
718,1450
718,1461
718,386
718,1518
718,1620
718,1686
718,1710
718,1744
718,2208
718,2220
718,2222
718,2353
718,2389
718,2264
718,2411
718,2342
718,2412
826,2038
826,2042
826,2041
826,2040
826,2043
826,2048
826,2045
826,2044
826,2046
826,2047
826,1822
826,2053
826,2049
826,2051
826,2050
826,1591
1491,1001
1491,745
1491,751
1491,842
1491,905
1491,961
1491,180
1491,742
1491,914
1491,457
1491,2030
1491,973
1491,2031
1491,1012
1491,1179
1491,695
1491,761
1491,1319
752,246
752,585
752,299
752,639
752,661
752,873
752,587
752,657
752,908
752,982
752,1997
752,993
752,889
752,336
752,653
752,349
752,965
752,812
752,838
752,975
752,1109
752,1065
752,1127
752,378
1594,162
1594,160
1594,161
1594,169
1594,170
1594,168
1594,171
1594,176
1594,178
1594,711
1594,710
1594,1795
1594,166
1594,1797
1594,356
1594,1798
1594,1799
1594,842
1594,1796
1594,1800
1594,1801
1594,1132
1594,1274
1594,2063
1498,217
1498,386
1498,1208
1498,2199
1498,1599
1498,125
1498,393
1498,2220
1498,2016
1498,1676
1498,2245
1498,1946
1498,2064
635,2217
635,89
635,88
635,87
635,590
635,129
635,635
635,529
635,555
635,565
635,495
635,515
635,143
635,93
635,94
635,271
635,778
635,95
635,593
635,746
635,760
635,763
635,272
635,48
635,46
635,47
635,249
635,630
635,127
635,787
635,359
635,423
1061,1819
1061,1821
1061,1585
1061,614
1061,378
1061,1882
1061,379
1061,1841
1061,1877
1061,1615
1061,1598
1061,1843
1061,1147
1061,1161
1061,1628
1061,1880
1061,475
1061,17
1061,1712
1061,2251
1061,870
1061,983
1061,1865
1061,1496
1061,1624
1061,1750
1061,1646
1061,482
1061,438
1459,1825
1459,1026
1459,1826
1459,379
1459,378
1459,1841
1459,1877
1459,1550
1459,1466
1459,1519
1459,1541
1459,1711
1459,1684
1459,2111
1459,1748
1459,1729
1459,1731
1459,475
1459,1643
1459,2110
1459,356
1459,2232
1459,2113
1459,2267
1459,1836
1459,2260
1459,478
1459,2329
1459,1741
1459,2323
1459,2335
1459,2357
1459,447
1459,2373
1459,2309
1459,2308
1459,2391
1459,2310
1459,2192
1459,2311
1459,1693
1459,1742
1459,2312
1459,2416
1459,2403
909,7
909,278
909,851
909,8
909,305
909,1887
909,9
909,126
909,1088
909,2131
909,31
909,33
909,35
757,808
757,178
757,833
757,812
757,741
757,787
757,840
757,1792
757,571
757,710
757,1794
757,779
757,212
757,1795
757,797
757,873
757,1797
757,891
757,905
757,920
757,942
757,322
757,115
757,1153
757,393
757,1479
757,1535
757,1570
1450,582
1450,492
1450,590
1450,39
1450,109
1450,545
1450,515
1450,704
1450,1123
1450,273
1450,276
1450,1178
927,1433
927,1454
927,1950
927,1538
927,2203
927,910
927,1113
927,1249
927,1690
927,1592
927,2290
927,1667
927,1536
927,1664
927,2401
927,447
1232,697
1232,488
1232,1548
1232,1548
1232,1583
1232,812
1232,461
1232,1615
1232,1670
1232,434
1232,665
1232,1756
1232,2205
1232,1729
1232,435
1232,2320
1232,2391
1232,2434
181,288
181,1010
181,842
181,1051
181,496
181,571
181,343
181,804
181,870
181,983
181,1049
181,109
505,266
505,831
505,874
505,886
505,895
505,901
505,915
505,921
505,926
505,929
505,935
505,875
505,1009
505,976
505,1054
505,1044
505,1953
505,1954
505,1955
505,1173
505,2299
870,2129
870,1230
870,1228
870,225
870,1158
870,1298
870,1307
870,1092
870,1862
870,1348
870,1463
870,464
870,1383
870,1394
870,1090
870,1419
870,82
870,1925
870,1424
870,1437
870,2000
870,1482
870,1452
870,1074
870,1363
870,1461
870,83
870,471
870,466
870,476
870,2001
870,1491
870,1495
870,84
870,1926
870,1588
870,1533
870,1928
870,1960
870,2183
870,424
870,1569
870,106
870,1577
870,472
870,1342
870,1561
870,2002
870,234
870,2184
870,1825
870,1599
870,1633
870,235
870,425
870,736
870,2080
870,1673
870,1702
870,2185
870,1692
870,2003
870,1991
870,1744
870,1767
870,2197
870,2081
870,1751
870,2004
870,477
870,1992
870,2186
870,2277
870,2005
870,2329
870,2006
870,2187
870,2448
870,427
870,2416
870,1904
870,2190
870,2188
692,686
692,672
692,145
692,151
692,550
692,547
692,548
692,669
692,224
692,165
692,177
692,2020
692,966
692,197
692,702
692,1287
1446,1639
1446,1599
1446,2068
1446,1692
1446,439
1446,387
1446,1985
1446,1831
1446,1729
1446,1652
1446,1418
1446,1634
1446,1865
1446,2262
1446,1614
1446,2284
1446,2273
1446,2330
1446,2316
1446,421
1446,434
1446,435
1446,1711
1446,390
1446,391
1446,404
1446,405
1446,2357
1446,1755
1446,2201
1446,1622
1446,389
1446,440
1446,2388
1446,2399
1446,445
1446,1904
1446,1906
1446,441
1446,1905
1446,2433
1183,512
1183,757
1183,691
1183,761
1183,692
1183,811
1183,881
1183,645
1183,567
1183,256
1183,607
1183,568
1183,625
1183,1049
1183,236
1183,626
1183,1688
1183,1884
1183,2292
981,197
981,1424
981,1462
981,1479
981,1547
981,329
981,1570
981,1448
981,1048
981,1623
981,1512
981,1590
981,1226
981,1304
981,425
981,1635
981,1617
981,1645
981,1669
981,1831
981,1566
981,1694
981,2078
981,1702
981,1404
981,1577
981,1633
981,475
981,426
981,1636
981,1760
981,1767
981,1985
981,2081
981,2209
981,1755
981,2098
981,2097
981,2201
981,1643
981,1762
981,1763
981,2228
981,1765
981,2151
981,1732
981,794
981,2277
981,2299
981,2186
981,2318
981,2322
981,2152
981,2329
981,2326
981,1741
981,2083
981,2336
981,81
981,2357
981,1742
981,2320
981,2084
981,1212
981,1524
981,2365
981,2380
981,795
981,2150
981,2309
981,2178
981,2310
981,2311
981,2312
981,2313
981,427
981,2416
981,2315
981,2179
981,1901
981,2405
981,480
981,36
981,2425
834,188
834,195
834,1325
834,1410
834,1425
834,2119
834,1411
834,1449
834,1445
834,405
834,1562
834,2132
121,1934
121,1935
121,1938
121,1936
121,2153
121,1274
121,1228
121,1924
121,1916
121,2109
121,1534
121,1513
121,1536
121,1885
121,2079
121,1616
121,2127
121,2110
121,1664
121,1831
121,2080
121,1084
121,1918
121,1721
121,1737
121,2081
121,430
121,1671
121,1919
121,2256
121,2296
121,2300
121,1595
1085,1214
1085,1157
1085,1257
1085,663
1085,1259
1085,1151
1085,1264
1085,1278
1085,1485
1085,1553
1085,1607
1085,1501
1085,1743
70,822
70,541
70,541
70,541
70,552
70,132
70,671
70,163
70,639
70,793
70,1501
70,1503
70,1504
70,1565
70,1568
70,138
70,1422
70,1442
70,1470
70,1493
70,1510
70,1508
70,1527
70,1553
70,1606
70,1258
70,1607
70,1626
70,1259
70,1264
70,1658
70,1691
70,1699
70,1743
70,2206
70,1376
70,479
70,2254
70,2258
70,794
70,31
70,32
70,33
70,34
70,2177
70,200
70,795
70,2191
1316,829
1316,1972
1316,884
1316,100
1316,855
1316,2030
1316,885
1316,1973
1316,101
1316,973
1316,2031
1316,103
1316,681
1316,1110
1316,1116
1316,1124
1316,1158
1316,1012
1316,979
1316,1121
1316,845
1316,1145
1316,1012
1316,1205
1316,1211
1316,1219
1316,1210
1316,1249
1316,1221
1316,335
1316,1253
1316,1289
1316,1301
1316,1330
1316,1362
1316,1410
1316,1857
1316,1856
1316,1740
208,912
208,1119
208,1136
208,666
208,660
208,1022
208,1445
208,1844
208,1018
208,1548
208,933
208,1583
208,1083
1658,1600
1658,437
1658,1686
1658,1345
1658,1695
1658,1704
1658,388
1658,1711
1658,387
1658,318
1658,1739
1658,1712
1658,1733
1658,1744
1658,1156
1658,2114
1658,2440
1658,2438
1658,2437
1658,2439
1658,2441
1658,2442
1658,842
1658,1239
1658,1675
1658,1313
1658,2203
1658,2213
1658,2220
1658,1697
1658,1218
1658,2214
1658,2236
1658,1370
1658,2241
1658,349
1658,1200
1658,2172
1658,2174
1658,2173
1658,2239
1658,2267
1658,1274
1658,2238
1658,2274
1658,1884
1658,277
1658,2117
1658,2119
1658,2121
1658,2123
1658,1730
1658,2302
1658,1768
1658,2276
1658,2250
1658,2330
1658,2316
1658,2186
1658,2365
1658,440
47,224
47,218
47,578
47,225
47,226
47,830
47,219
47,66
47,522
47,622
47,997
47,623
47,1967
47,117
47,630
47,627
47,1012
47,1026
47,1027
47,31
47,32
47,33
47,1466
47,1028
47,1519
47,35
47,468
47,36
1084,1371
1084,463
1084,24
1084,1444
1084,535
1084,536
1084,1084
1084,1918
1084,1703
1084,2233
1084,2327
1084,2278
1084,1920
1084,447
1084,2165
1084,2420
1084,2166
1084,2390
1084,2410
1084,2167
1084,1921
1084,1889
1084,2414
1030,1785
1030,777
1030,872
1030,1908
1030,287
1030,289
1030,891
1030,730
1030,864
1030,892
1030,962
1030,487
1030,1045
1030,881
1030,1068
1030,1204
1030,1129
1030,1945
1030,116
1030,1170
1030,1181
1030,1189
1030,1241
1030,1297
1030,1441
1030,1909
1030,481
1030,1911
1030,233
1030,1682
1030,1682
1030,1912
1030,1913
1030,1922
1030,2255
1030,1914
1030,1923
1030,1915
1030,2367
324,1340
324,1342
324,1404
324,1482
324,1449
324,1451
324,1022
324,1480
324,1494
324,2183
324,1524
324,1588
324,1875
324,1273
324,1633
324,370
324,374
324,1654
324,1637
324,1484
324,1702
324,439
324,2284
324,2251
324,2433
777,967
777,1817
777,947
777,596
777,963
777,603
777,973
777,1029
777,1231
777,1334
777,1197
777,1098
777,1424
777,1276
777,1880
777,1663
777,1819
777,2284
777,1667
777,1828
777,2069
777,446
777,1585
777,389
777,2070
1675,287
1675,1067
1675,269
1675,268
1675,297
1675,298
1675,920
1675,934
1675,613
1675,930
1675,383
1675,951
1675,322
1675,870
1675,879
1675,983
1675,1051
1675,343
1675,323
1675,357
1675,125
1675,1122
1675,911
1675,130
1675,333
1675,618
1675,1206
1675,384
1675,1208
1675,1188
1675,1281
1675,1305
1675,1326
1675,2066
1675,1338
1675,1367
1675,334
1675,1427
1675,386
1675,1479
1675,1495
1675,1502
1675,1560
1675,387
1675,2014
1675,1625
1675,1655
1675,1667
1675,1883
1675,1019
1675,2267
1675,2352
1675,2069
1675,2171
1675,2071
1675,2188
1675,2072
861,1296
861,1434
861,1505
861,1439
861,420
861,1288
861,1329
861,1648
861,1673
861,1665
861,1314
861,1726
861,2216
861,1316
861,1753
861,1752
861,2211
861,2110
861,2231
861,2214
861,2113
861,944
861,2243
861,1770
861,2261
861,1823
861,1716
861,2333
861,2303
861,2331
861,1837
861,2325
861,2181
861,1742
861,2394
861,2398
861,2370
861,2408
861,2417
861,2432
861,1891
861,1900
861,1903
666,615
666,496
666,1256
666,1524
666,1577
666,1541
666,1364
666,1590
666,1633
666,1646
666,1694
666,1918
666,1702
666,1918
666,1750
666,2209
666,1730
666,1836
666,2244
666,2329
666,2357
666,2278
666,2337
666,2380
666,2107
666,2421
666,2390
666,2422
666,2374
929,820
929,2024
929,2023
929,2025
929,2027
929,724
929,856
929,959
929,1124
929,1102
929,1010
929,555
929,565
929,592
929,630
929,1119
929,1159
929,633
929,593
929,596
929,1029
1447,312
1447,1175
1447,1221
1447,1272
1447,2145
1447,2146
1447,2147
1447,1293
1447,1332
1447,2144
1447,1857
1447,1398
1447,2143
1447,380
1447,1097
1447,416
1447,2142
1447,1480
1447,1494
1447,2141
1447,1856
1447,1095
1447,1096
1447,2140
1447,1506
1447,2137
1447,1701
1447,1755
1447,2201
1447,2135
1447,2151
1447,2237
1447,444
1447,1827
1447,449
1447,450
1039,978
1039,1061
1039,1241
1039,1252
1039,1337
1039,1251
1039,1339
1039,1375
1039,1432
1039,1514
1039,1508
1039,1526
1039,1582
1039,1572
1039,2216
1039,1689
1039,1724
1039,1723
1039,2293
1039,2325
1039,2338
1039,2354
1039,2407
746,723
746,743
746,806
746,824
746,871
746,908
746,909
746,19
746,934
746,125
746,960
746,907
746,1043
746,998
746,256
746,236
746,838
746,393
746,727
746,770
746,637
746,811
746,383
746,384
807,1045
807,922
807,2019
807,842
807,751
807,753
807,812
807,1060
807,596
807,864
807,930
807,961
807,1114
807,507
807,493
807,1122
807,316
807,313
807,748
807,798
807,1041
807,1042
807,980
807,597
807,378
81,526
81,583
81,582
81,629
81,515
81,664
81,685
81,682
81,245
81,369
81,590
81,528
81,261
81,695
81,15
81,616
81,529
81,134
81,137
81,139
81,566
81,696
81,264
81,600
81,737
81,717
81,744
81,90
81,578
1015,1045
1015,1109
1015,849
1015,972
1015,1185
1015,660
1015,1887
1015,1252
1015,1271
1015,1108
1015,1089
1015,1147
1015,1161
1015,1273
1015,1339
1015,1156
1015,1463
1015,1393
1015,1351
1015,1859
1015,1139
1015,385
1015,1514
1015,1518
1015,683
1015,1539
1015,1546
1015,2014
1015,1631
1015,1342
1015,1311
1015,1675
1015,1578
1015,1316
1015,1739
1015,1738
1015,1698
1015,1764
1015,1757
1015,2236
1015,2252
1015,2447
1015,2227
1015,2204
1015,2281
1015,1834
1015,2330
1015,428
1015,2357
1015,2382
1015,2448
1015,2125
1015,407
1015,2416
1015,2171
1015,1906
1015,2413
1015,2431
1015,2427
1015,1888
510,972
510,2129
510,330
510,1644
510,668
510,2449
510,60
510,1135
510,331
510,306
510,1990
510,1389
510,301
510,349
510,1929
510,1288
510,1928
510,1927
510,1862
510,1985
510,2196
510,201
1495,1515
1495,1505
1495,1546
1495,1287
1495,1582
1495,1586
1495,1026
1495,1027
1495,1584
1495,1028
1495,1911
1495,1601
1495,382
1495,1618
1495,1627
1495,1549
1495,466
1495,1630
1495,1632
1495,1310
1495,1649
1495,1635
1495,1648
1495,1311
1495,1725
1495,1660
1495,1619
1495,1670
1495,1680
1495,1313
1495,1686
1495,1726
1495,1550
1495,1705
1495,1706
1495,1636
1495,1647
1495,1721
1495,1753
1495,1718
1495,1912
1495,1745
1495,1747
1495,730
1495,1766
1495,2197
1495,1731
1495,1750
1495,82
1495,2208
1495,1643
1495,2220
1495,1762
1495,1919
1495,1763
1495,2228
1495,2214
1495,1833
1495,2255
1495,2243
1495,1823
1495,2204
1495,2282
1495,2244
1495,2304
1495,2290
1495,1265
1495,2005
1495,2294
1495,1741
1495,1834
1495,2347
1495,1920
1495,2349
1495,1742
1495,2006
1495,2337
1495,2189
1495,2307
1495,2382
1495,2386
1495,1915
1495,2308
1495,2309
1495,2370
1495,2310
1495,2311
1495,2396
1495,2401
1495,2312
1495,2313
1495,2340
1495,2314
1495,2315
1495,2412
1495,2422
1495,2403
1495,2190
1495,2404
1495,1891
1495,2374
1495,1921
1495,2345
1495,2405
1495,2426
1495,2191
1495,2425
1344,1231
1344,1911
1344,349
1344,2174
1344,2110
1344,1930
1344,1454
1344,2113
1344,380
1344,309
1344,2069
1344,2265
1344,2266
1344,2172
1344,1897
1688,1334
1688,619
1688,1361
1688,1340
1688,1389
1688,1842
1688,1059
1688,1166
1688,1482
1688,1420
1688,1203
1688,2184
1688,1651
1688,424
1688,906
1688,1960
1688,2185
1688,309
1688,310
1688,311
1688,312
1688,2144
1688,2141
1688,2135
1688,1867
1688,1868
1688,1824
1688,1330
1688,1365
1688,1712
1688,2069
1688,2430
1688,2427
1425,854
1425,864
1425,862
1425,878
1425,910
1425,804
1425,893
1425,918
1425,92
1425,954
1425,22
1425,958
1425,984
1425,996
1425,1276
1425,2280
932,743
932,146
932,159
932,457
932,297
932,298
932,920
932,873
932,322
932,2021
932,2022
932,217
932,1110
932,934
932,630
932,851
932,710
932,1302
932,215
932,2082
932,849
932,1399
932,783
932,330
932,1067
932,1184
932,1929
932,1283
932,2023
932,1330
932,1222
932,1416
932,590
932,1311
932,2355
1449,1119
1449,590
1449,597
1449,633
1449,1029
1449,1056
1449,812
1449,238
1449,1021
1449,40
1449,646
1449,1033
1449,1328
1449,327
1449,1022
316,287
316,496
316,289
316,90
316,356
316,1
316,495
316,1100
316,254
316,570
316,288
316,1426
316,466
316,1844
316,1853
316,253
316,1022
316,1348
316,1870
316,1670
316,2300
316,2373
316,2413
106,1381
106,1026
106,1027
106,1603
106,1434
106,335
106,410
106,392
106,1604
106,1628
106,1611
106,1659
106,1661
106,1701
106,1753
106,2210
106,2211
106,444
590,472
590,1549
590,1825
590,1826
590,1635
590,431
590,1619
590,1669
590,1550
590,1636
590,1647
590,1718
590,1731
590,1643
590,1762
590,1763
590,2204
590,1741
590,1742
590,2307
590,2308
590,2309
590,2310
590,2311
590,2312
590,2313
590,2314
590,2315
590,2403
590,2404
590,1901
590,2405
590,2426
590,2425
1726,887
1726,1035
1726,971
1726,1104
1726,979
1726,845
1726,1111
1726,1121
1726,1219
1726,1289
1726,1048
1726,352
1726,1325
1726,1994
1726,386
1726,405
1726,1445
1726,1022
1726,1495
1726,1509
1726,406
1726,401
1726,1686
1726,439
1726,2205
1726,2238
1726,2300
1726,1083
1726,440
1726,2391
1726,441
1726,1905
1726,2433
1726,2413
1371,951
1371,1908
1371,297
1371,298
1371,920
1371,366
1371,182
1371,1063
1371,1140
1371,367
1371,1188
1371,831
1371,1064
1371,383
1371,384
1371,408
1371,1909
1371,1910
1371,1911
1371,368
1371,1912
1371,1913
1371,444
1371,1914
1371,407
1371,1915
401,1297
401,1273
401,1341
401,1403
401,1411
401,1343
401,1439
401,386
401,2445
401,1477
401,2126
401,1559
401,1581
401,387
401,1467
401,1825
401,388
401,1543
401,2127
401,233
401,1826
401,1637
401,1556
401,1690
401,1676
401,1711
401,2128
401,1276
401,1758
401,1629
401,2212
401,1557
401,2219
401,2267
401,2294
401,1558
401,2278
401,389
401,389
401,1515
401,2396
401,230
401,2367
401,2410
401,2424
401,1892
401,2390
401,1888
401,1907
931,274
931,649
931,640
931,630
931,1934
931,833
931,1123
931,601
931,813
931,293
931,119
931,587
931,842
931,111
931,289
931,877
931,275
931,889
931,936
931,953
931,930
931,1176
931,1136
931,429
931,2124
306,495
306,555
306,575
306,15
306,566
306,264
306,496
306,146
306,600
306,604
306,213
306,710
306,162
306,160
306,161
306,711
306,171
306,169
306,90
306,834
306,265
306,159
306,170
306,635
306,268
306,696
306,769
306,166
306,762
306,593
306,630
306,178
306,710
306,1797
306,1795
306,597
306,596
1142,137
1142,710
1142,711
1142,243
1142,587
1142,160
1142,720
1142,161
1142,728
1142,146
1142,65
1142,555
1142,590
1142,757
1142,90
1142,159
1142,166
1142,246
1142,604
1142,605
1142,496
1142,829
1142,787
1142,503
1142,501
1142,692
1142,175
1142,355
1142,354
1142,637
1142,811
1142,201
1142,206
1142,200
1142,722
1142,815
1142,553
1142,885
1142,674
1142,884
1142,269
1142,268
1142,112
1142,113
1142,883
1142,150
1142,1789
1142,1788
1142,797
1142,853
1142,689
1142,1817
1142,973
1142,922
1142,958
1142,2068
1142,900
1142,960
1142,643
1142,651
1142,907
1142,356
1142,570
1142,596
1142,1002
1142,66
1142,2009
1142,510
1142,927
1142,287
1142,288
1142,289
1142,842
1142,875
1142,1931
1142,103
1142,681
1142,1818
1142,843
1142,712
1142,807
1142,898
1142,2031
1142,986
1142,567
1142,693
1142,568
1142,667
1142,703
1142,2104
1142,654
1142,117
1142,293
1142,294
1142,1049
1142,181
1142,1124
1142,1043
1142,487
1142,1131
1142,600
1142,615
1142,512
1142,1179
1142,212
1142,613
1142,1819
1142,1860
1142,1859
1142,751
1142,452
1142,1140
1142,1210
1142,1230
1142,1191
1142,1015
1142,1167
1142,945
1142,947
1142,1004
1142,1255
1142,1997
1142,1839
1142,2093
1142,1821
1142,2257
1142,2406
634,718
634,799
634,800
634,678
634,707
634,720
634,732
634,340
634,811
634,1789
634,252
634,970
634,622
634,343
634,1818
634,1004
634,1173
634,2011
634,387
634,2275
1759,864
1759,936
1759,340
1759,341
1759,1069
1759,1122
1759,1143
1759,376
1759,2119
1759,1538
1759,1078
1759,1484
1759,482
1361,580
1361,264
1361,629
1361,705
1361,610
1361,214
1361,696
1361,641
1361,640
1361,632
1361,842
1361,2030
498,1859
498,1225
498,1237
498,1850
498,1445
498,1022
498,1869
498,1868
498,1528
498,1570
498,1824
498,1852
498,2259
498,1830
498,446
173,1716
173,1722
173,1316
173,1724
173,1723
173,1736
173,1749
173,1698
173,1752
173,1747
173,1759
173,1761
173,2215
173,2202
173,2218
173,2231
173,2223
173,2240
173,2252
173,2221
173,2226
173,2243
173,1823
173,2213
173,1772
173,2272
173,2270
173,2293
173,2297
173,2303
173,2286
173,2283
173,2331
173,2325
173,1837
173,2324
173,2338
173,2351
173,2354
173,2364
173,2360
173,2371
173,2369
173,2381
173,2370
173,2402
173,2395
173,2407
173,2419
173,2428
335,1804
335,1801
335,1805
335,710
335,1806
335,1807
335,1808
335,1809
335,1810
335,1811
335,1812
335,1008
335,1120
335,1150
335,159
335,162
335,160
335,166
335,710
335,1796
335,161
335,170
335,173
335,178
335,702
335,711
335,1800
335,1797
335,1799
335,1792
335,1798
335,1795
335,687
335,777
335,788
335,1068
335,1129
335,1141
335,1791
335,942
335,1802
335,908
335,1168
335,1813
335,1194
335,322
335,102
335,104
335,949
335,1005
335,1218
335,906
335,452
335,1814
335,1189
335,1238
335,1190
335,1261
335,1241
335,1809
335,1252
335,1270
335,105
335,1297
335,1303
335,1945
335,1327
335,1302
335,378
335,1344
335,1386
335,1383
335,1409
335,380
335,1431
335,1603
335,1446
335,1448
335,1869
335,1489
335,2048
335,1554
335,1536
335,1604
335,1573
335,1611
335,1875
335,1616
335,1825
335,1638
335,1659
335,1673
335,677
335,954
335,1505
335,1753
335,1751
335,2210
335,1557
335,2261
335,2393
335,2410
335,2414
335,1907
1558,1319
1558,2153
1558,2103
1558,1787
1558,1863
1558,2154
1558,1256
1558,2156
1558,1864
1558,2158
1558,1858
1558,2160
1558,1711
1558,2162
1558,441
640,617
640,672
640,686
640,1970
640,763
640,1969
640,1974
640,1975
640,265
640,604
640,698
640,724
640,88
640,97
640,213
640,223
640,243
640,245
640,496
640,506
640,515
640,542
640,562
640,566
640,575
640,587
640,590
640,676
640,688
640,700
640,723
640,734
640,768
640,1962
640,1931
640,677
640,291
640,596
640,1
640,453
640,454
640,455
640,299
640,300
640,320
640,321
640,1174
640,994
640,1169
640,1329
640,1339
640,1929
640,1350
640,1352
640,1379
1065,624
1065,825
1065,327
1065,1021
1065,269
1065,268
1065,1093
1065,1324
1065,284
1065,465
1065,1965
1065,1963
1579,1298
1579,1026
1579,1307
1579,1479
1579,1252
1579,1235
1579,1570
1579,1525
1579,1389
1579,273
1579,1700
1579,430
1579,1765
1579,1833
1579,1928
709,145
709,785
709,896
709,295
709,564
709,1006
709,1428
709,2202
709,2204
709,2293
709,2283
709,2324
709,2348
709,2360
709,2371
709,2381
709,2395
709,2402
709,2407
709,2419
709,1374
709,2428
21,459
21,1051
21,377
21,1272
21,1304
21,1305
21,2106
21,1333
21,1344
21,1346
21,2093
21,1859
21,1367
21,1229
21,1380
21,82
21,1844
21,460
21,2450
21,1855
21,2094
21,1427
21,1867
21,1451
21,1853
21,83
21,471
21,2142
21,2183
21,1480
21,1495
21,1477
21,1435
21,1403
21,84
21,1520
21,1846
21,1519
21,1560
21,2101
21,2176
21,1858
21,1465
21,1541
21,2095
21,1824
21,2140
21,1684
21,2123
21,1678
446,1003
446,1125
446,1136
446,813
446,2011
446,1368
446,2010
446,1425
446,1459
446,2184
446,1204
446,772
448,1396
448,1447
448,386
448,1074
448,1853
448,1446
448,1869
448,392
448,1522
448,1854
448,1581
448,387
41,457
41,683
41,918
41,979
41,845
41,980
41,973
41,1121
41,1118
41,1124
41,1860
41,1219
784,362
784,1044
784,287
784,288
784,625
784,2021
784,1115
784,305
784,54
784,1124
784,1866
784,1990
784,204
784,205
784,663
784,626
784,2022
784,325
784,2086
784,655
784,2087
784,2088
784,1168
784,1184
784,2033
784,1820
784,1210
784,1205
784,2008
784,659
784,326
784,1196
784,2089
784,841
784,2108
784,2102
784,207
784,2032
784,1981
784,1873
784,2147
784,2082
784,1091
784,228
784,1779
784,1784
784,1785
784,2007
784,217
784,1774
784,2035
784,2074
784,1369
784,2039
784,411
784,1090
784,2077
784,2038
784,2075
784,76
784,1075
784,2041
784,1781
784,2109
784,1076
784,309
784,311
784,312
784,2144
784,2141
784,2048
784,412
784,2182
784,2044
784,1541
784,1604
784,1611
784,2046
784,1982
784,1598
784,2076
784,1080
784,1500
784,1499
784,1085
784,2078
784,2051
784,1767
784,2081
784,2210
784,2050
784,2113
784,2285
784,638
784,2329
784,2083
784,2416
784,2340
784,2085
784,2054
784,55
784,56
784,1094
784,2037
784,2129
784,2072
227,245
227,484
227,507
227,566
227,604
227,606
227,632
227,744
227,942
227,1040
227,287
227,908
227,625
227,947
227,601
227,842
1348,590
1348,550
1348,1112
1348,147
1348,125
1348,1931
1348,854
1348,958
1348,1044
1348,980
1348,1945
1348,520
1348,127
1348,133
1348,733
1348,2019
1348,2017
1348,1866
1348,330
1348,65
1348,66
1348,1127
1348,1136
1348,1160
1348,2022
1348,821
1348,904
1348,1003
1348,349
1348,301
1348,829
1348,973
1348,1179
1348,1067
1348,913
1348,344
1348,1202
1348,378
1348,934
1348,227
1348,201
1348,216
1348,1169
1348,1051
1348,1229
1348,1122
1348,1935
1348,1938
1348,1218
1348,2027
1348,986
1348,1143
1348,959
1348,777
1348,788
1348,942
1348,994
1348,1170
1348,1189
1348,1296
1348,2153
1348,327
1348,328
1348,753
1348,1051
1348,804
1348,1322
1348,1023
1348,965
1348,1363
1348,1368
1348,1098
1348,1925
1348,1197
1348,2066
1348,1369
1348,484
1348,1494
1348,863
1348,887
1348,1544
1348,971
1348,1220
1348,870
1348,1598
1348,1541
1348,1402
1348,1351
1348,1538
1348,2067
1348,1491
1348,1920
1348,1860
1348,2106
1348,580
1348,1951
1348,1605
1348,1802
717,629
717,127
717,133
717,733
717,225
717,297
717,677
717,766
717,518
717,698
717,810
717,519
717,783
717,818
717,590
717,880
717,457
717,767
717,355
717,719
717,864
717,298
717,968
717,1045
717,633
717,275
717,273
717,274
717,276
717,376
717,452
717,569
717,597
717,596
717,813
717,867
717,893
717,925
717,984
717,1014
717,1015
717,1104
717,1128
717,1164
717,1163
717,1236
717,1272
717,2117
717,529
717,658
717,1021
717,1147
717,1161
717,1683
1220,707
1220,880
1220,548
1220,1241
1220,330
1220,331
1220,996
1220,560
1220,1181
1220,1976
1220,1977
1220,304
1220,980
1220,1981
1220,1979
1220,395
1220,1683
409,869
409,160
409,161
409,711
409,710
409,162
409,169
409,171
409,146
409,159
409,1797
409,1795
409,759
409,878
409,842
409,712
409,864
409,1798
409,1794
409,1799
409,1796
409,341
409,1276
409,1128
409,1056
409,800
409,231
409,1098
409,1187
409,924
409,971
409,1220
409,391
409,404
409,597
409,1382
409,40
409,1072
409,1993
409,1190
409,1344
409,86
409,1368
409,812
409,1022
409,394
409,399
409,1341
409,1359
409,1486
507,582
507,673
507,546
507,137
507,146
507,710
507,702
507,227
507,716
507,750
507,610
507,616
507,617
507,46
507,355
507,287
507,288
507,198
507,808
507,178
507,687
507,266
507,1792
507,710
507,1795
507,875
507,584
507,289
507,354
507,855
507,1789
507,596
507,809
507,175
507,300
507,299
507,1788
507,1938
507,1937
507,150
507,949
507,290
507,1040
507,944
507,307
507,320
507,611
507,739
507,840
507,912
507,321
507,116
507,1859
507,2104
507,1170
507,2088
507,2086
507,2087
507,1983
507,378
507,1860
507,308
507,452
507,118
507,392
507,1021
507,23
507,1873
507,459
507,1867
507,1231
507,1441
507,2149
507,2101
507,1882
507,2014
507,2098
507,1084
507,1598
507,1918
507,1668
507,2097
507,1829
507,2099
507,389
812,1862
812,411
812,2038
812,31
812,1861
812,2042
812,76
812,2041
812,301
812,1420
812,2036
812,2090
812,2130
812,1453
812,412
812,2182
812,398
812,1465
812,2014
812,1135
812,2047
812,1580
812,1642
812,2051
812,2048
812,32
812,1418
812,1404
1204,1428
1204,1413
1204,2148
1204,1420
1204,1769
1204,1627
1204,1706
1204,1670
1204,1708
1204,414
1204,587
1204,1501
1204,2271
1204,1772
1204,1504
1204,1673
1204,2152
1204,1833
1204,2362
1204,1490
1204,447
1204,415
1204,2192
1204,2282
1204,1302
1323,616
1323,515
1323,146
1323,90
1323,796
1323,151
1323,288
1323,249
1323,791
1323,1123
1323,1788
1323,289
1323,891
1323,903
1323,912
1323,125
1311,1976
1311,1975
1311,572
1311,728
1311,756
1311,764
1311,652
1311,224
1311,579
1311,578
1311,1935
1311,297
1311,298
1311,267
1311,225
1311,1977
1311,226
1311,855
1311,287
1311,288
1311,289
1311,547
1311,548
1311,669
1311,920
1311,1977
1311,842
1311,1796
1311,934
1311,89
1311,88
1311,91
1311,167
1311,879
1311,951
1311,1978
1311,322
1311,290
1311,1047
1311,1063
1311,87
1311,90
1311,103
1311,681
1311,1979
1311,1133
1311,1140
1311,116
1311,648
1311,663
1311,1195
1311,452
1311,1188
1311,659
1311,975
1311,1112
1311,1202
1311,333
1311,1980
1311,118
1311,1981
1311,1873
1311,334
1311,1842
1311,1440
1311,1045
1311,1229
1311,1420
1311,1233
1311,1334
1311,1870
1311,1868
1311,1079
1311,2101
1311,1982
1311,1882
1311,1871
1311,1231
1311,2098
1311,1668
1311,1580
1311,1695
1311,1082
1311,1465
1311,1404
1311,423
1311,1642
1311,2097
1311,1577
1311,1633
1311,1702
1311,1767
1311,1883
1311,2198
1311,1293
1311,1678
1311,2250
1311,1881
1311,475
1311,2099
1311,81
1311,2069
1311,2100
1311,529
1311,2070
1311,2107
789,278
789,325
789,99
789,663
789,248
789,659
789,326
789,1990
789,2449
789,489
789,1937
789,2082
789,356
789,49
789,287
789,289
789,288
789,1281
789,2092
789,1668
789,2355
192,2020
192,289
192,130
192,777
192,1784
192,1785
192,796
192,182
192,1973
192,1952
192,1783
192,86
192,801
1496,925
1496,949
1496,1104
1496,1120
1496,999
1496,1164
1496,1849
1496,867
1496,1070
1496,865
1496,1038
1496,1219
1496,1245
1496,1236
1496,1146
1496,1301
1496,850
1496,1410
1496,1211
1496,1071
1496,1190
1496,1451
1496,1440
1496,471
95,1635
95,1686
95,1636
95,1647
95,1713
95,1718
95,1317
95,1766
95,1764
95,1815
95,1525
95,1643
95,1762
95,2245
95,481
95,1665
95,1763
95,1884
95,1678
95,2247
95,2233
95,2239
95,1833
95,1359
95,2255
95,2261
95,2267
95,2282
95,409
95,1276
95,2212
95,2142
95,1536
95,1616
95,1732
95,2134
95,1466
95,2329
95,1834
95,2136
95,2335
95,475
95,2347
95,1920
95,2355
95,2372
95,1045
95,2357
95,2256
95,1060
95,1288
95,1715
95,389
95,2307
95,2386
95,2384
95,446
95,2100
95,2373
95,2308
95,1881
95,2069
95,2309
95,2310
95,2311
95,2312
95,2192
95,2313
95,2391
95,2314
95,1906
95,2315
95,2403
95,2404
95,2427
95,1894
95,1888
95,2405
95,2426
95,2425
95,1907
1655,661
1655,650
1655,510
1655,902
1655,1990
1655,99
1655,126
1655,326
1655,913
1655,489
1655,2082
1655,1974
1655,31
1655,2079
1655,33
1655,1080
1655,1991
1655,35
1655,1992
1655,2083
1655,1094
601,1183
601,338
601,1011
601,793
601,1352
601,1526
601,1540
601,1527
601,1510
601,1493
601,1469
601,1597
601,1166
601,1607
601,306
601,1566
601,1657
601,1628
601,1393
601,1553
601,1769
601,1315
601,1710
601,1608
601,1928
601,1626
601,1658
601,1691
601,2211
601,1414
601,1707
601,2231
601,2437
601,910
601,1780
601,1416
601,2252
601,1433
601,1823
601,2213
601,2303
601,1454
601,2351
601,2364
601,2258
601,2378
601,2394
601,2398
601,2408
601,2417
601,2432
601,1898
1494,600
1494,162
1494,160
1494,161
1494,173
1494,687
1494,702
1494,711
1494,710
1494,159
1494,170
1494,168
1494,174
1494,166
1494,780
1494,761
1494,178
1494,852
1494,1791
1494,1792
1494,710
1494,1794
1494,1795
1494,1797
1494,1798
1494,1799
1494,1796
1494,1800
1494,169
1494,1803
1494,994
1494,891
1494,1946
1494,518
1494,1479
1494,1391
1494,1848
1494,1276
1225,523
1225,100
1225,543
1225,92
1225,524
1225,102
1225,525
1225,104
1225,105
1225,119
1225,999
1225,1164
1225,2225
1225,2092
1036,1514
1036,1516
1036,1284
1036,1535
1036,1539
1036,1287
1036,1546
1036,1540
1036,1575
1036,1586
1036,1584
1036,1309
1036,1601
1036,1610
1036,1769
1036,1627
1036,1620
1036,1632
1036,1608
1036,1310
1036,1653
1036,1725
1036,1657
1036,1660
1036,1661
1036,1619
1036,1670
1036,437
1036,1680
1036,1312
1036,1578
1036,1313
1036,1314
1036,1675
1036,1686
1036,1315
1036,1726
1036,1690
1036,1707
1036,1708
1036,1705
1036,1714
1036,1716
1036,1728
1036,1724
1036,1316
1036,1722
1036,1713
1036,1912
1036,1734
1036,1739
1036,2207
1036,1698
1036,1749
1036,1317
1036,1759
1036,1764
1036,1766
1036,1761
1036,2208
1036,1735
1036,2211
1036,2213
1036,2218
1036,2245
1036,2226
1036,2228
1036,2231
1036,2236
1036,1441
1036,2240
1036,2252
1036,1833
1036,2237
1036,2243
1036,1770
1036,1823
1036,2281
1036,2204
1036,2268
1036,2269
1036,2282
1036,2304
1036,2270
1036,2333
1036,1773
1036,2290
1036,2297
1036,2294
1036,2328
1036,1837
1036,1834
1036,2347
1036,2368
1036,2361
1036,2189
1036,2376
1036,389
1036,2382
1036,2386
1036,2394
1036,2264
1036,481
1036,2398
1036,2396
1036,2401
1036,2340
1036,2417
1036,2431
1036,2435
1036,1891
1036,1888
1036,1902
1036,2345
120,265
120,1781
120,286
120,605
120,815
120,1785
120,829
120,222
120,594
120,710
120,854
120,2020
120,884
120,842
120,1795
120,873
120,1797
120,606
120,855
120,289
120,2030
120,567
120,181
120,1799
120,361
120,1800
120,969
120,611
120,602
120,455
120,2028
120,607
120,1997
120,184
120,1044
120,1045
120,1051
120,117
120,116
120,1819
120,1014
120,1179
120,1998
120,841
120,376
120,1015
120,464
120,1373
120,1863
120,2176
120,2225
120,2406
120,2190
1640,2039
1640,2038
1640,2042
1640,2041
1640,2040
1640,2043
1640,2048
1640,2045
1640,2044
1640,2046
1640,2047
1640,262
1640,1822
1640,263
1640,2049
1640,2051
1640,2050
1640,1591
1640,1596
1640,2052
1640,2193
1640,2054
1640,2037
480,1401
480,1450
480,1492
480,1508
480,1552
480,1716
480,2240
480,2272
480,2293
480,2283
480,2324
480,2348
480,2371
480,2381
480,2395
480,2407
480,2419
480,2428
1602,347
1602,1011
1602,523
1602,524
1602,522
1602,919
1602,761
1602,792
1602,491
1602,525
1602,101
1602,828
1602,559
1602,1777
1602,1086
1602,1087
1602,452
1602,2444
1602,843
1602,2445
1602,1372
1602,780
1602,842
523,995
523,1119
523,633
523,344
523,343
523,1029
523,1172
523,1220
523,1128
523,1021
523,1022
523,1426
523,1098
523,1200
523,1583
523,858
616,1166
616,1199
616,569
616,1051
616,1247
616,1340
616,1107
616,1334
616,1335
616,2154
616,464
616,1098
616,1193
616,1230
616,1338
616,1361
616,2155
616,1419
616,1463
616,1945
616,1440
616,1491
616,1022
616,2157
616,2158
616,2198
379,1689
379,1716
379,1734
379,1761
379,2218
379,1823
379,1773
379,2306
379,2325
379,2319
379,2321
379,2362
379,2369
379,2400
379,2418
379,2429
379,2436
631,845
631,618
631,971
631,1218
631,507
631,744
631,825
631,1190
631,864
631,1220
631,1229
631,819
631,1203
631,1194
631,1279
631,1256
631,1276
631,343
631,344
631,596
631,597
631,616
631,1270
631,865
631,1341
631,1098
631,1359
631,842
631,1106
631,1386
631,1408
631,1844
631,1445
631,1022
631,1455
631,2280
503,1620
503,1608
503,1653
503,1460
503,1657
503,1229
503,912
503,967
503,1040
503,1660
503,1675
503,1665
503,2216
503,1722
503,1716
503,1728
503,1912
503,1749
503,1985
503,1698
503,2200
503,2213
503,2236
503,1913
503,2246
503,1441
503,2240
503,1823
503,2272
503,2270
503,2
503,2229
503,2331
503,2325
503,2321
503,2338
503,2346
503,2350
503,2351
503,2354
503,2364
503,1923
503,2366
503,2359
503,2369
503,2055
503,2361
503,2375
503,2363
503,2379
503,2386
503,2389
503,2394
503,2398
503,1988
503,2368
503,2383
503,2339
503,2401
503,2204
503,1619
503,2408
503,2411
503,2417
503,2418
503,2412
503,2410
503,2059
503,2432
503,1891
503,1890
503,1989
503,1895
503,1898
513,87
513,2
513,89
513,483
513,90
513,515
513,685
513,590
513,673
513,689
513,245
513,261
513,604
513,624
513,781
513,7
513,816
513,493
513,496
513,583
513,903
513,744
513,962
513,1062
513,1109
513,1152
513,188
513,184
513,189
815,1432
815,1442
815,1470
815,1331
815,1376
815,1258
815,1503
815,1504
815,1493
815,1510
815,1527
815,1565
815,1568
815,1308
815,1610
815,1911
815,1626
815,1658
815,1691
1582,98
1582,166
1582,744
1582,453
1582,17
1582,571
1582,1796
1582,593
1582,570
1582,92
1582,592
1582,596
1582,621
1582,1029
1582,995
1582,1049
1582,1119
1582,15
1582,633
1582,22
1582,310
1582,1177
1582,533
1582,1021
1582,23
1582,1192
1582,1023
1582,587
1582,1024
1582,1426
1582,16
1582,1025
1002,1497
1002,1500
1002,1474
1002,1469
1002,1476
1002,1499
1002,386
1002,1492
1002,1514
1002,1283
1002,1285
1002,1516
1002,1535
1002,1284
1002,1910
1002,1533
1002,1539
1002,1551
1002,1287
1002,1546
1002,1536
1002,1540
1002,1575
1002,1582
1002,387
1002,1198
1002,1586
1002,1563
1002,1561
1002,1309
1002,2057
1002,1601
1002,234
1002,1609
1002,1616
1002,1627
1002,1566
1002,1632
1002,2127
1002,1826
1002,1641
1002,1640
1002,1631
1002,1649
1002,1608
1002,1645
1002,1657
1002,1725
1002,1670
1002,1664
1002,2439
1002,437
1002,1822
1002,1672
1002,1711
1002,2128
1002,2441
1002,1707
1002,1737
1002,2058
1002,430
1002,1676
483,1460
483,1474
483,1476
483,1499
483,1352
483,1283
483,1285
483,1518
483,1516
483,1284
483,1535
483,1539
483,1505
483,1287
483,1551
483,1288
483,1540
483,1586
483,1309
483,1627
483,1618
483,2437
483,1630
483,1632
483,2438
483,1649
483,1311
483,1645
483,1661
483,2439
483,1313
483,1315
483,2440
483,1707
483,1710
483,1316
483,2441
483,1753
483,1739
483,2442
483,1759
483,2205
483,2208
483,2222
483,2226
483,2228
483,2236
483,1833
483,2243
483,2281
483,2304
483,2270
483,2290
483,1914
483,2322
483,2326
483,1834
483,1837
483,1735
483,2353
483,2368
483,1923
483,2376
483,2382
483,2386
483,2370
483,2339
483,2401
483,2411
483,2340
483,2179
483,2435
483,1891
483,1902
548,975
548,1121
548,1112
548,1977
548,1052
548,1153
548,913
548,1202
548,873
548,287
548,1206
548,497
548,1219
548,378
548,906
548,1949
548,557
548,2452
548,977
548,1274
548,1857
548,1933
548,1932
548,1934
548,2153
548,849
548,1109
548,2155
548,877
548,1282
548,2156
548,2158
548,2157
548,2159
548,2163
548,1646
548,2244
1521,64
1521,203
1521,67
1521,68
1521,69
1521,202
1521,70
1521,71
1521,72
1521,73
1521,208
1521,75
1521,74
1521,1308
1521,210
1521,80
1521,77
1521,78
1521,211
1521,79
1610,749
1610,750
1610,1011
1610,624
1610,641
1610,766
1610,593
1610,617
1610,598
1610,767
1610,640
1610,528
1610,1961
1610,453
1610,649
1610,636
1610,271
1610,272
1610,819
1610,784
1610,218
1610,808
1610,112
1610,113
1610,610
1610,813
1610,516
1610,600
1610,601
1610,615
1610,571
1610,791
1610,2023
1610,818
1610,17
1610,530
1610,867
1610,531
1610,925
1610,22
1610,1782
1610,114
1610,1050
1610,1045
1610,1104
1610,1120
1610,1138
1610,310
1610,86
1610,1405
1610,311
1610,1451
1610,1218
787,630
787,637
787,1
787,811
787,666
787,689
787,597
787,562
787,570
787,1197
787,1321
787,1328
787,1018
1528,751
1528,842
1528,1023
1528,1210
1528,1229
1528,1281
1528,2010
1528,2102
1528,753
1528,1294
1528,2106
1528,1873
1528,1331
1528,1040
1528,1013
1528,380
1528,84
1528,2101
1528,1465
1528,1917
1528,1654
1528,2140
1528,1684
1528,2097
1528,1032
1528,1678
1528,2284
1528,2099
1528,2100
342,604
342,584
342,527
342,767
342,259
342,877
342,66
342,356
342,212
342,531
342,949
342,953
342,1005
342,1050
342,821
342,2010
342,1165
342,186
342,904
342,1302
342,1475
342,1852
72,268
72,834
72,39
72,617
72,246
72,225
72,833
72,613
72,943
72,754
72,249
72,1045
72,1069
72,54
72,1134
72,1017
72,1209
72,2446
1738,1794
1738,1798
1738,912
1738,1799
1738,1804
1738,631
1738,1008
1738,1150
1738,1196
1738,1234
1738,1694
1738,2058
1738,2209
1738,1773
1738,2297
1738,2317
1738,2331
1738,2351
1738,2358
1738,2364
1738,2362
1738,2377
1738,2386
1738,2385
1738,2394
1738,2380
1738,2398
1738,2400
1738,2408
1738,2417
1738,2412
1738,2059
1738,2432
1738,2436
1738,1898
1738,1903
652,151
652,616
652,640
652,502
652,605
652,746
652,178
652,600
652,601
652,177
652,800
652,741
652,1067
652,590
652,864
652,119
652,500
1433,2133
1433,2184
1433,1538
1433,1883
1433,2117
1433,2119
1433,2198
1433,1730
1433,1884
1433,1881
1433,2267
1433,2186
1433,2284
1433,2357
1433,797
1433,853
1433,940
1433,2070
1433,2288
439,495
439,515
439,12
439,15
439,2
439,597
439,1960
439,526
439,1147
439,1122
439,751
439,1051
439,1015
439,1021
439,42
439,369
439,1161
439,1322
439,1949
439,1108
439,1098
439,1022
439,115
439,119
439,1522
439,343
439,1548
439,1756
439,1019
304,979
304,845
304,1121
304,1295
304,1250
304,337
304,114
304,1479
304,461
304,2010
304,2014
304,2015
304,439
304,296
304,406
304,994
304,2016
304,1846
304,440
472,1434
472,1442
472,1470
472,1075
472,1493
472,1553
472,1505
472,1512
472,1626
472,1982
472,1651
472,1080
472,1658
472,56
472,1048
472,1691
472,1760
472,1727
472,2206
472,2254
472,2258
472,2246
472,1094
850,281
850,842
850,125
850,1045
850,1068
850,1129
850,1143
850,327
850,1041
850,1170
850,1946
850,534
850,1189
850,1297
850,1511
850,1554
850,1825
850,1826
850,1441
850,1667
850,2267
632,632
632,779
632,825
632,86
632,864
632,340
632,827
632,943
632,27
632,955
632,1050
632,596
632,868
632,971
632,343
632,1119
632,1143
632,1220
632,1098
632,2280
1466,140
1466,537
1466,623
1466,541
1466,116
1466,842
1466,1859
1466,1169
1466,1998
1466,191
1466,1256
1466,118
1466,1873
1466,2101
1466,2098
1466,2097
1466,2100
1529,1120
1529,1162
1529,1849
1529,378
1529,1194
1529,1108
1529,1267
1529,1193
1529,1383
1529,1410
1529,1459
1529,1842
1529,1449
1529,1233
1529,736
1529,424
1529,1525
1529,1585
1529,1598
1529,1885
1529,1308
1529,392
1529,1375
251,1614
251,2092
251,1621
251,2093
251,1070
251,1885
251,1673
251,1548
251,377
251,1667
251,1084
251,2126
251,1712
251,426
251,2111
251,488
251,1985
251,423
251,1751
251,2014
251,1452
251,461
251,1665
251,1696
251,2082
251,2074
251,1678
251,479
251,387
251,388
251,1711
251,2261
251,1655
251,2267
251,343
251,344
251,2284
251,2323
251,2083
251,1948
251,2335
251,318
251,2316
251,1662
251,439
251,2355
251,937
251,1059
251,2016
251,51
251,1056
251,1397
251,389
251,1825
251,385
251,1446
251,407
251,1424
251,425
251,424
251,2410
251,1674
251,1509
251,429
251,1229
251,2253
251,2434
251,2101
251,1888
251,448
251,1907
432,161
432,169
432,170
432,168
432,171
432,176
432,178
432,711
432,710
432,1797
432,1795
432,1804
432,1801
432,1805
432,1806
457,1378
457,1392
457,1393
457,1353
457,1381
457,1430
457,1540
457,1469
457,1631
457,1675
457,2075
457,1738
457,2218
457,1716
457,2338
457,2360
457,2381
457,2395
457,2419
457,2428
673,699
673,701
673,587
673,244
673,39
673,744
673,257
673,714
673,729
673,752
673,775
673,645
673,610
673,541
673,188
673,632
673,825
673,537
673,812
673,596
673,933
673,597
673,1098
965,44
965,263
965,1782
965,510
965,793
965,202
965,126
965,33
965,2047
965,2049
965,35
965,77
965,34
965,36
1193,131
1193,715
1193,785
1193,896
1193,1055
1193,857
1193,966
1193,2030
1193,829
1193,973
1193,1011
1193,1990
1193,1162
1193,1171
1193,1179
1193,1193
1193,1216
1193,1223
1193,1244
1193,2449
1193,1061
1193,1268
1193,128
1193,675
1193,145
1193,1375
1193,1392
1193,1450
1193,1927
1193,1277
1193,1508
1193,1526
1193,1432
1193,1488
1193,1572
1193,1572
1193,688
1193,686
1193,672
1193,1675
1193,2257
1193,1656
1193,916
1193,1738
1193,1738
1193,1832
1193,291
1193,2356
1193,2406
1193,1337
821,652
821,363
821,550
821,648
821,861
821,655
821,661
821,2129
821,73
821,646
821,291
821,1088
821,745
848,1562
848,1570
848,1577
848,1533
848,1561
848,1882
848,2079
848,1525
848,1875
848,2067
848,2446
848,482
848,1617
848,1615
848,1614
848,1625
848,2127
848,2174
848,425
848,431
848,1038
848,1669
848,1880
848,1662
848,1667
848,1602
848,1674
848,1876
848,368
848,1697
848,1524
848,1709
848,665
848,1030
848,1022
848,1473
848,1883
848,2440
848,1019
848,2230
848,2198
848,2233
848,1732
848,1881
848,2186
848,432
848,2175
848,2277
848,2275
848,2298
848,2320
848,2323
848,2316
848,2336
848,2069
848,2287
848,2367
848,2187
848,2070
848,2288
848,1746
848,427
848,2397
848,2390
848,2423
848,2273
848,2422
848,429
848,2071
848,2427
848,2374
848,2072
848,480
1314,575
1314,581
1314,528
1314,214
1314,287
1314,641
1314,288
1314,272
1314,801
1314,790
1314,852
1314,543
1314,637
1314,637
1314,111
1314,608
1314,830
1314,98
1314,863
1314,6
1314,289
1314,269
1314,610
1314,866
1314,595
1314,938
1314,1817
1314,804
1314,980
1314,596
1314,622
1314,21
1314,1997
1314,1036
1314,309
1314,1044
1314,1046
1314,843
1314,1121
1314,1069
1314,1119
1314,793
1314,237
1314,190
1314,1117
1314,1130
1314,1138
1314,1194
1314,54
1314,1231
1314,2012
1314,1844
1314,1821
1314,1466
1314,472
1314,1519
1314,1564
1314,2128
1314,25
1314,1745
1314,2110
1314,521
1314,1881
1314,1880
1314,1883
1314,1594
1314,403
1314,445
118,1209
118,1411
118,383
118,384
118,1018
118,1022
118,1512
118,1483
118,1534
118,1502
118,1519
118,1874
118,1232
118,1495
118,1554
118,1541
118,1256
118,1562
118,1561
118,1825
118,421
118,1634
118,1667
118,1674
118,1556
118,434
118,1711
118,1684
118,1760
118,2110
118,1019
118,1836
118,2186
118,2273
118,1730
118,1830
118,2393
118,2420
340,348
340,219
340,310
340,849
340,311
340,2008
340,312
340,2145
340,309
340,2144
340,2143
340,1097
340,411
340,2142
340,1867
340,1868
340,1096
340,2140
340,1824
340,1506
340,2137
340,2135
340,2105
340,2016
340,2134
1590,312
1590,1231
1590,1365
1590,2001
1590,1567
1590,1424
1590,1340
1590,1564
1590,2002
1590,2145
1590,1096
1590,1622
1590,26
1590,1700
1590,2080
1590,1706
1590,1710
1590,413
1590,2003
1590,1592
1590,2292
1590,2005
1590,2301
1590,2250
1590,51
1590,2072
1104,95
1104,636
1104,287
1104,288
1104,266
1104,784
1104,819
1104,605
1104,892
1104,884
1104,835
1104,7
1104,90
1104,858
1104,837
1104,454
1104,862
1104,906
1104,910
1104,493
1104,100
1104,932
1104,938
1104,914
1104,1113
825,1546
825,1597
825,1653
825,437
825,1619
825,2058
825,1316
825,1759
825,2213
825,2226
825,2236
825,2223
825,1582
825,2243
825,1823
825,2204
825,2270
825,126
825,2291
825,489
825,1840
825,2306
825,1389
825,1016
825,1015
825,1870
825,1373
825,1871
825,1872
825,631
825,627
825,1023
825,633
825,2402
825,2411
825,2418
825,2344
825,1890
1007,1527
1007,1223
1007,1553
1007,1606
1007,1607
1007,1626
1007,1501
1007,1257
1007,1691
1007,1699
1007,1432
1007,2206
1007,2254
1007,1375
644,892
644,636
644,288
644,790
644,258
644,833
644,864
644,119
644,100
644,289
644,1374
644,910
644,878
644,101
644,1113
644,102
644,103
644,681
644,1121
644,104
644,962
620,1020
620,1147
620,1163
620,1318
620,1126
620,1390
620,1391
620,1074
620,1585
620,1564
620,1843
620,2251
620,2280
620,446
1388,1216
1388,1223
1388,1260
1388,1244
1388,1294
1388,797
1388,1416
1388,1436
1388,1497
1388,1500
1388,997
1388,1499
1388,1283
1388,2279
1388,2281
1388,2305
1388,2341
1388,1403
1388,2114
234,2116
234,2117
234,181
234,189
234,192
234,353
234,541
234,645
234,940
234,979
234,1267
234,1322
234,845
234,2119
234,906
234,996
234,55
234,1567
234,2091
234,2173
234,2122
234,1485
234,388
234,56
234,1389
234,642
234,1433
234,1454
234,2279
234,2095
234,2096
234,914
234,1871
234,1870
234,1872
234,1484
234,590
234,1600
234,1213
234,2169
234,2170
234,917
234,2251
234,975
234,1907
1107,2039
1107,2038
1107,2041
1107,2040
1107,2043
1107,2048
1107,2045
1107,2044
1107,2046
1107,2047
1107,1822
1107,2053
1107,2049
1107,2051
1107,2050
1107,1591
1107,1596
1107,2052
1107,795
1107,2034
1107,2193
1107,2054
1107,2037
133,2130
133,1646
133,1677
133,1709
133,1829
133,1828
133,2292
133,1830
133,2387
133,429
133,2422
133,2374
133,1897
1166,967
1166,947
1166,1004
1166,1070
1166,626
1166,949
1166,1005
1166,1208
1166,980
1166,1036
1166,1046
1166,1168
1166,1845
1166,1302
1166,1294
1166,377
1166,1847
1166,1421
1166,797
1166,1855
1166,1842
1166,419
1166,1440
1166,912
1166,1505
1166,2442
1166,479
1166,2440
1166,2441
1166,2253
1252,1201
1252,1010
1252,1318
1252,1240
1252,1124
1252,1210
1252,309
1252,1255
1252,1839
1252,1281
1252,797
1252,1302
1252,375
1252,1391
1252,1390
1252,2154
1252,2444
1252,1369
1252,464
1252,1409
1252,2073
1252,30
1252,1854
1252,1870
1252,1868
1252,1079
1252,1547
1252,1481
1252,1856
1252,1567
1252,1585
1252,1590
1252,1688
1252,1694
1252,2251
1608,1550
1608,1636
1608,1647
1608,1718
1608,1714
1608,2218
1608,2213
1608,913
1608,1741
1608,1742
1608,2307
1608,2308
1608,2309
1608,2310
1608,2311
1608,2312
1608,2313
1608,2314
1608,2315
1608,2403
1608,2404
1608,2405
1608,2426
1608,2425
1756,288
1756,354
1756,811
1756,830
1756,894
1756,289
1756,643
1756,651
1756,980
1756,1003
1756,994
1756,1039
1756,1045
1756,186
1756,190
1756,1144
1756,238
1756,230
1756,1326
1756,232
1756,1867
1756,1853
1756,405
1756,1022
1756,399
1756,1418
1756,424
1756,1860
1756,423
1756,665
1756,2232
1756,1652
1756,2260
1756,445
1756,1881
1756,2139
1756,2071
1756,427
1756,2138
1570,1389
1570,1855
1570,401
1570,1457
1570,1022
1570,1468
1570,1524
1570,424
1570,1577
1570,1576
1570,1564
1570,1875
1570,425
1570,1641
1570,1548
1570,1703
1570,2233
1570,2357
1570,2352
1570,2393
1570,1906
430,1644
430,1089
430,1924
430,1354
430,82
430,83
430,471
430,84
430,1926
430,106
430,472
430,470
430,477
1457,4
1457,268
1457,610
1457,90
1457,763
1457,819
1457,636
1457,852
1457,601
1457,606
1457,269
1457,1374
1457,905
1457,1973
1457,6
1457,666
1457,697
1457,769
1457,256
1457,741
1457,757
1457,761
1457,918
1457,914
1457,649
1457,245
1457,892
1457,906
1457,910
1457,566
1457,931
1457,183
1457,101
1457,657
1457,946
1457,27
1457,932
1457,507
1457,825
1457,958
1457,962
1457,351
1457,1817
1457,570
1457,927
1457,973
1457,783
1457,1113
1457,977
1457,602
1457,748
1457,798
1457,996
1457,607
1457,597
1457,713
1457,1034
1457,1035
1457,1044
1457,890
1457,284
1457,285
1457,283
1457,286
1457,87
1457,90
1457,103
1457,681
1457,1101
1457,674
1457,625
1457,1818
1457,957
1457,287
1457,288
1457,290
1457,289
1457,925
1457,1104
1457,1110
1457,1118
1457,1116
1457,236
1457,1049
1457,1124
1457,979
1457,845
1457,1121
1457,532
1457,1139
1457,563
1457,1145
1457,626
1457,1166
1457,1162
1457,1179
1457,1181
1457,1199
1457,1177
1457,452
1457,1193
1457,1210
1457,1219
1457,1111
1457,1157
1457,1214
1457,764
1457,1236
1457,1191
1457,1249
1457,1105
1457,1205
1457,1221
1457,1289
1457,1281
1457,1301
1457,1012
1457,1012
1457,1253
1457,1873
1457,116
1457,118
1457,1192
1457,541
1457,541
1457,541
1457,1278
1457,1463
1457,102
1457,105
1457,104
1457,1330
1457,1365
1457,473
1457,1001
1457,1369
1457,1410
1457,1857
1457,2131
1457,1340
1457,1419
1457,1385
1457,1277
1457,1421
1457,624
1457,604
1457,605
1457,1451
1457,949
1457,1005
1457,1475
1457,858
1457,1569
1457,495
1457,1426
1457,253
1457,672
1457,686
1457,688
1457,2020
1457,2021
1457,2022
1457,1651
1457,1885
1457,633
1457,1677
1457,1687
1457,2132
1457,829
1457,2257
1457,1455
1457,2133
1457,503
1457,502
1457,691
1457,692
1457,567
1457,693
1457,568
1457,743
1457,806
1457,81
1457,2105
1457,2355
1457,813
1457,867
1457,999
1457,1164
1457,1320
1457,1727
1457,1832
1457,2356
1457,254
1457,255
1457,350
1684,940
1684,958
1684,962
1684,2028
1684,1002
1684,186
1684,1118
1684,1124
1684,797
1684,1137
1684,1167
1684,1369
1684,1409
1684,1567
1684,2091
1684,1897
1615,637
1615,673
1615,529
1615,566
1615,705
1615,743
1615,223
1615,1969
1615,798
1615,831
1615,906
1615,1569
1455,134
1455,46
1455,594
1455,457
1455,710
1455,65
1455,299
1455,606
1455,245
1455,454
1455,453
1455,566
1455,485
1455,1012
1455,1208
411,1264
411,195
411,1422
411,1432
411,1442
411,1470
411,1493
411,1510
411,2062
411,1527
411,1553
411,1606
411,55
411,940
411,2091
411,1607
411,2184
411,1659
411,56
411,1640
411,2210
411,2279
411,2225
411,2320
411,2323
411,415
411,2422
142,1086
142,1961
142,647
142,773
142,243
142,779
142,792
142,175
142,810
142,800
142,1933
142,781
142,826
142,1932
142,1934
142,2024
142,2023
142,729
142,854
142,872
142,1935
142,842
142,1936
142,2025
142,878
142,355
142,642
142,778
142,903
142,586
142,657
142,953
142,958
142,925
142,970
142,980
142,996
142,994
142,1939
142,1940
142,342
142,1941
142,1044
142,890
142,1942
142,1943
142,1944
142,1045
142,186
142,971
142,1103
142,1109
142,1120
142,999
142,1119
142,1115
142,1945
142,2010
142,662
142,1124
142,1946
142,1194
142,1159
142,1225
142,1274
142,1281
142,1530
142,1537
142,1701
142,2276
1179,1714
1179,1716
1179,1780
1179,1733
1179,1736
1179,1744
1179,1317
1179,1747
1179,2220
1179,2236
1179,2289
1179,2295
1179,2305
1179,2301
1179,2297
1179,2325
781,1970
781,50
781,841
781,460
781,2450
781,1471
781,1854
781,1564
781,1650
781,1709
781,59
781,1703
781,2225
781,319
781,1835
1537,492
1537,225
1537,796
1537,742
1537,768
1537,694
1537,100
1537,217
1537,101
1537,1045
1537,148
1537,140
1537,363
1537,184
1537,541
1537,793
1537,725
1537,125
1537,1208
1537,543
1537,1927
1537,2103
1537,1844
1537,1853
1537,842
1537,260
1537,387
1537,1446
1537,523
1537,2384
1272,1356
1272,596
1272,974
1272,1070
1272,943
1272,1139
1272,979
1272,845
1272,1143
1272,1160
1272,458
1272,459
1272,1194
1272,15
1272,801
1272,1209
1272,1219
1272,1169
1272,1230
1272,1229
1272,1250
1272,1278
1272,1295
1272,889
1272,1212
1272,379
1272,390
1272,391
1272,1231
1272,404
1272,1334
1272,1463
1272,1144
1272,2093
1272,1841
1272,292
1272,1351
1272,1389
1272,1458
1272,1225
1272,1290
1272,1435
1272,1457
1272,405
1272,1468
1272,1420
1272,1487
1272,1877
1272,1520
1272,1324
1272,1424
1272,614
1272,1513
1272,1533
1272,424
1272,1845
1272,406
1272,1577
1272,1561
1272,1465
1272,2095
1272,1843
1272,1545
1272,425
1272,1634
1272,1641
1272,1640
1272,1639
1272,1656
1272,1417
1272,1447
1272,2439
1272,1880
1272,829
1272,973
1272,1179
1272,633
1272,1580
1272,2257
1272,1396
1272,1025
1272,475
1272,39
1272,439
1272,426
1272,1642
1272,1478
1272,468
1272,1678
1272,1040
1272,2262
1272,684
1272,479
1272,658
1272,1453
1272,2277
1272,2442
1272,2275
1272,843
1272,2273
1272,1703
1272,2357
1272,1528
1272,440
1272,2447
1272,2448
1272,2399
1272,2406
1272,1906
1272,2421
1272,441
1272,1905
1272,2266
1272,1904
1272,2427
1435,1498
1435,420
1435,1079
1435,2126
1435,383
1435,387
1435,405
1435,234
1435,235
1435,1614
1435,1646
1435,1367
1435,1686
1435,1676
1435,1684
1435,1729
1435,430
1435,442
1435,296
1435,2391
1435,381
1435,1896
1566,161
1566,169
1566,170
1566,168
1566,171
1566,176
1566,178
1566,711
1566,710
1566,857
1566,1803
1566,1806
1566,1800
1566,1797
1566,1799
1566,1792
1566,1804
1566,1796
1566,1798
1566,1794
1566,1795
1566,2019
1566,2018
1566,2017
1566,373
1566,547
1566,966
1566,548
1566,669
1566,1866
1566,723
1566,856
1566,1503
1566,1927
1566,1504
1566,2056
1566,1565
1566,1257
1566,667
1566,306
1566,1337
1566,1376
1566,1171
1566,1527
1566,1928
1566,1379
1566,1587
1566,1962
1566,1608
1566,2033
1566,2032
1566,2418
1102,1403
1102,1477
1102,976
1102,1190
1102,1089
1102,86
1102,1303
1102,1254
1102,1299
1102,1346
1102,1380
1102,1479
1102,1570
1102,1669
1102,2267
1102,2168
1102,1222
1102,2294
1102,1265
1102,1441
1102,2251
1102,2335
1102,2233
1102,447
1102,1851
1102,1852
1102,2014
1102,1693
1102,1853
1102,1844
1102,1854
1102,2396
1102,2424
1102,1629
184,137
184,15
184,708
184,497
184,112
184,722
184,585
184,1778
184,939
184,287
184,151
184,991
184,834
184,216
184,453
184,598
184,95
184,786
184,610
184,1123
184,821
184,2017
184,2020
184,797
184,177
184,552
184,163
184,661
184,642
184,1817
184,270
184,964
184,854
184,958
184,455
184,336
184,843
184,1818
184,2021
184,653
184,1819
184,1318
184,396
184,1980
184,2143
184,1075
184,1613
1040,1867
1040,1868
1040,1824
1040,937
1040,1059
1040,1859
1040,1860
1040,2106
1040,2441
1040,2440
1040,2437
1040,2439
1040,2438
1040,1753
1040,2442
1248,110
1248,603
1248,1122
1248,376
1248,1021
1248,1873
1248,1098
1248,1368
1248,1373
1248,1395
1248,555
1248,345
1248,1022
1248,1018
1467,2147
1467,1398
1467,2143
1467,1097
1467,2142
1467,2141
1467,1095
1467,1096
1467,2140
1467,465
1467,1031
1467,1506
1467,1025
1467,2137
1467,2406
1595,906
1595,957
1595,256
1595,351
1595,495
1595,914
1595,846
1595,1964
1595,1160
1595,1045
1595,1156
1595,1965
1595,1205
1595,1202
1595,925
1595,229
1595,378
1595,1231
1595,532
1595,1345
1595,1352
1595,1463
1595,1357
1595,1361
1595,727
1595,770
1595,1334
1595,1841
1595,377
1595,379
1595,1274
1595,1452
1595,1842
1595,364
1595,497
1595,2142
1595,1233
1595,1569
1595,1567
1595,387
1595,1585
1595,1688
1595,1883
1595,2292
1760,160
1760,161
1760,169
1760,171
1760,711
1760,710
1760,174
1760,1799
1760,1792
1760,1794
1760,1803
1760,387
1760,1851
292,169
292,170
292,178
292,710
292,1792
292,1795
292,336
292,1021
292,117
292,1045
292,1538
292,1524
292,1511
292,1910
292,1495
292,1667
292,1653
292,2241
292,2069
1340,683
1340,600
1340,213
1340,649
1340,285
1340,284
1340,820
1340,811
1340,707
1340,720
1340,799
1340,19
1340,885
1340,1108
1340,841
1340,241
1099,704
1099,1938
1099,1946
1099,1936
1099,1939
1099,1940
1099,1941
1099,1947
1099,1942
1099,1943
1099,1948
1099,1949
1099,2153
1099,397
1099,2154
1099,2172
1099,2155
1099,1274
1099,239
1099,2173
1099,2156
1099,2174
1099,409
281,503
281,87
281,507
281,555
281,583
281,96
281,591
281,673
281,109
281,3
281,58
281,127
281,245
281,515
281,526
281,562
281,565
281,580
281,588
281,666
281,674
281,90
281,495
281,702
281,587
281,198
281,543
281,590
281,664
281,700
281,97
281,528
281,685
281,15
281,680
281,10
281,545
281,504
281,576
281,683
281,261
281,1033
281,493
281,499
281,500
281,220
281,221
281,708
281,5
281,566
281,575
281,496
281,592
281,729
281,744
1417,732
1417,799
1417,885
1417,1817
1417,1818
1417,132
1417,135
1417,163
1417,550
1417,556
1417,557
1417,561
1417,560
1417,573
1417,671
1417,760
1417,861
1417,919
1417,2452
1417,1866
1417,2449
1417,1186
1417,812
1417,986
1417,722
1417,815
1417,884
1417,900
1417,1209
1417,2017
1417,1248
1417,349
1417,1281
1417,1197
1417,397
1417,1274
1417,1366
1417,952
1417,748
1417,798
1417,1387
1417,372
1417,1916
1417,1646
1417,1674
1417,1911
1417,1622
1417,1750
1417,1697
1417,1881
1417,2244
1417,2285
1417,2337
1417,1030
1417,427
1417,2434
1385,823
1385,872
1385,897
1385,940
1385,925
1385,983
1385,881
1385,759
1385,371
1385,370
1385,369
1385,994
1385,116
1385,1109
1385,916
1385,708
1385,1046
1385,1279
1385,1855
1385,386
1385,1176
1385,1051
1385,1405
1385,1273
1385,1403
1385,1440
1385,1477
1385,230
1385,1303
1385,1344
1385,1846
1385,1096
1385,1495
1385,1512
1385,1957
1385,1858
1385,233
1385,1479
1385,1522
1385,1534
1385,1548
1385,1384
1385,1451
1385,1625
1385,1876
1385,1880
1385,1875
1385,2140
1385,423
1385,1760
1385,1883
1385,400
1385,1581
1385,1560
1385,1669
1623,2278
1623,870
1623,983
1623,1279
1623,389
1623,391
1623,390
1623,405
1623,404
1623,446
1623,1685
1623,1882
1623,2421
1623,2242
1623,1454
1623,1521
570,2130
570,1354
570,1342
570,2074
570,82
570,1925
570,1424
570,1438
570,2077
570,2038
570,1449
570,74
570,1861
570,1450
570,1497
570,466
570,83
570,1474
570,1909
570,1476
570,1469
570,1492
570,1491
570,1076
570,1283
570,1514
570,1518
570,1285
570,1926
570,1519
570,1513
570,1552
570,1910
570,1551
570,424
570,1577
570,2048
570,1404
570,1198
570,1541
570,1563
570,1911
570,234
570,1627
570,1617
570,1566
570,1917
570,235
570,1633
570,1629
570,210
570,425
570,1624
570,1418
570,1652
570,1639
570,1578
570,1212
570,1654
570,1984
570,1831
570,1668
570,368
570,1702
570,421
570,1676
570,434
570,1208
570,1701
570,2076
570,1719
570,2053
570,1912
570,1715
570,426
570,1684
570,1733
570,1985
570,80
570,1729
570,1766
570,2197
570,1767
570,1290
570,2081
570,2205
570,2210
570,1641
570,1640
570,2110
570,468
570,296
570,1986
570,1730
570,1693
570,77
570,2228
570,442
570,2219
570,1884
570,2214
570,1913
570,479
570,2250
570,2113
570,2151
570,1833
570,1593
570,1732
570,2237
570,2263
570,1987
570,2267
570,2262
570,78
570,1836
570,2227
570,794
570,2282
570,2299
570,2284
570,1039
570,2296
570,435
570,2290
570,1914
570,2260
570,2152
570,2329
570,1834
570,2335
570,381
570,1599
570,2357
570,1787
570,1692
570,439
570,352
570,2365
570,389
570,211
570,2382
570,1915
570,440
570,2384
570,2125
570,795
570,436
570,2399
570,1713
570,2391
570,407
570,1988
570,427
570,2416
570,2340
570,2397
570,1904
570,1906
570,441
570,2390
570,2423
570,2424
570,2431
570,1905
570,2433
570,1892
570,1989
570,1888
570,2345
570,2112
570,79
253,342
253,496
253,893
253,218
253,219
253,602
253,21
253,984
253,1060
253,1163
253,1911
253,1074
253,1271
1213,96
1213,264
1213,484
1213,483
1213,529
1213,562
1213,616
1213,716
1213,720
1213,698
1213,724
1213,112
1213,600
1213,750
1213,617
1213,1933
1213,113
1213,266
1213,768
1213,777
1213,1934
1213,852
1213,119
587,892
587,1301
587,1390
587,1391
587,130
587,130
587,249
587,358
587,360
587,230
587,231
587,232
587,399
587,1455
587,28
1500,2183
1500,1403
1500,1477
1500,1874
1500,317
1500,335
1500,1581
1500,1855
1500,420
1500,314
1500,1875
1500,2160
1500,2184
1500,1407
1500,2161
1500,1848
1500,1876
1500,434
1500,2185
1500,318
1500,810
1500,2162
1500,2233
1500,2235
1500,1717
1500,435
1500,2327
1500,81
1500,925
1500,1104
1500,1236
1500,1451
1500,1677
1500,1687
1500,2199
1500,319
1500,2393
1500,2396
586,83
586,84
586,106
586,1541
586,2002
586,425
586,1639
586,1646
586,2003
586,1684
586,1750
586,1730
586,2004
586,1836
586,2244
586,2277
586,2005
586,2006
586,2337
586,427
586,2422
586,2190
586,2374
586,2191
1539,184
1539,2114
1539,276
1539,189
1539,314
1539,316
1539,2115
1539,2117
1539,1256
1539,2118
1539,195
1539,1396
1539,2119
1539,317
1539,2120
200,1348
200,1342
200,1463
200,764
200,1271
200,1867
200,1459
200,2094
200,1524
200,1868
200,1577
200,1576
200,2095
200,1633
200,1702
200,2177
200,2105
200,2178
735,1075
735,1526
735,1617
735,1632
735,1080
735,1982
735,353
735,1724
735,318
735,2245
735,2279
735,1308
735,2364
735,1094
912,680
912,986
912,1887
912,549
912,1776
912,679
912,1218
912,1395
912,401
912,1617
912,1746
912,2263
912,2320
677,103
677,681
677,216
677,546
677,706
677,1123
677,1318
677,1126
677,559
677,1777
677,488
677,1553
677,2
393,1106
393,1168
393,1153
393,2145
393,2146
393,2147
393,1208
393,2082
393,1839
393,1862
393,1780
393,1273
393,1359
393,1363
393,1386
393,1372
393,2131
393,2143
393,1439
393,1441
393,1456
393,1529
393,2126
393,1559
393,2237
729,15
729,41
729,245
729,644
729,708
729,699
729,287
729,722
729,127
729,610
729,664
729,685
956,41
956,41
956,1781
956,52
956,53
956,153
956,152
956,200
956,494
956,694
956,201
956,686
956,87
956,554
956,154
956,155
956,1644
956,90
956,156
956,492
956,1962
956,93
956,491
956,46
956,828
956,304
956,540
956,844
956,1967
956,131
956,675
956,785
956,715
956,126
956,1968
956,1425
956,1544
956,2075
956,1246
1632,303
1632,304
1632,510
1632,212
1632,529
1632,204
1632,356
1632,1975
1632,646
1632,1978
1632,1979
1632,122
1632,205
1632,99
1632,655
1632,305
1632,325
1632,549
1632,679
1632,661
1632,650
1632,1776
1632,520
1632,126
1632,326
1632,656
1632,558
1632,1778
1632,639
1632,653
1632,378
1632,377
1632,207
1632,489
1632,1306
1632,379
1632,571
1632,1090
1632,40
1632,209
1632,1399
1632,1434
1632,2082
1632,2074
1632,2077
1632,1841
1632,31
1632,569
1632,2075
1632,32
1632,1288
1632,2155
1632,1243
1632,1552
1632,1076
1632,33
1632,1085
1632,35
1632,34
1632,81
1632,36
333,2090
333,1547
333,2045
333,2048
333,33
333,1824
333,2080
333,1822
333,1498
333,1694
333,1085
333,2049
333,1733
333,2177
333,2209
333,2050
333,1593
333,794
333,2291
333,2318
333,34
333,2326
333,1596
333,2052
333,2380
333,2178
333,795
333,2193
333,2054
333,2179
333,2037
1216,566
1216,141
1216,717
1216,287
1216,610
1216,617
1216,1086
1216,778
1216,812
1216,712
1216,370
1216,842
1216,823
1216,943
1216,870
1216,983
1216,1045
1216,1122
1051,763
1051,616
1051,617
1051,287
1051,288
1051,825
1051,790
1051,175
1051,355
1051,777
1051,457
1051,218
1051,226
1051,493
1051,541
1051,497
1051,823
1051,804
1051,872
1051,776
1051,495
1051,100
1051,292
1051,313
1051,874
1051,862
1051,858
1051,912
1051,908
1051,348
1051,842
1051,931
1051,967
1051,260
1051,587
1051,780
1051,925
1051,937
1051,759
1051,1034
1051,979
1051,1035
1051,102
1051,1121
1051,1104
1051,1120
1051,1356
1051,1204
1051,1996
1051,1151
1051,393
1051,1194
1051,1190
1051,86
1051,1303
1051,1439
1051,1300
1051,1529
1051,392
1051,1563
1051,2126
1051,1536
1051,1616
1051,1722
1051,1737
1051,1451
1051,2245
1051,1071
1051,380
1051,1670
1051,1370
1051,2267
1051,388
1051,1095
1051,1096
1051,2069
1051,389
1051,1677
1544,67
1544,248
1544,202
1544,205
1544,71
1544,2032
1544,73
1544,207
1544,208
1544,213
1544,2035
1544,2036
1544,75
1544,2039
1544,209
1544,1925
1544,1424
1544,2038
1544,74
1544,2042
1544,2040
1544,2043
1544,2048
1544,424
1544,2045
1544,2044
1544,2046
1544,2047
1544,425
1544,2033
1544,210
1544,1822
1544,2080
1544,2049
1544,2053
1544,1991
1544,2051
1544,1733
1544,80
1544,2081
1544,2050
1544,1593
1544,77
1544,1591
1544,1992
1544,78
1544,794
1544,2277
1544,2301
1544,2083
1544,1596
1544,2052
1544,795
1544,211
1544,427
1544,2054
1544,2037
1544,2195
1544,36
1544,79
146,1939
146,1940
146,1941
146,1942
146,1943
146,1944
146,1065
146,1119
146,1945
146,1946
146,1172
146,1159
146,1947
146,971
146,1220
146,1948
146,1949
146,2155
603,1095
603,1623
603,425
603,1669
603,2140
603,1506
603,2137
603,1711
603,1760
603,2135
603,2299
603,2134
603,2136
603,1507
603,2139
603,2138
603,1989
255,298
255,920
255,951
255,600
255,601
255,114
255,1063
255,1140
255,1180
255,1188
255,120
255,629
255,629
255,1440
1509,504
1509,576
1509,93
1509,146
1509,512
1509,584
1509,635
1509,634
1509,90
1509,708
1509,624
1509,641
1509,716
1509,616
1509,617
1509,95
1509,177
1509,1033
1509,799
1509,637
1509,637
1509,89
1509,885
1509,356
1509,289
1509,1818
1035,1785
1035,457
1035,792
1035,835
1035,740
1035,739
1035,840
1035,46
1035,47
1035,48
1035,127
1035,287
1035,289
1035,288
1035,356
1035,2007
1035,949
1035,975
1035,453
1035,103
1035,681
1035,855
1035,520
1035,1112
1035,452
1035,1202
1035,2008
1035,1998
1035,1997
1035,1780
1035,395
1035,65
1035,2009
1035,1040
1035,473
1035,908
1035,960
1035,343
1035,344
1035,1916
1035,1457
1035,1456
1035,412
1035,1079
1035,387
1035,2090
1035,1245
1035,1274
1035,1975
1035,1366
1035,1537
1035,1530
1035,1976
1035,1977
1035,1406
1035,1978
1035,1612
1035,1980
1035,1917
1035,1982
1035,1979
1035,2001
1035,1999
1035,2000
1035,736
1035,1652
1035,368
1035,1870
1035,1646
1035,1918
1035,82
1035,83
1035,84
1035,388
1035,1711
1035,889
1035,1057
1035,2003
1035,1545
1035,1642
1035,1707
1035,1739
1035,2208
1035,2212
1035,1420
1035,1465
1035,1580
1035,2004
1035,1919
1035,2245
1035,2236
1035,1885
1035,2442
1035,2440
1035,521
1035,2110
1035,2113
1035,2267
1035,2244
1035,2276
1035,2260
1035,81
1035,1920
1035,1525
1035,1602
1035,2298
1035,1507
1035,2134
1035,2136
1035,1882
1035,1842
1035,1883
1035,1880
1035,1233
1035,1203
1035,529
1035,1921
782,676
782,503
782,673
782,583
782,678
782,587
782,245
782,369
782,515
782,590
782,707
782,261
782,616
782,708
782,751
782,592
782,610
782,624
782,753
782,630
782,457
782,804
782,842
782,2068
782,597
782,1818
1431,1518
1431,1454
1431,1516
1431,1865
1431,1509
1431,1453
1431,1521
1431,1535
1431,1478
1431,1286
1431,2048
1431,1287
1431,1551
1431,1288
1431,424
1431,1530
1431,1537
1431,1582
1431,1577
1431,1575
1431,1309
1431,1605
1431,2079
1431,1612
1431,1627
1431,482
1431,1609
1431,1600
1431,1620
1431,1566
1431,1590
1431,1633
1431,2438
1431,1661
1431,1822
1431,1312
1431,1674
1431,1685
1431,1693
1431,1314
1431,1686
1431,1702
1431,2440
1431,56
1431,1707
1431,1706
1431,1708
1431,1716
1431,1724
1431,2441
1431,1728
1431,1753
1431,1912
1431,2207
1431,2442
1431,1764
1431,1761
1431,2220
1431,2245
1431,2246
1431,2250
1431,2214
1431,438
1431,1770
1431,2306
1431,2329
1431,2347
1431,319
1431,2392
1431,440
1431,2416
413,1185
413,216
413,2116
413,782
413,805
413,822
413,1252
413,1135
413,1278
413,761
413,979
413,1786
413,845
413,1644
413,1339
413,1352
413,1463
413,1222
413,1375
413,1088
413,1392
413,1419
413,1292
413,408
413,1430
413,1437
413,1345
413,1482
413,1459
413,1460
413,1514
413,1540
413,1586
413,1615
413,1389
413,1631
413,1310
413,1651
413,1657
413,1661
413,1838
413,1710
413,1705
413,1727
413,1316
413,1734
413,1764
413,2222
413,2245
413,2249
413,2268
413,2290
413,2301
413,2350
307,255
307,256
307,764
307,789
307,792
307,799
307,809
307,820
307,839
307,892
307,957
307,1063
307,1110
307,1112
453,605
453,647
453,649
453,119
453,812
453,112
453,216
453,708
453,288
453,606
453,635
453,641
453,751
453,842
453,923
453,530
453,629
453,666
453,697
453,769
453,1789
453,976
453,186
453,237
453,490
453,597
453,752
453,807
453,830
453,898
453,971
453,1056
453,1103
453,1107
453,1120
453,1788
453,113
453,125
453,129
453,343
453,517
453,610
453,643
453,1127
453,4
453,138
453,848
453,1276
453,199
453,238
453,349
453,335
453,459
453,1172
453,1187
453,1208
453,1782
453,1859
453,2116
453,2115
453,2
476,1265
476,1267
476,466
476,1916
476,975
476,1519
476,417
476,1541
476,1028
476,2149
476,467
476,1831
476,1655
476,1135
476,1586
476,1618
476,1649
476,722
476,468
476,1048
476,1226
476,1304
476,1591
476,1155
476,442
476,469
476,2151
476,2150
476,1917
476,1920
476,2192
476,1896
923,1512
923,1048
923,1226
923,2184
923,86
923,2048
923,1960
923,2183
923,2185
923,1760
923,2299
923,188
923,2234
923,1829
923,1830
923,1828
923,1340
923,1419
923,1746
923,415
923,2415
244,60
244,189
244,2008
244,191
244,335
244,194
244,195
244,277
244,273
244,193
244,209
244,207
244,204
244,411
244,538
244,412
244,31
244,2091
244,2225
244,1056
244,2234
774,256
774,350
774,356
774,819
774,931
774,657
774,984
774,996
774,1044
774,1124
774,766
774,1145
774,1167
774,1106
774,1276
86,527
86,264
86,265
86,601
86,609
86,788
86,289
86,11
86,359
86,125
86,938
86,1781
86,618
86,1225
86,870
86,462
86,1321
86,2011
86,231
86,1347
86,1417
86,2126
86,1511
86,1949
86,1072
86,1756
853,585
853,496
853,630
853,807
853,1788
853,1789
853,596
853,898
853,595
853,356
853,945
853,830
853,611
853,545
853,936
853,967
853,855
853,1054
853,1029
853,633
853,628
853,1017
853,452
853,2009
853,1021
853,812
853,2103
853,1256
853,1192
853,714
853,1250
853,275
853,277
853,841
853,1426
853,1018
853,2176
853,1495
853,2121
853,1548
853,745
853,2157
853,1937
853,2153
853,1947
853,1945
853,1377
853,2122
853,2169
853,343
853,1478
853,2123
853,2175
853,2284
853,2201
1338,1159
1338,1240
1338,1021
1338,1949
1338,1328
1338,1405
1338,1022
1338,1667
1338,2160
1338,2162
1338,1937
1338,2316
277,205
277,2116
277,655
277,2115
277,273
277,9
277,2008
277,451
277,1023
277,2118
277,1090
277,1407
277,1024
277,535
277,33
277,28
277,2122
277,812
277,2180
277,794
277,2121
277,2123
277,2120
277,1595
277,1017
277,2288
277,1835
277,480
213,60
213,557
213,2452
213,2017
213,291
213,838
213,966
213,1927
213,704
213,902
213,674
213,972
213,145
213,346
213,306
213,760
213,248
213,1930
388,89
388,93
388,88
388,95
388,212
388,496
388,495
388,587
388,619
388,595
388,883
388,364
388,947
388,1058
388,1071
388,925
388,1008
388,1120
388,378
388,1206
388,1220
388,1250
388,1248
388,1295
388,1282
388,379
388,1445
388,1530
388,1609
388,2212
388,2276
66,27
66,979
66,1034
66,845
66,932
66,854
66,1045
66,102
66,1124
66,1070
66,925
66,456
66,1368
66,554
66,302
66,1868
1481,5
1481,264
1481,604
1481,819
1481,243
1481,778
1481,797
1481,773
1481,630
1481,869
1481,342
1481,340
1481,341
1481,657
1481,853
1481,940
1481,952
1481,1002
1481,1064
1481,1060
1481,1137
1481,1127
1481,1167
1481,1052
1481,1255
1481,1395
1481,1529
1690,1026
1690,232
1690,1855
1690,1511
1690,1536
1690,1825
1690,1616
1690,187
1690,1737
1690,2197
1690,2256
1690,2367
1690,2384
1690,2307
1290,604
1290,171
1290,146
1290,169
1290,698
1290,724
1290,624
1290,610
1290,771
1290,1958
1290,176
1290,799
1290,113
1290,790
1290,601
1290,820
1290,1067
1290,912
1290,967
1290,343
1290,1204
1290,1134
1290,1347
1290,912
1290,2185
1246,164
1246,1970
1246,95
1246,672
1246,145
1246,802
1246,745
1246,287
1246,288
1246,166
1246,1976
1246,741
1246,176
1246,817
1246,808
1246,178
1246,852
1246,87
1246,90
1246,789
1246,222
1246,741
1246,177
1246,710
1246,89
1246,91
1246,88
1246,687
1246,1792
1246,1794
1246,258
1246,257
1246,259
1246,206
1246,278
1246,550
1246,551
1246,552
1246,556
1246,1795
1246,573
1246,132
1246,557
1246,560
1246,2452
1246,561
1246,135
1246,1797
1246,1974
1246,1975
1246,1977
1246,861
1246,547
1246,548
1246,669
1246,888
1246,223
1246,1969
1246,1972
1246,1973
1246,1971
1246,1798
1246,356
1246,1799
1246,944
1246,1796
1246,1962
1246,704
1246,1800
1246,969
1246,127
1246,133
1246,733
1246,708
1246,894
1246,1803
1246,224
1246,578
1246,579
1246,622
1246,1804
1246,801
1246,284
1246,782
1246,805
1246,822
1246,978
1246,968
1246,2018
1246,2019
1246,147
1246,876
1246,1061
1246,944
1246,103
1246,681
1246,1977
1246,902
1246,1047
1246,998
1246,508
1246,270
1246,623
1246,838
1246,1866
1246,1644
1246,1117
1246,1950
1246,336
1246,1908
1246,2086
1246,2087
1246,2088
1246,1195
1246,130
1246,452
1246,1245
1246,663
1246,659
1246,1966
1246,2056
1246,1967
1246,1968
1246,1227
1246,1142
1246,1148
1246,1149
1246,52
1246,53
1246,54
1246,1278
1246,473
1246,1406
1246,1287
1246,1284
1246,1515
1246,1549
1246,1550
1246,1636
1246,1647
1246,309
1246,1731
1246,1741
1246,81
1246,1742
578,798
578,748
578,356
578,716
578,912
578,944
578,322
578,1061
578,801
578,974
578,2068
578,747
578,1908
578,452
578,968
578,1184
578,1166
578,1199
578,1118
578,1355
578,1419
578,1343
578,1403
578,1477
578,1909
578,1910
578,1581
578,894
578,1497
578,1416
578,1499
578,1649
578,1690
578,1911
578,1726
578,1588
578,2255
578,2261
578,1727
578,730
578,2294
578,1722
578,1914
578,2336
578,1479
578,1570
578,1669
578,1299
578,1380
578,2396
578,1901
160,179
160,260
160,786
160,791
160,172
160,487
160,796
160,801
160,974
160,917
160,865
160,1038
160,363
1378,128
1378,112
1378,146
1378,716
1378,453
1378,679
1378,833
1378,812
1378,504
1378,587
1378,167
1378,630
1378,596
1378,1796
1378,930
1378,918
1378,597
1378,395
1378,1045
1378,147
1378,876
1378,336
1378,782
1378,822
1378,1058
1378,1029
1378,307
1378,1008
1378,1119
1378,1109
1378,1069
1378,810
1378,1150
1378,1139
1378,633
1378,1007
1378,2017
1378,976
1378,1945
1378,1162
1378,2062
1378,1151
1378,1946
1378,1184
1378,1159
1378,2056
1378,1185
1378,1203
1378,219
1378,1193
1378,1213
1378,1208
1378,1908
1378,1238
1378,39
1378,1230
1378,950
1378,1252
1378,1294
1378,1949
1378,1325
1378,1321
1378,1329
1378,1339
1378,2154
1378,1847
1378,1141
1378,1125
1378,1363
1378,1274
1378,1366
1378,239
1378,1340
1378,2155
1378,1022
1378,1461
1378,1869
1378,1343
1378,1403
1378,1477
1378,1497
1378,1511
1378,1524
1378,1509
1378,1530
1378,1537
1378,1361
1378,1536
1378,1910
1378,2160
1378,2057
1378,1533
1378,1561
1378,2161
1378,1512
1378,1614
1378,1081
1378,1670
1378,1912
1378,2203
1378,1456
1378,2162
1378,1730
1378,2220
1378,442
1378,1760
1378,2214
1378,2163
1378,2267
1378,388
1378,1711
1378,1671
1378,1704
1378,1431
1378,2261
1378,2277
1378,2276
1378,2333
1378,2164
1378,2294
1378,2237
1378,2175
1378,2330
1378,2365
1378,1780
1378,1256
1378,447
1378,389
1378,386
1378,2178
1378,1060
1378,2384
1378,2245
1378,2165
1378,2396
1378,2255
1378,2408
1378,2435
1378,1896
1242,1514
1242,1582
1242,1393
1242,1586
1242,1379
1242,1309
1242,1649
1242,1661
1242,912
1242,1739
1242,2208
1242,2236
1242,2353
1242,2368
1242,2411
1242,2435
1242,1902
836,851
836,1670
836,2058
836,1690
836,1715
836,1758
836,1464
836,1543
836,2212
836,2279
836,1713
836,2304
836,2347
836,2356
836,2386
836,2059
1696,754
1696,498
1696,962
1696,953
1696,1056
1696,1322
1696,2063
1696,1236
1696,870
1696,1098
1696,1426
1696,1455
1696,346
522,1385
522,1380
522,1505
522,1753
522,1669
522,2233
522,1001
522,1285
522,1486
522,1555
522,1570
522,1758
522,1826
522,1876
522,1455
522,2280
522,2327
185,159
185,802
185,48
185,246
185,175
185,288
185,601
185,615
185,748
185,798
185,354
185,945
185,587
185,619
185,103
185,681
185,1056
185,975
185,1112
185,1202
185,1274
185,230
185,231
185,232
185,1366
185,1072
185,399
185,1453
185,1513
185,1190
185,86
185,1303
185,1344
185,1846
185,1858
185,400
185,1447
185,1615
185,130
185,1640
185,2110
185,1697
185,423
185,1702
185,1874
185,1875
185,1876
185,2197
185,1678
185,2113
185,444
185,2262
185,381
185,1893
185,2112
185,1907
469,700
469,12
469,127
469,133
469,517
469,726
469,146
469,292
469,159
469,590
469,593
469,219
469,1791
469,1792
469,710
469,280
469,1794
469,348
469,2023
469,2024
469,281
469,1795
469,1797
469,1798
469,531
469,530
469,903
469,722
469,815
469,884
469,900
469,493
469,953
469,1801
469,282
469,979
469,845
469,1800
469,1804
469,994
469,1997
469,65
469,66
469,518
469,1034
469,1805
469,1806
469,1062
469,982
469,186
469,1807
469,1121
469,375
469,1056
469,1109
469,505
469,847
469,104
469,367
469,2443
469,9
469,848
469,1122
469,2011
469,241
469,1051
469,1297
469,120
469,1232
469,1256
469,1382
469,1396
469,2119
469,1072
469,2013
469,2445
469,826
469,1441
469,1867
469,2183
469,1495
469,1098
469,1511
469,2121
469,1554
469,1078
469,1224
469,310
469,1583
469,863
469,1069
469,1095
469,1875
469,1825
469,1625
469,1081
469,2122
469,1824
469,1663
469,1876
469,924
469,1506
469,2137
469,2185
469,1372
469,1717
469,1023
469,1405
469,714
469,1030
469,1755
469,1879
469,2135
469,2123
469,2232
469,479
469,2233
469,1859
469,1272
469,2134
469,2136
469,887
469,1418
469,988
469,2352
469,277
469,446
469,2187
469,1104
469,2334
469,403
469,1677
469,1835
469,2397
469,2139
469,2423
469,1893
469,2188
469,2410
469,2414
469,2124
469,36
1073,1957
1073,644
1073,629
1073,708
1073,629
1073,112
1073,264
1073,146
1073,213
1073,214
1073,271
1073,109
1073,624
1124,1077
1124,397
1124,801
1124,1479
1124,1570
1124,1481
1124,1524
1124,1212
1124,389
1124,2389
1124,1620
1124,2125
1124,2416
1124,1901
1645,807
1645,1045
1645,172
1645,364
1645,813
1645,289
1645,288
1645,1069
1645,863
1645,821
1645,1003
1645,50
1645,365
1645,302
1645,644
1645,241
1645,1271
1645,1112
1645,363
1606,243
1606,503
1606,502
1606,245
1606,634
1606,742
1606,605
1606,768
1606,264
1606,265
1606,503
1606,758
1606,557
1606,2452
1606,759
1606,242
1606,560
1606,2026
1606,607
1100,64
1100,203
1100,67
1100,68
1100,69
1100,202
1100,70
1100,71
1100,72
1100,73
1100,208
1100,75
1100,74
1100,210
1752,64
1752,203
1752,67
1752,68
1752,69
1752,510
1752,202
1752,71
1752,73
1752,208
1752,75
1752,74
1752,210
1752,80
1752,77
1752,78
1752,211
1752,79
407,1178
407,1264
407,1294
407,1260
407,1275
407,1325
407,997
407,1488
407,1283
407,1582
407,1306
407,55
407,1384
407,2418
407,1903
407,1896
1506,2115
1506,1038
1506,1373
1506,1372
1506,2155
1506,1411
1506,1396
1506,2156
1506,1023
1506,1425
1506,1366
1506,2094
1506,1274
1506,1016
1506,401
1506,1389
1506,1429
1506,1457
1506,2142
1506,1916
1506,2157
1506,1292
1506,1478
1506,1494
1506,1844
1506,1853
1506,2121
1506,1530
1506,1418
1506,1519
1506,1537
1506,181
1506,1868
1506,2141
1506,51
1506,1466
1506,2159
1506,196
1506,315
1506,1024
1506,1097
1506,1453
1506,1577
1506,1870
1506,1404
1506,1541
1506,1465
1506,1633
1506,1702
1506,2176
1506,1767
1506,1750
1506,2123
1506,1919
1506,2250
1506,2163
1506,2244
1506,2329
1506,2357
1506,273
1506,277
1506,275
1506,274
1506,2119
1506,2117
1506,2337
1506,2416
1506,2422
1506,2253
1506,1906
1506,2374
1506,1921
1506,1889
1506,480
1332,1256
1332,1615
1332,1622
1332,1625
1332,1828
1332,1667
1332,1755
1332,2239
1332,2186
1332,1592
1332,2152
1332,2069
1332,1867
1614,2106
1614,1013
1614,1344
1614,125
1614,24
1614,2073
1614,76
1614,1473
1614,2184
1614,409
1614,431
1614,1827
1614,2187
1238,497
1238,734
1238,5
1238,485
1238,639
1238,249
1238,6
1238,539
1238,809
1238,7
1238,523
1238,100
1238,8
1238,855
1552,815
1552,219
1552,348
1552,636
1552,927
1552,397
1552,978
1552,1020
1552,2443
1552,1214
1552,534
1552,1385
1552,105
1552,850
1552,1323
1552,1092
1552,1344
1552,1354
1552,1393
1552,474
1552,471
1552,476
1552,1285
1552,1525
1552,470
1552,465
1552,1705
1552,477
1552,1765
1552,2290
1552,2376
1552,2401
69,1971
69,278
69,864
69,111
69,212
69,823
69,1815
69,1306
69,837
69,303
69,27
69,125
69,101
69,969
69,1997
69,1052
69,1941
69,1942
69,360
69,1071
69,1945
69,1149
69,1173
69,1947
69,1326
69,1273
69,231
69,1341
69,1924
69,337
69,1359
69,82
69,419
69,1235
69,1523
69,461
69,394
69,1637
69,1672
69,1560
69,1901
182,767
182,1086
182,777
182,760
182,989
182,271
182,272
182,797
182,838
182,652
182,647
182,790
182,792
182,299
182,810
182,800
182,789
182,511
182,512
182,1934
182,609
182,1067
182,280
182,589
182,50
182,91
182,370
182,601
182,588
182,615
182,851
182,872
182,263
182,262
182,397
182,608
182,111
182,294
182,764
182,835
182,839
182,530
182,540
182,816
182,858
182,860
182,866
182,867
182,879
182,883
182,1935
182,1995
182,172
182,281
182,300
182,8
182,6
182,7
182,66
182,298
182,837
182,852
182,855
182,861
182,342
182,869
182,876
182,259
182,818
182,881
182,303
182,454
182,531
182,612
182,887
182,961
182,1938
182,924
182,1996
182,1983
182,365
182,987
182,182
182,900
182,17
182,595
182,759
182,827
182,853
182,854
182,923
182,899
182,940
182,374
182,579
182,875
182,932
182,946
182,947
182,457
182,951
182,349
182,941
182,611
182,366
182,455
182,952
182,304
182,963
182,979
182,986
182,993
182,845
182,114
182,212
182,309
182,631
182,1002
182,1039
182,1044
182,2031
182,623
182,375
182,1070
182,115
182,382
40,713
40,527
40,767
40,676
40,833
40,755
40,17
40,800
40,1932
40,1934
40,863
40,596
40,2023
40,1
40,1
40,682
40,530
40,531
40,903
40,570
40,22
40,58
40,981
40,1060
40,115
40,1071
40,1945
40,1139
40,1066
40,310
40,309
40,308
40,872
40,311
40,335
40,1307
40,1555
40,1599
40,233
40,1758
40,490
40,1756
40,697
40,769
40,1172
40,2280
672,457
672,870
672,873
672,777
672,812
672,842
672,983
672,290
672,738
672,116
672,118
672,1873
672,2099
762,2216
762,1228
762,1717
762,1546
762,419
762,1713
762,1845
762,1985
762,1748
762,1767
762,1446
762,2206
762,2254
762,1311
762,2232
762,2183
762,2185
762,2250
762,2247
762,442
762,2258
762,1640
762,2262
762,432
762,2329
762,2316
762,2355
762,2416
588,1512
588,1615
588,1628
588,234
588,235
588,2169
588,1676
588,1711
588,1760
588,1746
588,1729
588,2212
588,2219
588,477
588,2282
588,2175
588,2181
588,2125
588,1893
1736,1943
1736,1944
1736,2068
1736,1946
1736,1140
1736,1947
1736,2153
1736,2066
1736,2103
1736,1787
1736,378
1736,377
1736,379
1736,1361
1736,2012
1736,1841
1736,1863
1736,1274
1736,1366
1736,1229
1736,1156
1736,2155
1736,1950
1736,1945
1736,2156
1736,1842
1736,1142
1736,405
1736,2157
1736,1440
1736,1869
1736,1420
1736,1233
1736,2158
1736,2011
1736,1530
1736,1537
1736,1487
1736,2159
1736,1846
1736,1858
1736,2014
1736,2160
1736,1882
1736,1576
1736,2067
1736,1843
1736,1453
1736,1545
1736,943
1736,1655
1736,1633
1736,1404
1736,1577
1736,1880
1736,2161
1736,1668
1736,1084
1736,1701
1736,590
1736,504
1736,2162
1736,1883
1736,1597
1736,1768
1736,2163
1736,1881
1736,2267
1736,387
1736,2276
1736,2164
1736,1733
1736,2365
1736,2069
1736,447
1736,389
1736,2165
1736,2166
1736,2071
1736,2167
1736,1888
1736,2072
1736,480
1736,1907
243,1225
243,1417
243,1022
243,1495
243,1528
243,1868
243,1583
243,1098
243,1522
243,666
243,697
243,15
243,766
243,818
243,1237
243,1616
243,1050
243,421
243,1664
243,488
243,1468
243,1641
243,1640
243,1729
243,2262
243,2259
243,2357
243,2016
243,389
243,2365
243,432
243,2391
243,433
243,2416
243,344
243,343
788,1754
788,1761
788,2213
788,2202
788,2218
788,2223
788,1913
788,2240
788,2221
788,2248
788,2272
788,2269
788,2286
788,2293
788,2297
788,2301
788,2283
788,1222
788,2325
788,2319
788,2324
788,2338
788,2321
788,2348
788,2354
788,2360
788,2369
788,2366
788,2375
788,2381
788,2395
788,2402
788,2409
788,2407
788,2418
788,2419
788,2429
788,2428
788,1895
1662,741
1662,615
1662,571
1662,1067
1662,119
1662,370
1662,781
1662,1972
1662,788
1662,842
1662,260
1662,193
1662,855
1662,799
1662,891
1662,111
1662,869
1662,899
1662,889
1662,912
1662,967
1662,2030
1662,973
992,2202
992,2213
992,2224
992,2223
992,2246
992,2447
992,1772
992,2272
992,2274
992,2286
992,1823
992,2333
992,2306
992,2293
992,2229
992,2317
992,2324
992,2325
992,2360
992,2194
992,2362
992,2371
992,2375
992,2363
992,2395
992,2407
1605,1435
1605,1520
1605,1576
1605,1561
1605,2064
1605,1477
1605,1629
1605,1617
1605,481
1605,2061
1605,1637
1605,1669
1605,1667
1605,1190
1605,1676
1605,1711
1605,1634
1605,1559
1605,1729
1605,1522
1605,1276
1605,779
1605,2259
1605,2175
1605,2280
1605,2237
1605,2273
1605,1715
1605,2212
1605,1341
1605,2294
1605,2335
1605,2320
1605,2239
1605,2352
1605,389
1605,2136
1605,2424
1477,842
1477,1045
1477,323
1477,751
1477,1252
1477,1299
1477,1380
1477,418
1477,1479
1477,1598
1477,1669
1477,443
1692,906
1692,977
1692,996
1692,994
1692,323
1692,1983
1692,321
1692,998
1692,102
1692,101
1692,100
1692,493
1692,1116
1692,877
1692,738
1692,1150
1692,2010
1692,1118
1692,1063
1692,814
1692,2104
1692,1166
1692,1145
1692,333
1692,1214
1692,1174
1692,1293
1692,2154
1692,1857
1692,1351
1692,1445
1692,2185
1692,2210
305,198
305,213
305,214
305,264
305,506
305,590
305,670
305,710
305,734
305,717
305,112
305,507
305,745
305,16
305,133
305,268
305,580
305,10
305,159
305,490
305,581
305,600
305,755
305,763
305,175
305,113
305,808
305,743
305,18
305,833
305,834
305,601
305,649
305,820
305,824
305,348
305,571
305,119
305,854
305,804
305,457
305,781
305,260
305,179
305,370
305,371
305,786
305,777
305,17
305,354
305,864
305,987
305,683
305,780
305,784
305,852
305,13
305,493
305,754
305,541
305,858
305,606
305,287
305,269
305,288
305,289
305,342
305,86
305,596
305,705
305,827
305,961
305,279
305,454
305,280
305,282
305,281
305,821
305,904
305,92
305,566
305,842
305,918
305,2027
305,866
305,897
305,516
305,515
305,868
305,374
305,657
305,718
305,949
305,942
305,903
305,22
305,594
305,599
305,613
305,924
305,943
305,958
305,962
305,964
305,1100
305,570
305,761
305,219
305,455
305,955
305,1003
305,932
305,1034
305,218
305,1105
305,1124
305,1138
305,1190
305,1215
327,462
327,1273
327,1231
327,1336
327,337
327,1359
327,29
327,2451
327,464
327,1347
327,1382
327,1452
327,1842
327,1519
327,2437
327,2110
327,521
532,1176
532,1208
532,1194
532,537
532,1204
532,1236
532,1190
532,1197
532,1256
532,238
532,152
532,494
532,1270
532,1239
532,1274
532,1272
532,1021
532,1254
532,1299
532,1346
532,1340
532,1367
532,1363
532,1380
532,2160
256,255
256,503
256,625
256,1161
256,19
256,1965
256,804
256,877
256,1322
256,1098
256,1048
256,1512
256,1760
256,2299
573,1022
573,1045
573,723
573,508
573,1433
573,1454
573,1490
573,1521
573,231
573,232
573,399
573,400
573,1465
573,837
573,1424
573,424
573,683
573,1461
573,425
573,1570
573,1669
573,2143
573,1097
573,1482
573,1588
573,2131
573,353
573,1001
573,1343
573,1403
573,1251
573,1448
573,1968
573,1682
600,552
600,922
600,659
600,937
600,1059
600,1116
600,1857
600,1402
600,1135
600,2082
600,2074
600,2077
600,1221
600,673
600,700
600,722
600,884
600,900
600,883
600,2075
600,1542
600,1234
600,1364
600,1462
600,1998
600,1184
600,1512
600,1024
600,1352
600,1294
600,1983
600,55
600,1586
600,1306
600,305
600,325
600,56
600,1739
600,2248
600,2305
600,2363
600,1915
1754,1603
1754,1235
1754,1453
1754,1519
1754,1604
1754,1541
1754,1611
1754,1659
1754,2442
1754,2210
1754,1720
1754,2336
1754,2355
1754,2421
1754,1901
1535,926
1535,929
1535,935
1535,922
1535,1009
1535,745
1535,1054
1535,1061
1535,1983
1535,382
1535,1953
1535,1954
1535,123
1535,124
1535,1955
1535,1186
1535,782
1535,805
1535,822
1535,343
1535,344
491,629
491,708
491,566
491,712
491,629
491,751
491,496
491,729
491,604
491,592
491,749
491,754
491,593
491,718
491,457
491,633
1729,676
1729,583
1729,634
1729,706
1729,512
1729,732
1729,129
1729,773
1729,778
1729,801
1729,145
1729,151
1729,789
1729,272
1729,271
1729,797
1729,804
1729,453
1729,807
1729,370
1729,823
1729,266
1729,454
1729,893
1729,870
1729,878
1729,952
1729,185
1729,1045
1729,1120
1729,1129
1729,455
1729,1512
1729,1869
1414,86
1414,874
1414,842
1414,873
1414,313
1414,886
1414,895
1414,855
1414,342
1414,358
1414,901
1414,899
1414,915
1414,921
1414,531
1414,926
1414,929
1414,92
1414,935
1414,359
1414,374
1414,2023
1414,2024
1414,2025
1414,597
1414,907
1414,943
1414,622
1414,114
1414,1040
1414,890
1414,2060
1414,1045
1414,1054
1414,2027
1414,1815
1414,1816
1414,1041
1414,103
1414,681
1414,623
1414,1126
1414,115
1414,1056
1414,1945
1414,186
1414,190
1414,520
1414,1122
1414,1051
1414,1042
1414,522
1414,523
1414,524
1414,525
1414,847
1414,458
1414,459
1414,2061
1414,65
1414,66
1414,1318
1414,343
1414,344
1414,1947
1414,230
1414,1276
1414,1247
1414,451
1414,1072
698,571
698,570
698,597
698,1049
698,1177
698,396
698,1461
698,1426
698,1509
698,1511
698,1498
698,482
698,1600
698,1614
698,1674
698,1878
698,1745
698,2285
698,443
698,389
698,2388
698,2416
698,2397
698,2423
12,842
12,1147
12,1161
12,2092
12,349
12,2172
12,2174
12,1333
12,2096
12,2175
12,313
12,314
1108,456
1108,1266
1108,864
1108,987
1108,316
1108,315
1108,314
1108,274
1108,2121
1108,2118
1108,388
1108,2170
1108,1213
1108,475
1108,478
1108,440
1108,319
1108,1835
1108,2416
1108,377
1108,379
1108,378
1108,1843
1108,480
1090,1586
1090,1570
1090,1623
1090,1649
1090,1311
1090,1645
1090,1661
1090,1669
1090,1667
1090,1670
1090,1682
1090,1303
1090,1344
1090,1726
1090,388
1090,1707
1090,1708
1090,387
1090,1711
1090,1316
1090,1715
1090,1739
1090,296
1090,829
1090,973
1090,1764
1090,1179
1090,2257
1090,2203
1090,2212
1090,1254
1090,1299
1090,1346
1090,1380
1090,1479
1090,1832
1090,1833
1090,2267
1090,1656
1090,1418
1090,2242
1090,2260
1090,2336
1090,2336
1090,2356
1090,887
1090,1906
1090,2431
1090,1901
1090,1893
1567,332
1567,1060
1567,1145
1567,2129
1567,841
1567,1248
1567,2130
1567,1349
1567,1861
1567,1444
1567,416
1567,1475
1567,428
421,920
421,928
421,934
421,866
421,899
421,856
421,644
421,941
421,597
421,963
421,322
421,323
421,1056
421,344
421,658
421,1136
421,426
262,590
262,496
262,515
262,624
262,512
262,592
262,1086
262,511
262,18
262,571
262,518
262,810
262,811
262,119
262,596
262,869
262,1100
262,995
262,930
262,899
262,186
262,597
262,1056
262,343
262,1029
262,1119
262,570
262,369
262,1134
262,633
262,1176
262,1172
262,1107
262,569
262,1256
262,344
262,1197
262,1021
262,1023
262,1328
262,1281
262,1098
262,1367
262,1201
262,1371
262,2073
262,580
262,658
262,1022
262,1018
262,1495
262,535
262,1192
262,1498
262,490
262,1583
262,1600
262,1081
262,1667
262,536
262,647
262,1756
262,1879
262,1078
262,1017
262,2352
262,198
1452,812
1452,842
1452,912
1452,964
1452,994
1452,1966
1452,1125
1452,1202
1452,1256
1452,1240
1452,534
1452,891
1452,1348
1452,1138
1452,2011
1452,1364
1452,1026
1452,1394
1452,1870
1452,387
1452,1883
1452,2234
437,1333
437,773
437,1396
437,1382
437,1190
437,1303
437,1344
437,1855
437,1445
437,1022
437,1480
437,1522
437,386
437,1548
437,1078
437,461
437,1559
437,345
437,2446
437,1641
437,1640
437,1639
437,233
437,1625
437,1679
437,1755
437,1756
437,2201
437,2175
437,2284
437,2262
437,2334
437,981
1257,140
1257,541
1257,751
1257,369
1257,512
1257,496
1257,565
1257,268
1257,580
1257,1123
1257,835
1257,813
1257,540
1257,179
1257,979
1257,845
1257,1039
1381,723
1381,644
1381,93
1381,712
1381,939
1381,600
1381,144
1381,737
1381,527
1381,593
1381,640
1381,225
1381,778
1381,594
1381,842
1381,873
1381,287
1381,289
1381,771
1381,943
1381,455
1381,602
1381,186
1381,309
1381,2061
1381,1267
1381,1218
1381,310
1381,311
1381,1000
1381,1127
1381,1819
1381,1860
1381,451
1381,1089
1381,2106
1381,231
1381,230
1381,1349
1381,463
1381,1435
1381,1520
1381,1095
1381,1633
1381,2140
1381,1083
1381,1704
1381,1702
1381,2250
1381,2099
1381,2134
1724,1434
1724,1312
1724,1675
1724,1566
1724,1582
1724,1708
1724,1838
1724,1571
1724,426
1724,2219
1724,1676
1724,1563
1724,2241
1724,2196
1724,386
1724,2306
1724,1848
1724,381
1724,2355
1724,1507
1724,2134
1724,2136
1724,427
1724,415
1724,373
1057,1425
1057,2094
1057,1865
1057,1868
1057,537
1057,1882
1057,1541
1057,1598
1057,533
1057,46
1057,414
1057,1356
1057,237
1057,475
1057,415
1057,2192
67,629
67,584
67,558
67,714
67,690
67,767
67,721
67,597
67,982
67,765
67,751
67,842
67,804
67,633
67,452
67,1367
136,528
136,39
136,846
136,1963
136,1964
136,1161
136,2092
136,2093
136,280
136,401
136,2119
136,1083
136,1200
136,1703
136,1842
136,2175
136,1870
136,1871
136,2121
136,2352
136,1322
136,1844
136,59
136,628
136,1016
136,569
136,2094
232,228
232,1774
232,1779
232,557
232,688
232,2452
232,247
232,260
232,152
232,494
232,786
232,217
232,179
232,947
232,1974
232,2056
232,356
232,452
232,2007
1326,1218
1326,804
1326,349
1326,1200
1326,751
1326,2172
1326,1363
1326,473
1326,1370
1326,2147
1326,82
1326,1411
1326,411
1326,1097
1326,1235
1326,1559
1326,1273
1326,1486
1326,1949
1326,1945
1326,833
1326,1858
1326,2002
1326,2160
1326,1605
1326,1096
1326,1825
1326,1549
1326,1826
1326,2174
1326,1640
1326,1524
1326,2011
1326,2009
1326,2098
1326,1672
1326,2015
1326,2161
1326,1556
1326,1212
1326,1694
1326,1704
1326,1580
1326,1702
1326,1706
1326,2242
1326,2137
1326,2128
1326,1635
1326,2003
1326,1715
1326,1718
1326,1717
1326,1446
1326,2097
1326,1985
1326,2203
1326,2209
1326,1671
1326,1731
1326,1557
1326,2010
1326,1732
1326,2256
1326,2262
1326,2212
1326,2099
1326,2319
1326,638
1326,2327
1326,2329
1326,1418
1326,1652
1326,2260
1326,1558
1326,2006
1326,2287
1326,389
1326,2308
1326,2309
1326,2393
1326,2150
1326,2310
1326,2311
1326,2288
1326,2312
1326,2313
1326,1904
1326,2314
1326,2315
1326,1906
1326,2410
1326,2139
1326,381
1326,1989
1326,2414
1326,2425
733,1045
733,1334
733,1380
733,1842
733,1440
733,1869
733,2142
733,1522
733,743
733,1960
733,833
733,424
733,677
733,766
733,1570
733,1022
733,1511
733,1882
733,2184
733,406
733,2184
733,387
733,1614
733,1405
733,421
733,1531
733,1638
733,1669
733,1880
733,1662
733,1667
733,1674
733,1190
733,1303
733,1344
733,1874
733,1875
733,425
733,1876
733,600
733,386
733,2185
733,434
733,15
733,649
733,216
733,245
733,566
733,1703
733,482
733,2186
733,2237
733,2284
733,435
733,1213
733,2335
733,439
733,1693
733,513
733,1853
733,1854
733,313
733,2187
733,436
733,1136
733,138
733,2188
733,1888
539,1388
539,587
539,2177
539,1194
539,378
539,377
539,2179
539,1841
539,1877
539,1843
539,1295
539,1416
539,1351
539,1907
128,1599
128,1021
128,56
128,1619
128,1677
128,1451
128,368
128,1693
128,1506
128,1687
128,1404
128,1633
128,1852
128,1692
128,1711
128,2242
128,2267
128,2280
128,2357
128,2386
128,446
128,2431
128,1907
317,1236
317,1845
317,1175
317,377
317,1272
317,1300
317,2106
317,1863
317,1397
317,1439
317,1451
317,2126
317,1846
317,1567
317,1858
317,2127
798,686
798,87
798,89
798,88
798,129
798,495
798,635
798,133
798,587
798,744
798,733
798,130
798,249
798,102
798,360
798,1104
798,1126
798,843
798,1236
798,2011
798,230
798,2016
798,971
798,1445
798,1220
45,1339
45,1355
45,1352
45,1378
45,1401
45,1423
45,1434
45,1430
45,1450
45,1460
45,1474
45,1492
45,1514
45,1283
45,1285
45,1284
45,1287
45,1288
45,1571
45,1575
894,1351
894,28
894,9
894,21
894,1093
894,1861
894,1420
894,2148
894,1580
894,1642
894,765
894,1067
894,1678
914,575
914,744
914,825
914,903
914,570
914,994
914,184
914,1124
914,2062
914,1190
914,850
914,2144
914,1455
914,2280
209,1274
209,367
209,1322
209,797
209,1366
209,408
209,1400
209,1867
209,82
209,1292
209,1412
209,83
209,1537
209,1544
209,1547
209,1542
209,1882
209,1095
209,1620
209,1566
209,1645
209,2169
209,2168
209,368
209,1231
209,464
209,1744
209,1461
209,1686
209,2095
209,2177
209,1551
209,2198
209,1705
209,287
209,2322
209,2170
209,2326
209,378
209,478
209,424
209,2376
209,407
209,2179
209,1916
1369,2065
1369,1641
1369,1640
1369,1290
1369,1468
1369,2440
1369,1711
1369,2439
1369,1629
1369,1495
1369,2441
1369,2442
1369,1405
1369,1883
1369,1842
1369,2219
1369,2239
1369,2235
1369,432
1369,2284
1369,1435
1369,2433
1369,440
1369,1889
702,499
702,555
702,565
702,592
702,735
702,593
702,640
702,587
702,812
702,938
702,17
702,1
702,1
702,369
702,903
702,122
702,1147
702,1887
702,1123
702,199
702,451
527,214
527,727
527,770
527,778
527,756
527,1908
527,503
527,928
527,182
527,978
527,2017
527,833
527,2145
527,1323
527,2146
527,2147
527,2082
527,2074
527,1388
527,2077
527,2075
527,2042
527,2041
527,2040
527,2048
527,2045
527,1198
527,2044
527,1885
527,2079
527,1081
527,2076
527,2080
527,2078
527,2200
527,2081
527,2213
527,1992
527,2291
527,2083
527,2084
527,2368
527,2085
402,1073
402,1271
402,1377
402,1245
402,387
402,424
402,27
402,1711
402,426
402,2177
402,1122
402,980
402,2205
402,1559
402,1370
402,2105
402,2263
402,2238
402,2267
402,1609
402,1833
402,1640
402,432
402,2262
402,2284
402,2322
402,2335
402,378
402,389
402,2178
402,2316
402,1693
402,433
402,2416
402,2413
402,2179
1644,590
1644,96
1644,506
1644,629
1644,4
1644,143
1644,597
1644,19
1644,2011
1644,957
1644,1446
1644,1484
1644,1522
1644,446
1644,389
1644,319
326,847
326,1990
326,1154
326,306
326,663
326,986
326,511
326,658
326,1066
326,987
326,1887
326,1181
326,853
326,940
326,1167
326,13
326,14
326,608
326,1198
326,1193
326,975
326,1112
326,1202
326,2060
326,1245
326,396
326,185
326,823
326,559
326,1777
326,523
326,524
326,525
326,2108
326,660
326,1255
326,1839
326,1266
326,378
326,1271
326,1251
326,1242
326,1949
326,939
326,1299
326,229
403,129
403,526
403,635
403,1957
403,495
403,496
403,1956
403,640
403,874
403,886
403,895
403,901
403,827
403,915
403,908
403,921
403,926
403,909
403,961
403,912
403,967
403,912
403,1045
403,1054
403,1953
403,1954
403,1134
403,1955
403,1142
403,1148
403,1149
403,1208
403,782
403,805
403,1321
403,1294
378,877
378,1391
378,411
378,1447
378,1454
378,30
378,29
378,2451
378,1490
378,1412
378,1521
378,1877
378,412
378,1198
378,1585
378,1620
378,1615
378,1653
378,1725
378,1578
378,1686
378,2058
378,1706
378,2251
378,1733
378,1744
378,1698
378,2208
378,2220
378,2236
378,2241
378,2274
378,2229
378,2323
378,1770
378,2194
378,2055
378,2361
378,2389
378,2264
378,2368
378,2342
378,2365
378,2412
378,2059
378,1896
885,1068
885,1055
885,980
885,1007
885,1815
885,956
885,1052
885,1131
885,1106
885,997
885,1953
885,1153
885,844
885,1158
885,1162
885,2056
885,1261
885,1327
885,1071
885,1383
885,1401
885,1403
885,1341
885,1359
885,1431
885,1434
885,386
885,1441
682,712
682,287
682,735
682,772
682,784
682,790
682,987
682,226
682,7
682,826
682,124
682,807
682,788
682,898
682,595
682,101
682,947
682,602
682,21
682,993
682,994
682,1004
682,277
682,1060
682,627
682,2010
682,2114
682,1117
682,844
682,2116
682,1179
682,1203
682,1169
682,2117
682,1361
682,2118
682,1389
682,2120
1121,1389
1121,1429
1121,1457
1121,1476
1121,1869
1121,1478
1121,2029
1121,2148
1121,464
1121,2101
1121,2180
1121,1611
1121,1659
1121,1603
1121,1604
1121,1700
1121,1031
1121,2098
1121,1032
1121,1865
1121,1884
1121,2105
1121,2106
1121,2026
1121,287
520,1294
520,1305
520,1331
520,2082
520,1980
520,378
520,2074
520,2077
520,377
520,1610
520,2079
520,55
520,379
520,1673
520,296
520,1896
1137,1457
1137,1478
1137,1453
1137,1928
1137,563
1137,1574
1137,229
1137,1611
1137,1659
1137,1288
1137,2074
1137,2077
1137,2079
1137,1711
1137,387
1137,338
1137,1580
1137,1952
1137,1880
1137,1683
1137,1720
1137,2161
1137,2160
1137,2162
1137,1734
1137,1883
1137,2135
1137,1642
1137,353
1137,1496
1137,1624
1137,1678
1137,1836
1137,2163
1137,600
1137,601
1137,615
1137,1684
1137,419
1137,337
1137,420
1137,245
1137,566
1137,624
1137,1014
1137,1015
1137,1016
1137,1373
1137,2164
1137,1364
1137,1462
1137,1547
1137,1590
1137,1694
1137,2209
1137,2318
1137,604
1137,605
1137,606
1137,607
1137,625
1137,1551
1137,424
1137,2029
1137,81
1137,1586
1137,86
1137,1190
1137,1833
1137,1344
1137,1875
1137,1874
1137,1876
1137,1855
1137,2092
1137,2393
1137,2093
1137,2096
1137,2095
1137,2150
1137,2287
1137,1843
1137,1233
1137,2099
1137,2100
1137,1307
1137,2057
1137,2058
1137,2111
1137,1433
1137,1454
1137,1490
1137,1521
1137,1605
1137,1706
712,659
712,1091
712,1075
712,1778
712,639
712,653
712,1076
712,549
712,1776
712,679
712,661
712,650
712,655
712,656
712,1628
712,1088
712,1090
712,558
712,1086
712,1087
712,680
712,727
712,770
712,1434
712,1092
712,642
712,1033
712,646
712,1683
712,1845
712,1082
712,652
712,648
712,2303
712,1591
712,1593
712,1081
712,2331
712,2351
712,2364
712,2362
712,2377
712,2394
712,2398
712,2408
712,2432
1600,812
1600,1109
1600,343
1600,847
1600,2062
1600,344
1600,369
1600,1220
1600,376
1600,396
1600,1960
1600,569
1600,677
1600,2011
1600,241
1600,335
1600,1190
1600,800
1600,1368
1600,1382
1600,1445
887,617
887,164
887,778
887,799
887,815
887,812
887,820
887,348
887,864
887,875
887,918
887,2027
887,924
887,183
887,922
887,996
887,2028
887,1109
887,1116
887,614
887,1124
887,1158
887,1145
887,452
887,1281
887,1321
887,23
887,1231
887,379
887,1293
887,1217
887,1266
887,29
887,2451
887,1349
887,1353
887,1381
887,1369
887,1389
887,1857
887,980
887,1036
887,1046
887,1370
887,1406
887,1421
887,410
887,1840
887,1842
887,416
887,821
887,904
887,1003
887,1165
887,1471
887,1106
887,1475
887,2142
887,1077
887,1491
887,1865
887,2141
887,1856
887,1569
887,2029
887,1095
887,2091
887,1576
887,1096
887,1615
887,1598
887,1843
887,2174
887,1070
887,1659
887,2140
887,1655
887,1646
887,2098
887,1031
887,1685
887,1084
887,2015
887,1506
887,2137
887,2097
887,1032
887,2135
887,2198
887,1613
887,1881
887,2134
887,2151
887,1827
887,478
887,2136
887,2323
887,1507
887,2365
887,2069
887,449
887,795
887,2100
887,2070
887,450
887,2139
887,2071
887,2138
887,2427
887,2374
887,2188
887,2072
887,1897
1609,590
1609,740
1609,144
1609,739
1609,877
1609,1236
1609,1254
1609,86
1609,1330
1609,1013
1609,1344
1609,1098
1609,1844
1609,1377
1609,1380
1609,1409
1609,1855
1609,410
1609,1451
1609,1842
1609,1440
1609,1456
1609,1479
1609,1466
1609,1570
1609,1598
1609,1623
1609,470
1609,1637
1609,1656
1609,1677
1609,1687
1609,1876
1609,1875
1609,1712
1609,2013
1609,1832
1609,2233
1609,1881
1609,2280
1609,2327
1609,2336
1609,2356
1609,2373
1609,2070
1609,2393
1609,2406
1609,1901
1016,565
1016,562
1016,109
1016,3
1016,637
1016,1931
1016,526
1016,580
1016,515
1016,369
1016,590
1016,244
1016,591
1016,719
1016,261
1016,136
1016,701
1016,699
1016,264
1016,751
1016,496
1016,600
1016,271
1016,507
1016,731
1016,744
1016,610
1016,498
1016,16
1016,812
1016,864
1016,842
1016,863
1016,240
1016,100
1016,897
1016,101
1016,870
1016,114
1016,1017
1016,1994
579,1774
579,228
579,1779
579,1784
579,1781
579,1952
579,1785
579,686
579,672
579,1783
579,2007
579,131
579,675
579,715
579,785
579,896
579,1068
579,491
579,1129
579,1153
579,492
579,1170
579,452
579,1168
579,2008
579,1189
579,1297
579,1296
579,1307
579,1327
579,1997
579,411
579,777
579,788
579,1945
579,1233
579,1846
579,1586
579,1725
579,1665
579,1647
579,1718
579,1536
579,1616
579,1664
579,2212
579,2261
579,2367
579,1060
579,2384
459,1229
459,1380
459,1377
459,1411
459,1855
459,1441
459,1479
459,1486
459,1874
459,394
459,1554
459,1570
459,1555
459,1403
459,1573
459,1563
459,2160
459,1875
459,2064
459,1825
459,1623
459,1536
459,1826
459,233
459,1669
459,1664
459,1556
459,1713
459,1758
459,1464
459,1543
459,1557
459,2245
459,2256
459,2016
459,2280
459,2164
459,2336
459,1558
459,2384
459,2165
459,2166
459,2410
459,2167
459,447
459,2414
845,47
845,578
845,225
845,176
845,226
845,842
845,454
845,597
845,1803
845,224
845,14
845,452
845,1177
845,1814
845,1425
845,1842
845,1059
845,521
865,2074
865,1354
865,1166
865,1419
865,234
865,1740
865,235
865,1579
865,1227
865,1340
865,422
865,1105
865,1899
865,1857
171,1467
171,1512
171,1713
171,296
171,1760
171,994
171,1729
171,481
171,2127
171,2128
171,2245
171,2282
171,2260
171,2284
171,2316
171,2267
171,2251
171,2134
171,2136
171,925
171,2365
171,389
171,2189
171,2373
171,446
171,800
171,2232
171,2397
171,2171
171,2433
171,1888
171,1907
1697,1922
1697,2248
1697,2269
1697,2272
1697,2274
1697,913
1697,2286
1697,2303
1697,2196
1697,2333
1697,1914
1697,2229
1697,2306
1697,2354
190,1961
190,797
190,172
190,630
190,815
190,601
190,833
190,852
190,17
190,111
190,263
190,816
190,860
190,342
190,853
190,454
190,908
190,914
190,1983
190,928
190,900
190,931
190,835
190,1996
190,22
190,947
190,364
190,455
190,324
190,986
190,993
190,1997
190,20
190,653
190,1069
190,1204
190,1180
190,1130
190,27
190,1859
190,456
190,655
190,367
190,1042
190,1167
190,1887
190,1131
190,2033
190,1203
190,841
190,656
190,335
190,451
190,2034
190,1089
190,23
190,1999
190,1234
190,1231
190,2066
190,1013
190,1354
190,1349
190,29
190,2451
190,464
190,460
190,2450
190,82
190,2073
190,2000
190,1447
190,1842
190,30
190,83
190,1076
190,1498
190,1511
190,1548
190,1569
190,1882
190,1083
190,1883
190,1703
190,2069
190,2070
190,403
190,2265
190,2071
190,2427
190,2188
190,2072
465,350
465,577
465,289
465,912
465,351
465,968
465,299
465,912
465,1978
465,906
465,652
465,944
465,975
465,1112
465,236
465,1238
465,2131
465,1842
465,2132
465,2133
465,1870
15,1423
15,865
15,278
15,216
15,678
15,2017
15,355
15,736
15,303
15,1283
15,1228
15,1536
15,695
15,402
15,1092
15,2082
15,2001
15,1998
15,2034
15,1845
15,419
15,991
990,1790
990,2011
990,1480
990,1494
990,1825
990,569
990,1826
990,521
990,1635
990,1636
990,1647
990,1718
990,1557
990,1558
990,488
1478,713
1478,629
1478,629
1478,495
1478,644
1478,149
1478,562
1478,575
1478,600
1478,722
1478,757
1478,991
1478,670
1478,990
1478,506
1478,734
1478,740
1478,739
1478,214
1478,493
1478,258
1478,257
1478,16
1478,741
1478,141
1478,624
1478,716
1478,750
1478,529
1478,137
1478,139
1478,146
1478,159
1478,763
1478,992
1478,453
1478,145
1478,151
1478,761
1478,616
1478,617
1478,819
1478,767
1478,686
1478,672
1478,743
1478,772
1478,778
1478,636
1478,127
1478,133
1478,733
1478,355
1478,485
1478,718
1478,287
1478,288
1478,271
1478,272
1478,806
1478,175
1478,751
1478,790
1478,753
1478,563
1478,810
1478,812
1478,784
1478,852
1478,255
1478,601
1478,746
1478,824
1478,708
1478,813
1478,256
1478,677
1478,766
1478,615
1478,12
1478,797
1478,804
1478,1067
1478,762
1478,86
1478,89
1478,88
1478,91
1478,457
1478,541
1478,259
1478,350
1478,789
1478,871
1478,873
1478,167
1478,879
1478,842
1478,987
1478,867
1478,864
1478,839
1478,780
1478,240
1478,289
1478,728
1478,756
1478,961
1478,862
1478,587
1478,792
1478,854
1478,853
1478,182
1478,934
1478,297
1478,298
1478,920
1478,760
1478,851
1478,364
1478,957
1478,865
1478,1038
1478,1138
1478,1152
1478,2062
1478,986
1478,504
1478,308
1478,1140
1478,1240
1478,238
1478,1256
1478,1182
1478,1319
1478,239
1478,1361
1478,144
1478,1395
1478,1386
1478,1495
1478,1604
1478,1567
1478,1597
1478,1611
1478,387
1478,388
1478,1615
1478,1659
1478,422
1478,1228
1478,1709
1478,1650
1478,2210
1478,2029
1478,2279
1478,2230
1478,1884
1478,1466
1478,389
1478,2387
258,567
258,568
258,842
258,653
258,1147
258,1127
258,1152
258,626
258,1045
258,452
258,376
258,1017
258,1015
258,1319
258,378
258,1250
258,1295
258,363
258,1107
258,1018
258,2092
258,1233
258,1425
258,1519
258,1663
258,2015
258,1267
258,2097
258,1925
258,1640
258,1641
258,1836
258,2262
258,2099
258,2320
258,2323
258,1595
258,2316
258,1920
258,2352
258,447
258,389
258,2373
258,440
258,2384
258,2397
258,1906
258,441
258,2423
258,1905
258,2190
258,2427
258,1405
258,1921
258,1208
258,1889
258,480
258,2191
258,448
258,1907
1221,821
1221,939
1221,15
1221,859
1221,22
1221,1067
1221,869
1221,340
1221,341
1221,343
1221,1182
1221,360
1221,2131
1221,1022
1221,1136
1221,2132
1221,1031
1221,2133
1221,813
1221,999
1221,867
55,1004
55,994
55,1070
55,1067
55,321
55,1131
55,383
55,1012
55,1015
55,1242
55,1845
55,1290
55,1347
55,1373
55,1384
55,1420
55,1233
55,1453
55,1870
55,1519
55,2101
55,1530
55,1541
55,1465
55,1885
55,1882
55,1525
55,2067
55,1598
55,467
55,1871
55,1545
55,1880
55,1580
55,1506
55,2440
55,2137
55,2185
55,1684
55,1753
55,2442
55,1883
55,468
55,2135
55,1872
55,2198
55,1678
55,1732
55,2151
55,1881
55,2227
55,2134
55,2302
55,2136
55,2300
55,469
55,2287
55,2070
1493,1960
1493,1382
1493,1867
1493,2183
1493,1473
1493,1447
1493,1864
1493,1956
1493,1842
1493,2184
1493,1233
1493,1598
1493,1868
1493,2101
1493,2180
1493,1824
1493,2098
1493,2185
1493,1882
1493,2097
1493,2197
1493,2198
1493,1883
1493,2186
1493,2105
1493,2329
1493,2099
1493,2323
1493,1732
1493,431
1493,554
1493,2359
1493,2379
1493,2187
1493,2100
1493,446
1493,2069
1493,2107
1493,2188
976,829
976,787
976,757
976,855
976,2023
976,134
976,2025
976,916
976,900
976,1788
976,912
976,967
976,973
976,918
976,610
976,842
976,1179
976,937
976,40
976,1014
976,1015
976,489
976,529
976,1867
976,1842
976,2029
976,1079
976,1511
976,1366
976,1868
976,1656
976,1824
976,821
976,904
976,1003
976,2257
976,2095
976,2265
976,2072
1603,1208
1603,1249
1603,1845
1603,1248
1603,1261
1603,1089
1603,1052
1603,1300
1603,2145
1603,230
1603,1153
1603,1013
1603,912
1603,402
1603,2082
1603,2074
1603,1386
1603,1156
1603,2146
1603,1863
1603,1370
1603,2077
1603,1439
1603,1441
1603,2176
1603,466
1603,704
1603,659
1603,1012
1603,1916
1603,1502
1603,1529
1603,1453
1603,1864
1603,1846
1603,1519
1603,1554
1603,1079
1603,1466
1603,1536
1603,1573
1603,1541
1603,1027
1603,1652
1603,1534
1603,1918
1603,1084
1603,2014
1603,89
1603,467
1603,1671
1603,1231
1603,1732
1603,1276
1603,2134
1603,1827
1603,1883
1603,2294
1603,389
1603,2386
1603,2253
751,667
751,703
751,217
751,574
751,672
751,686
751,688
751,2020
751,1784
751,1785
751,1783
751,2007
751,2021
751,2022
751,2008
751,411
751,412
751,1492
751,1337
751,1340
1504,1584
1504,1549
1504,1635
1504,1550
1504,1636
1504,1647
1504,1731
1504,1643
1504,1762
1504,1763
1504,1741
1504,1742
1504,2403
1504,2404
1504,2405
1504,2426
1504,2425
613,947
613,102
613,455
613,971
613,1012
613,1012
613,1220
613,229
613,1277
613,1231
613,1842
613,456
613,1319
613,440
1471,2143
1471,1506
1471,2140
1471,2137
1471,2135
1471,1746
1471,1592
1471,2134
1471,2136
1471,1507
1471,2139
1471,2138
1471,1094
1321,590
1321,593
1321,255
1321,6
1321,1067
1321,2023
1321,2024
1321,141
1321,143
1321,630
1321,718
1321,2025
1321,27
1321,827
1321,866
1321,610
1321,587
1321,836
1321,204
1321,619
1321,842
1321,1045
1321,237
1321,633
1321,205
1321,1256
1321,1247
1321,207
1321,1218
1321,1021
1321,1949
1321,1782
1321,1334
1321,337
1321,209
1321,1074
1321,1321
1321,1119
1321,1159
1321,1495
1321,597
1321,1522
1321,1882
1321,1576
1321,238
1321,1619
1321,1254
1321,1299
1321,1346
1321,1380
1321,1479
1321,1570
1321,1669
1321,596
1321,2204
1321,198
1321,446
1321,555
1321,565
1419,903
1419,729
1419,244
1419,689
1419,1938
1419,1940
1419,1941
1419,1934
1419,1932
1419,1936
1419,1154
1419,238
1419,390
1419,1282
1419,2106
1419,352
1419,1367
1419,1863
1419,1366
1419,1407
1419,405
1419,1483
1419,1867
1419,1530
1419,1868
1419,1537
1419,1667
1419,1704
1419,2185
1419,1701
1419,439
1240,94
1240,526
1240,90
1240,593
1240,95
1240,796
1240,987
1240,457
1240,242
1240,680
1240,630
1240,473
1240,299
1240,300
1240,320
1240,321
1240,81
1240,2149
101,718
101,605
101,630
101,6
101,1123
101,601
101,615
101,454
101,1100
101,856
101,995
101,1139
101,1248
101,1326
101,1884
101,2171
101,480
604,581
604,483
604,486
604,706
604,134
604,137
604,587
604,515
604,97
604,292
604,588
604,740
604,369
604,506
604,529
604,700
604,49
604,484
604,136
604,139
604,678
604,707
604,708
604,803
604,1957
604,213
604,695
604,720
604,12
604,537
1347,966
1347,1133
1347,1978
1347,652
1347,663
1347,452
1347,659
1347,1950
1347,1866
1347,1278
1347,1358
1347,1198
1347,980
1347,1036
1347,1046
1347,1061
1347,1168
1347,152
1347,494
1347,153
1347,154
1347,155
1347,156
1347,157
1347,158
1347,164
1347,222
1347,361
1347,362
1347,2089
1347,1366
1347,372
1347,1131
1347,1203
1347,1399
1347,1842
1347,1231
1347,1091
1347,1075
1347,1234
1347,1870
1347,1364
1347,1462
1347,1547
1347,2182
1347,329
1347,1882
1347,708
1347,749
1347,1590
1347,1433
1347,1454
1347,673
1347,700
1347,883
1347,1144
1347,1694
1347,1880
1347,2090
1347,1686
1347,1668
1347,1918
1347,1916
1347,2080
1347,1739
1347,1665
1347,1512
1347,1730
1347,2110
1347,547
1347,548
1347,669
1347,2113
1347,1883
1347,2086
1347,2087
1347,2088
1347,2318
1347,2209
1347,1871
1347,81
1347,2358
1347,1536
1347,1616
1347,1664
1347,2344
1347,1890
1347,2420
1386,385
1386,1273
1386,1341
1386,1359
1386,1408
1386,1486
1386,387
1386,1365
1386,481
1386,347
1386,1313
1386,1315
1386,1638
1386,1106
1386,1690
1386,1676
1386,1711
1386,1715
1386,1713
1386,296
1386,1764
1386,2212
1386,925
1386,2237
1386,2267
1386,1563
1386,1766
1386,2335
1386,1178
1386,2357
1386,1343
1386,389
1386,1829
1386,1830
1386,1477
1386,2391
1386,381
1386,2424
1386,2431
1386,1892
1386,1888
112,502
112,1775
112,2217
112,1931
112,10
112,503
112,486
112,580
112,587
112,590
112,515
112,683
112,198
112,484
112,506
112,670
112,566
112,716
112,213
112,495
112,214
112,604
112,218
112,731
112,610
112,58
112,268
112,586
112,485
112,142
112,138
112,509
112,537
112,538
112,852
112,541
112,541
112,539
112,809
112,594
112,187
112,188
112,192
112,15
112,16
112,17
112,109
112,110
112,497
112,585
112,598
112,614
112,596
112,589
112,113
112,92
112,595
112,13
112,246
112,570
112,114
112,952
112,102
112,258
112,257
112,2449
216,1851
216,665
216,1512
216,1755
216,1985
216,1670
216,1529
216,1704
216,1218
216,2201
216,1986
216,1750
216,442
216,1884
216,2232
216,386
216,1387
216,2199
216,1833
216,1911
216,1770
216,2267
216,1528
216,1836
216,2280
216,658
216,1727
216,229
216,2323
216,1615
216,1834
216,779
216,2320
216,1524
216,2136
216,2263
216,2335
216,1669
216,81
216,1481
216,2278
216,2319
216,148
216,149
216,2126
216,376
216,1622
216,446
216,2373
216,389
216,86
216,1254
216,677
216,2099
216,2100
216,940
216,2393
216,1713
216,1276
216,397
216,2059
216,1299
216,1589
216,2390
216,644
216,2060
216,2065
216,2063
216,2064
216,1408
216,431
216,945
216,981
216,1721
216,1888
1172,245
1172,58
1172,46
1172,528
1172,292
1172,198
1172,708
1172,12
1172,1886
1172,733
1172,590
1172,593
1172,216
1172,18
1172,630
1172,172
1172,109
1172,1123
1172,92
1172,2027
1172,15
1172,570
1172,1782
1172,597
1172,14
1172,1045
1172,7
1172,308
1172,978
1172,1126
1172,8
1172,505
1172,1960
1172,117
1172,277
1172,274
1172,275
1172,196
1172,1319
1172,997
1172,1348
1172,1850
1172,1993
1172,1396
1172,2119
1172,1407
1172,1203
1172,488
1172,587
1172,1844
1172,369
1172,39
1172,1405
1172,1867
1172,1994
1172,128
1172,1229
1172,2183
1172,1247
1172,1880
1172,2120
1172,1825
1172,1826
1172,2220
1172,1881
1172,1307
1172,2070
1574,582
1574,594
1574,815
1574,722
1574,734
1574,820
1574,1799
1574,356
1574,1974
1574,1975
1574,1976
1574,103
1574,681
1574,1978
1574,1977
1574,944
1574,1966
1574,1967
1574,1968
1574,310
1574,716
1574,750
1574,808
1574,1141
1574,2087
1574,130
1574,249
1574,1261
1574,1332
1574,2143
1574,1097
1574,1456
1574,1341
1574,1359
1574,1273
1574,1529
1574,738
1574,1027
1574,1028
1574,1825
1574,1826
1574,534
1574,2102
1574,2160
1574,1506
1574,1665
1574,1635
1574,1647
1574,1718
1574,1549
1574,1095
1574,1096
1574,1554
1574,1556
1574,1717
1574,1748
1574,2232
1574,1643
1574,1762
1574,481
1574,2134
1574,1558
1574,1827
1574,2063
1180,515
1180,610
1180,842
1180,891
1180,889
1180,92
1180,953
1180,927
1180,981
1180,843
1180,1059
1180,2028
1180,1069
1180,1109
1180,1147
1180,627
1180,628
1180,126
1180,1217
1180,1292
1180,1322
1180,1400
1180,1384
1416,298
1416,66
1416,2009
1416,951
1416,2030
1416,611
1416,610
1416,89
1416,322
1416,363
1416,587
1416,631
1416,338
1416,826
1416,323
1416,508
1416,91
1416,305
1416,920
1416,1014
1416,333
1416,396
1416,1015
1416,1246
1416,312
1416,1023
1416,207
1416,1292
1416,1322
1416,2146
1416,1016
1416,460
1416,2094
1416,2450
1416,2013
1416,1024
1416,1468
1416,1916
1416,1420
1416,335
1416,2043
1416,1874
1416,2048
1416,2047
1416,2053
1416,1720
1416,426
1416,2201
1416,1678
1416,2262
1416,2227
1416,2016
1416,2365
1416,2287
1416,2373
1416,2125
1416,2107
1416,2406
1416,427
1416,2265
1416,2390
1416,1906
1416,2266
1416,2037
1416,2434
1416,480
1416,448
1234,855
1234,212
1234,1974
1234,356
1234,787
1234,949
1234,907
1234,877
1234,550
1234,165
1234,177
1234,242
1234,968
1234,508
1234,1230
1234,659
1234,1091
1234,452
1234,906
1234,1399
1234,1438
1234,370
1234,374
1234,2444
1234,2445
1234,1080
1234,2398
1234,2364
1234,2059
1234,2417
996,1516
996,1546
996,1604
996,1611
996,1627
996,1632
996,1848
996,1578
996,1313
996,1705
996,1722
996,1752
996,1698
996,2213
996,2236
996,1771
996,2290
996,2400
996,2436
996,1896
1276,946
1276,906
1276,977
1276,600
1276,601
1276,615
1276,123
1276,996
1276,322
1276,994
1276,1940
1276,212
1276,1005
1276,931
1276,65
1276,66
1276,2009
1276,1941
1276,1942
1276,1943
1276,1944
1276,103
1276,681
1276,979
1276,845
1276,1041
1276,1121
1276,603
1276,870
1276,1110
1276,1116
1276,1049
1276,1105
1276,1945
1276,1146
1276,1155
1276,532
1276,116
1276,1150
1276,1042
1276,1145
1276,858
1276,323
1276,892
1276,333
1276,122
1276,1052
1276,1153
1276,1177
1276,1946
1276,1245
1276,452
1276,1947
1276,1205
1276,1219
1276,872
1276,1191
1276,1249
1276,1175
1276,1221
1276,1289
1276,118
1276,1301
1276,533
1276,1949
1276,1948
1276,1300
1276,1873
1276,1293
1276,1192
1276,835
1276,1362
1276,473
1276,1218
1276,1208
1276,1305
1276,1857
1276,1355
1276,1401
1276,1410
1276,2154
1276,1330
1276,1365
1276,416
1276,1426
1276,380
1276,1532
1276,1492
1276,1111
1276,1157
1276,1214
1276,1323
1276,2101
1276,1579
1276,1856
1276,422
1276,2180
1276,2098
1276,1740
1276,2097
1276,81
1276,1512
1276,1760
1276,1048
1276,1226
1276,1304
1276,2299
1276,450
1276,1617
1276,1899
611,1808
611,1809
611,1810
611,1812
611,1811
611,1813
611,1185
611,1346
611,1254
611,1299
611,1430
611,1460
611,1479
611,1657
611,1074
1708,1342
1708,1361
1708,911
1708,1841
1708,239
1708,1363
1708,1351
1708,1404
1708,82
1708,1235
1708,1420
1708,1524
1708,1453
1708,417
1708,51
1708,1577
1708,1465
1708,1825
1708,2079
1708,1633
1708,1843
1708,1545
1708,1826
1708,2180
1708,2068
1708,2438
1708,2437
1708,2110
1708,1624
1708,2439
1708,2080
1708,2098
1708,1059
1708,2106
1708,1609
1708,2082
1708,1084
1708,1580
1708,368
1708,1505
1708,1697
1708,1702
1708,1704
1708,475
1708,1991
1708,665
1708,2441
1708,1642
1708,2097
1708,1132
1708,1262
1708,1384
1708,1446
1708,2111
1708,1745
1708,2442
1708,1767
1708,2203
1708,2205
1708,1678
1708,479
1708,2250
1708,2247
1708,1732
1708,2227
1708,1877
1708,2300
1708,2302
1708,2298
1708,2322
1708,478
1708,2329
1708,2181
1708,2357
1708,2355
1708,2365
1708,2287
1708,1208
1708,2288
1708,2416
1708,2265
1708,2413
1708,2179
1708,2190
1708,1921
1708,480
1210,2108
1210,1021
1210,633
1210,592
1210,1042
1210,1272
1210,1022
1210,1398
1210,1790
1210,1239
1210,1548
1210,1846
1210,1858
1210,1028
1210,1533
1210,1561
1210,1614
1210,1622
1210,1250
1210,1295
1210,665
1210,2296
423,1285
423,1287
423,1505
423,1546
423,1540
423,1586
423,400
423,1618
423,1288
423,1649
423,1433
423,1454
423,1490
423,1521
423,1605
423,358
423,1661
423,2101
423,2180
423,1311
423,1630
423,1515
423,1549
423,1313
423,1483
423,1580
423,1550
423,1518
423,863
423,1642
423,2097
423,1731
423,1603
423,1536
423,1616
423,1664
423,1737
423,2256
423,81
423,2237
423,1343
423,1403
423,1477
423,1581
423,2396
423,2391
423,508
423,270
423,529
423,887
423,988
678,372
678,1617
678,1665
678,782
678,805
678,822
678,421
678,434
678,435
678,81
678,2263
678,337
678,419
678,420
678,436
678,449
678,2105
678,2107
678,1732
678,937
678,1059
678,1859
678,1860
678,2106
678,2431
678,1867
678,1868
678,1824
678,2072
732,377
732,1213
732,1225
732,1248
732,1256
732,1270
732,1322
732,1344
732,1161
732,1334
732,1231
732,1850
732,1277
732,1841
732,1463
732,1417
732,1459
732,1840
732,1451
732,471
732,1321
528,1439
528,2103
528,1846
528,1863
528,1858
528,1652
528,1670
528,1664
528,1190
528,1344
528,1084
528,688
528,382
528,1316
528,1753
528,1178
528,1737
528,1690
528,994
528,2197
528,2113
528,2256
528,2260
528,1595
528,777
528,788
528,942
528,1825
528,1411
528,1826
528,1558
528,2384
528,1515
528,1549
528,2393
528,415
528,2410
528,2403
528,2404
528,2414
528,2112
1691,143
1691,254
1691,253
1691,496
1691,495
1691,555
1691,565
1691,592
1691,590
1691,737
1691,5
1691,593
1691,698
1691,724
1691,641
1687,1021
1687,596
1687,1045
1687,1334
1687,1946
1687,1947
1687,1945
1687,647
1687,970
1687,1022
1687,2159
1687,2162
1687,2163
1687,2259
1227,590
1227,15
1227,220
1227,616
1227,496
1227,512
1227,600
1227,604
1227,732
1227,724
1227,109
1227,592
1227,11
1227,218
1227,624
1227,150
1227,637
1227,763
1227,735
1227,593
1227,617
1227,769
1227,743
1227,773
1227,251
1227,636
1227,219
1227,779
1227,799
1227,806
1227,649
1227,630
1227,287
1227,288
1227,608
1227,885
1227,252
1227,918
1227,712
1227,807
1227,1158
1027,260
1027,179
1027,918
1027,49
1027,332
1027,1151
1027,546
1027,663
1027,216
1027,659
1027,658
1027,941
1027,1240
1027,660
1027,1087
1027,1086
1027,1088
1027,1248
1027,398
1027,331
1027,377
1027,1091
1027,1222
1027,43
1027,547
1027,669
1027,372
1027,1471
1027,1542
1027,1075
1027,940
1027,1255
1027,1167
1027,1409
1027,992
1027,989
1027,1514
1027,561
1027,1567
1027,409
1027,1366
1027,1615
1027,1668
1027,1231
1027,1883
1027,2301
1027,906
94,146
94,604
94,689
94,159
94,641
94,216
94,640
94,364
94,597
94,327
94,328
94,1859
94,1548
94,743
502,677
502,912
502,766
502,818
502,967
502,114
502,912
502,1050
502,597
502,115
502,1119
502,1159
502,1276
526,527
526,528
526,592
526,630
526,596
526,566
526,597
526,343
526,633
526,1143
526,344
526,848
526,1229
526,1017
526,1128
526,1021
526,1022
1454,546
1454,644
1454,313
1454,316
1454,1116
1454,1931
1454,508
1454,846
1454,1963
1454,2062
1454,1231
1454,1538
1454,385
1454,2097
286,111
286,299
286,300
286,616
286,617
286,27
286,570
286,597
286,912
286,1045
286,833
286,395
286,258
286,257
286,22
286,103
286,681
286,453
286,1062
286,454
286,308
286,152
286,494
286,889
286,2019
286,1049
286,1160
286,706
286,1156
286,328
286,343
286,1159
286,1174
286,344
286,458
286,1220
286,1229
286,238
286,1247
286,1319
286,1290
286,378
286,2106
286,1231
286,1192
286,1013
286,1333
286,1190
286,1334
286,640
286,1051
286,1200
286,2172
286,1400
286,1993
286,1427
286,1447
286,2013
286,1842
286,1452
286,1468
286,1233
286,1487
286,1495
286,1841
286,420
286,1466
286,1882
286,1871
286,1625
286,1667
286,1576
286,1695
286,368
1392,937
1392,365
1392,938
1392,298
1392,920
1392,366
1392,1782
1392,981
1392,277
1392,1035
1392,186
1392,623
1392,1069
1392,2104
1392,1129
1392,1130
1392,1960
1392,2061
1392,1859
1392,1167
1392,1170
1392,1176
1392,367
1392,1860
1392,658
1392,101
1392,2443
1392,1215
1392,102
1392,534
1392,1207
1392,543
1392,1210
1392,343
1392,138
1392,1225
1392,1189
1392,241
1392,1845
1392,1224
1392,1256
1392,335
1392,1291
1392,1089
1392,947
1392,850
1392,777
1392,788
1392,942
1392,1297
1392,1296
1392,1303
1392,2444
1392,1211
1392,1276
1392,1273
1392,1016
1392,1333
1392,1013
1392,1093
1392,1341
1392,1344
1392,1359
1392,195
1392,1369
1392,1397
1392,460
1392,2450
1392,1408
1392,1411
1392,1417
1392,1867
1392,410
1392,1449
1392,1447
1392,1074
1392,1441
1392,2445
1392,1444
1392,1022
1392,30
1392,1018
1392,1467
1392,471
1392,2041
1392,2183
1392,1480
1392,1495
1392,1486
1392,2090
1392,2168
1392,535
1392,1870
1392,1524
1392,1531
1392,1522
1392,1498
1392,1523
1392,1868
1392,1528
1392,1544
1392,1554
1392,1555
1392,149
1392,1562
1392,424
1392,51
1392,1559
1392,1579
1392,1567
1392,2091
1392,1561
1392,1609
1392,1875
1392,2184
1392,1825
1392,1614
1392,425
1392,1038
1392,1640
1392,470
1392,488
1392,1984
1392,1824
1392,2110
1392,904
1392,1003
1392,1667
1392,2015
1392,1876
1392,423
1392,1709
1392,2132
1392,1696
1392,1852
1392,1715
1392,665
1392,1878
1392,1985
1392,1032
1392,2135
1392,1872
1392,1986
1392,1019
1392,2230
1392,2105
1392,2113
1392,1987
1392,2186
1392,2277
1392,2134
1392,2275
1392,2285
1392,2136
1392,2316
1392,514
1392,2352
1392,1596
1392,1507
1392,2365
1392,2388
1392,2397
1392,2423
1392,2139
1392,2188
1392,1888
278,2141
278,1868
278,1095
278,1584
278,2014
278,1096
278,2184
278,425
278,1608
278,2140
278,1824
278,2015
278,1506
278,2185
278,2137
278,1747
278,2205
278,2135
278,2105
278,2227
278,2186
278,2016
278,2277
278,2333
278,2134
278,2136
278,2300
278,424
278,1507
278,447
278,2187
278,2107
278,445
278,427
278,2139
278,355
278,175
278,354
278,2413
278,2138
278,2188
278,448
278,2112
387,1776
387,661
387,679
387,650
387,655
387,558
387,1778
387,639
387,653
387,1245
387,925
387,1104
387,1236
387,292
387,2102
387,1090
1357,1573
1357,1611
1357,1618
1357,1615
1357,1649
1357,1659
1357,1646
1357,1642
1357,2210
1357,2245
1357,1612
1357,2219
1357,2244
1357,2282
1357,1418
1357,1652
1357,2260
1357,2367
1357,1729
1357,2396
1357,2424
1357,1892
1019,289
1019,342
1019,642
1019,454
1019,252
1019,566
1019,920
1019,928
1019,19
1019,1983
1019,954
1019,933
1019,945
1019,1817
1019,941
1019,597
1019,842
1019,911
1019,963
1019,937
1019,322
1019,1050
1019,568
1019,1132
1019,116
1019,180
1019,1859
1019,1201
1019,1212
1019,1878
1637,1561
1637,633
1637,1641
1637,1640
1637,2168
1637,2169
1637,1524
1637,2250
1637,2170
1637,2238
1637,2262
1637,432
1637,1083
1637,1511
1637,468
1637,469
1637,1906
1637,924
425,674
425,218
425,162
425,160
425,161
425,711
425,744
425,346
425,1961
425,219
425,825
425,348
425,519
425,779
425,864
425,759
425,347
425,953
425,962
425,1050
425,971
425,1220
425,1321
425,233
1300,562
1300,575
1300,746
1300,288
1300,124
1300,2024
1300,2023
1300,354
1300,788
1300,812
1300,119
1300,811
1300,780
1300,289
1300,2026
1300,127
1300,842
1300,133
1300,1983
1300,125
1300,779
1300,101
1300,942
1300,962
1300,356
1300,937
1300,596
1300,1936
1300,1938
1300,597
1300,1045
1300,994
1300,1059
1300,1959
1300,1957
1300,357
1300,1132
1300,971
1300,1945
1300,1029
1300,532
1300,847
1300,1859
1300,1946
1300,115
1300,393
1300,1860
1300,1947
1300,1948
1300,2011
1300,1262
1300,1949
1300,2153
1300,2154
1300,1366
1300,40
1300,2155
1300,1382
1300,1370
1300,82
1300,513
1300,463
1300,462
1300,1867
1300,2156
1300,1254
1300,1299
1300,1346
1300,2157
1300,83
1300,198
1300,1380
1300,1479
1300,84
1300,2158
1300,1531
1300,2013
1300,645
1300,1868
1300,1530
1300,1560
1300,1537
1300,394
1300,1570
1300,2159
1300,1536
1300,2126
1300,2160
1300,1616
1300,1620
1300,1623
1300,1614
1300,2174
1300,233
1300,425
1300,431
1300,1652
1300,1589
1300,1984
1300,2140
1300,55
1300,1824
1300,2110
1300,1664
1300,1669
1300,2161
1300,1674
1300,1697
1300,1846
1300,1858
1300,2185
1300,1446
1300,2128
1300,439
1300,1701
1300,665
1300,1509
1300,426
1300,1760
1300,1737
1300,2111
1300,1878
1300,1985
1300,1745
1300,2162
1300,1746
1300,1032
1300,1768
1300,521
1300,1986
1300,1919
1300,1678
1300,1765
1300,2105
1300,2247
1300,2113
1300,1667
1300,2256
1300,1987
1300,2163
1300,1836
1300,2227
1300,2186
1300,2175
1300,2276
1300,2277
1300,2260
1300,2302
1300,2298
1300,2164
1300,2152
1300,2300
1300,2316
1300,2278
1300,2181
1300,2330
1300,2336
1300,381
1300,2352
1300,2357
1300,2250
1300,2359
1300,2365
1300,2106
1300,447
1300,389
1300,2367
1300,2388
1300,2187
1300,438
1300,407
1300,1988
1300,2396
1300,2107
1300,445
1300,2165
1300,387
1300,415
1300,2397
1300,427
1300,1906
1300,2171
1300,2166
1300,441
1300,2390
1300,2413
1300,429
1300,2139
1300,1905
1300,2167
1300,2422
1300,2433
1300,2138
1300,2253
1300,2427
1300,2434
1300,1989
1300,1894
1300,2188
1300,1901
1300,1888
1300,480
1300,1897
1300,448
1300,1907
124,1509
124,1511
124,2141
124,1338
124,1443
124,411
124,842
124,424
124,1574
124,1564
124,1095
124,1096
124,420
124,2014
124,1612
124,1406
124,419
124,1614
124,26
124,1843
124,1440
124,425
124,1625
124,2140
124,1880
124,1663
124,1292
124,1578
124,1506
124,1666
124,2120
124,1667
124,2137
124,1025
124,475
124,1696
124,1720
124,25
124,2096
124,1642
124,1916
124,1917
124,1918
124,1756
124,2160
124,2135
124,2123
124,1919
124,309
124,312
124,310
124,311
124,2144
124,2016
124,1049
124,1192
124,1426
124,2277
124,1698
124,1757
124,2134
124,2175
124,2095
124,889
124,1057
124,2161
124,2162
124,478
124,1616
124,2136
124,2010
124,2316
124,2352
124,1920
124,1083
124,2099
1565,285
1565,283
1565,123
1565,124
1565,842
1565,751
1565,855
1565,916
1565,125
1565,764
1565,343
1565,1483
1565,2068
1565,1829
624,1454
624,1415
624,1500
624,386
624,1499
624,1490
624,1517
624,1285
624,1284
624,1605
624,1630
624,1661
624,1706
624,1833
624,2368
624,2382
624,2384
624,1060
624,2402
624,2340
624,2345
897,565
897,515
897,109
897,590
897,680
897,676
897,97
897,261
897,369
897,757
897,245
897,562
897,575
897,629
897,496
897,12
897,214
897,610
897,604
897,593
897,617
897,98
897,605
897,288
897,630
897,18
897,226
897,712
897,355
897,175
897,354
897,807
897,289
897,899
897,92
897,566
897,596
897,356
897,994
897,1194
897,452
897,1272
1299,1909
1299,1476
1299,1500
1299,1815
1299,1285
1299,1516
1299,1284
1299,1535
1299,1551
1299,1287
1299,1288
1299,1540
1299,481
1299,387
1299,1705
1299,1759
1299,1726
1299,2243
1299,2290
1299,1837
1299,1896
43,186
43,568
43,1068
43,1114
43,190
43,1138
43,205
43,525
43,847
43,1161
43,1267
43,1211
43,1845
43,1280
43,462
43,1277
43,194
43,1016
43,1333
43,1372
43,1398
43,411
43,513
43,1825
43,1871
43,2095
43,1711
43,1872
43,2201
43,2232
43,1403
43,2267
43,2134
43,2284
43,438
43,389
43,2100
43,2139
43,1888
43,480
43,1907
1244,90
1244,640
1244,691
1244,127
1244,808
1244,718
1244,606
1244,812
1244,842
1244,596
1244,597
1244,115
1244,1021
1750,1343
1750,1265
1750,2010
1750,1403
1750,597
1750,1022
1750,1477
1750,1456
1750,842
1750,2168
1750,1479
1750,1815
1750,1560
1750,1581
1750,488
1750,387
1750,1190
1750,1303
1750,1344
1750,386
1750,2169
1750,1690
1750,1676
1750,1729
1750,2170
1750,2267
1750,2294
1750,2199
1750,1695
1750,2278
1750,2323
1750,1484
1750,482
1750,438
1750,389
1750,1615
1750,1512
1750,994
1750,1760
1750,2391
1750,2396
1750,445
1750,2171
1750,2390
1750,1888
957,1549
957,1635
957,1725
957,1632
957,1673
957,1726
957,1550
957,1690
957,1516
957,1731
957,1477
957,2200
957,1643
957,1762
957,1763
957,2302
957,1741
957,2303
957,1742
957,1336
957,1456
957,2392
957,2403
957,2426
957,2425
1285,1256
1285,402
1285,1274
1285,801
1285,930
1285,1125
1285,648
1285,1424
1285,273
1285,308
1285,293
1285,294
1285,397
1285,1395
1285,1831
1285,994
1285,1239
1285,188
1285,1389
1285,2123
1285,1466
1285,387
1285,2186
1285,2296
1285,2178
279,368
279,388
279,392
279,406
279,461
279,1021
279,1084
279,1276
279,1290
279,1435
279,1467
279,1495
279,1544
279,1634
279,1667
279,1686
279,1711
279,1870
279,344
279,1030
279,1729
279,1865
279,296
279,1015
279,488
279,1693
279,1925
279,2239
279,2262
279,2220
279,2267
279,2276
279,2284
1382,559
1382,1777
1382,1360
1382,317
1382,313
1382,387
1382,1882
1382,385
1382,843
1382,229
1382,644
1382,1711
1382,14
1382,13
1382,2235
1382,2330
1382,439
658,893
658,906
658,928
658,954
658,946
658,1113
658,979
658,845
658,1050
658,1121
658,1110
658,1118
658,1155
658,1166
658,1145
658,1167
658,1163
658,1193
658,1174
658,1219
658,1249
658,1041
658,312
658,1175
658,1221
658,1272
658,1289
658,1301
658,2145
658,2146
658,23
658,2147
658,1293
658,1333
658,1302
658,1362
658,2144
658,1857
658,1410
658,1398
658,2143
658,380
658,1097
658,1291
658,335
658,2073
658,416
658,1000
658,2142
658,1532
658,2141
658,1856
658,1579
658,1095
658,387
658,1096
658,1506
658,2137
658,1740
658,1878
658,1899
1389,529
1389,596
1389,892
1389,914
1389,925
1389,842
1389,1237
1389,1276
1389,1570
1389,1511
1389,1001
1389,1405
1389,994
537,127
537,630
537,637
537,812
537,12
537,1886
537,697
537,769
537,555
537,597
537,1782
537,830
537,14
537,343
537,565
537,596
537,637
537,10
537,121
537,592
537,842
537,1029
537,1056
537,1119
537,237
537,1172
537,1220
537,1256
1569,807
1569,811
1569,855
1569,1789
1569,905
1569,898
1569,1983
1569,962
1569,1817
1569,999
1569,49
1569,789
1569,1158
1569,1164
1569,1210
1262,938
1262,1782
1262,677
1262,766
1262,818
1262,1045
1262,1050
1262,595
1262,627
1262,971
1262,1058
1262,1945
1262,1048
1262,1194
1262,299
1262,2011
1191,1322
1191,1463
1191,1458
1191,1343
1191,1403
1191,1265
1191,1477
1191,1472
1191,1544
1191,1581
1191,1585
1191,1601
1191,1882
1191,2110
1191,1690
1191,59
1191,1684
1191,2251
1191,368
1191,2113
1191,2197
1191,438
1191,1894
1191,2230
1518,863
1518,2092
1518,238
1518,1272
1518,1338
1518,2093
1518,2012
1518,239
1518,1367
1518,1372
1518,1395
1518,2094
1518,1424
1518,2013
1518,401
1518,1022
1518,1471
1518,1480
1518,1495
1518,1487
1518,1494
1518,1870
1518,2029
1518,1513
1518,1576
1518,1882
1518,1614
1518,1625
1518,1843
1518,1871
1518,2174
1518,1435
1518,1524
1518,1633
1518,1787
1518,1084
1518,2017
1518,2019
1518,1729
1518,1755
1518,1883
1518,2201
1518,2232
1518,482
1518,2095
1518,2284
1518,1641
1518,2352
1518,887
1518,2334
1518,2433
1469,162
1469,146
1469,169
1469,802
1469,159
1469,170
1469,168
1469,166
1469,176
1469,178
1469,710
1469,1793
1469,1792
1469,1814
1469,1813
431,914
431,947
431,1039
431,1070
431,1967
431,1071
431,1104
431,1120
431,833
431,1983
431,378
431,1860
431,618
431,1210
431,1212
431,1236
431,1281
431,1299
431,1380
431,1451
431,1479
431,1524
431,1570
431,1577
431,1858
431,1623
431,1633
431,1669
431,1677
431,1702
431,423
431,1985
431,1767
431,1986
431,2250
431,1987
431,2267
431,2329
431,389
431,2416
329,1777
329,1501
329,1504
329,1565
329,1171
329,524
329,1020
329,1252
329,1337
329,398
329,1329
329,1339
329,1350
329,1375
329,1378
329,1379
329,1393
329,1392
329,1414
329,1399
329,1428
329,1416
329,1437
329,1436
329,1430
329,1438
329,1497
329,1500
329,1460
329,1476
329,1499
329,1508
329,1285
329,1526
329,1516
329,1514
329,1284
329,1286
329,1288
329,1540
329,1287
329,1268
329,1572
329,1586
329,1572
329,1309
329,1306
329,1769
329,234
329,1618
329,235
329,1631
329,1608
329,1310
329,1649
329,1601
329,1311
329,1661
329,1657
329,1619
329,1578
329,1675
329,1683
329,1313
329,1689
329,1315
329,1707
329,1708
329,1710
329,1714
329,1716
329,1722
329,1724
329,1316
329,1316
329,1723
329,1736
329,1738
329,1734
329,2207
329,1749
329,1317
329,1747
329,1759
329,1735
329,1752
329,1698
329,1761
329,1754
329,2208
329,2213
329,2215
329,2222
329,2218
329,2268
329,1823
329,2204
329,2243
329,2281
329,2293
329,2305
329,2325
329,2324
329,2381
329,2378
329,2402
329,2428
329,2430
329,2429
1109,308
1109,1065
1109,875
1109,1109
1109,983
1109,237
1109,1049
1109,1180
1109,1127
1109,830
1109,117
1109,1164
1109,1279
1109,1282
1109,239
1109,1865
1109,1019
566,496
566,3
566,109
566,732
566,727
566,227
566,16
566,586
566,724
566,774
566,522
566,150
566,355
566,593
566,617
566,743
566,748
566,141
566,512
743,215
743,279
743,280
743,589
743,826
743,666
743,864
743,697
743,769
743,281
743,742
743,829
743,708
743,282
743,916
743,110
743,27
743,868
743,796
743,973
743,488
1150,15
1150,86
1150,483
1150,507
1150,744
1150,825
1150,289
1150,696
1150,281
1150,924
1150,1983
1150,181
1150,150
1150,1788
1150,1789
1150,930
1150,866
1150,111
1150,182
1150,914
1150,938
1150,797
1150,853
1150,940
1150,962
1150,365
1150,925
1150,821
1150,904
1150,293
1150,903
1150,366
1150,597
1150,986
1150,981
1150,979
1150,845
1150,994
1150,343
1150,1002
1150,760
1150,1039
1150,1045
1150,1051
1150,1058
1150,1062
1150,971
1150,1056
1150,1121
1150,1103
1150,357
1150,746
1150,912
1150,1104
1150,58
1150,1119
1150,813
1150,779
1150,999
1150,1120
1150,1122
1150,237
1150,116
1150,633
1150,1164
1150,1152
1150,1167
1150,493
1150,101
1150,1065
1150,955
1150,344
1150,865
1150,848
1150,1206
1150,1213
1150,1208
1150,662
1150,1236
1150,1176
1150,1017
1150,1248
1150,1790
1150,105
1150,1136
1150,1320
1150,1098
1150,1190
1150,2012
1150,1272
1150,1396
1150,2141
1150,1095
1150,2014
1150,1096
1150,2184
1150,1530
1150,2015
1150,1506
1150,2137
1150,2135
1150,1083
1150,2016
1150,2186
1150,2134
1150,2136
1150,1507
1150,1538
1150,447
1150,445
1150,2139
1150,2138
1150,2192
1150,1894
1150,448
5,910
5,1284
5,1218
5,1862
5,979
5,1121
5,845
5,1219
5,1289
5,1410
5,1001
5,331
1144,1183
1144,1196
1144,782
1144,805
1144,822
1144,1238
1144,357
1144,2108
1144,882
1144,378
1144,1276
1144,338
1144,377
1144,379
1144,1208
1144,980
1144,1036
1144,1847
1144,1841
1144,462
1144,1404
1144,1447
1144,1443
1144,1842
1144,1474
1144,410
1144,1630
1144,1682
1144,1733
1144,368
1144,2291
1144,2195
557,1208
557,637
557,811
557,937
557,2106
557,1867
557,1287
557,1586
557,2057
557,1309
557,1653
557,2058
557,1868
557,2274
557,2290
557,2326
557,994
557,2059
177,288
177,1969
177,717
177,119
177,313
177,778
177,289
177,870
177,983
177,2060
177,1056
177,712
177,1120
177,1108
177,1267
177,376
177,1544
177,1038
1584,245
1584,707
1584,495
1584,148
1584,140
1584,720
1584,732
1584,600
1584,283
1584,810
1584,792
1584,790
1584,722
1584,761
1584,601
1584,1785
1584,1971
1584,89
1584,615
1584,854
1584,1972
1584,347
1584,1044
1584,1124
1584,184
896,517
896,726
896,109
896,676
896,744
896,733
896,220
896,221
896,769
896,718
896,772
896,780
896,754
896,279
896,280
896,609
896,917
896,7
896,866
896,868
896,887
896,596
896,282
896,181
896,86
896,962
1141,812
1141,597
1141,1003
1141,640
1141,114
1141,930
1141,1056
1141,1122
1141,1051
1141,1338
1141,1396
1141,1220
1141,1022
1141,842
1304,1975
1304,520
1304,1003
1304,117
1304,53
1304,54
1304,646
1304,68
1304,76
1304,1088
1304,1086
1304,2182
1304,656
1304,663
1304,1094
1626,288
1626,672
1626,1977
1626,2020
1626,864
1626,1937
1626,1935
1626,1938
1626,1936
1626,356
1626,968
1626,1977
1626,907
1626,765
1626,299
1626,300
1626,320
1626,950
1626,212
1626,290
1626,960
1626,1792
1626,1794
1626,1799
1626,1798
1626,710
1626,1803
1626,160
1626,161
1626,711
1626,162
1626,169
1626,170
1626,171
1626,168
1626,176
1626,178
1626,710
1626,1795
1626,1797
1626,1800
1626,173
1626,174
1626,146
1626,159
1626,998
1626,889
1626,919
1626,1057
1626,1807
1626,1940
1626,1941
1626,1942
1626,1943
1626,1944
1626,321
1626,549
1626,1776
1626,679
1626,1979
1626,966
1626,650
1626,1198
1626,452
1626,947
1626,1004
1626,1117
1626,1169
1626,247
1626,557
1626,2452
1626,560
1626,561
1626,550
1626,551
1626,552
1626,556
1626,573
1626,132
1626,671
1626,163
1626,656
1626,46
1626,47
1626,48
1626,122
1626,1873
1626,118
1626,1070
1626,1945
1626,1351
1626,1420
1626,55
1626,1465
1626,1882
1626,1231
1626,1287
1626,1586
1626,1618
1626,1416
1626,1436
1626,1500
1626,1497
1626,1499
1626,1649
1626,2110
1626,1842
1626,56
1626,1545
1626,2113
1626,81
1626,2069
1626,2181
1479,1309
1479,1618
1479,1627
1479,1630
1479,1632
1479,1628
1479,1648
1479,1649
1479,1660
1479,1661
1479,1680
1479,1707
1479,1838
1479,1728
1479,1739
1479,1761
1479,2208
1479,2236
1479,2240
1479,2271
1479,2281
1479,2272
1479,2304
1479,1773
1479,2328
1479,2325
1479,2321
1479,2347
1479,2338
1479,2319
1479,2353
1479,2358
1479,2354
1479,2368
1479,2362
1479,712
1479,2369
1479,2377
1479,2385
1479,2386
1479,2400
1479,2409
1479,2411
1479,2415
1479,2415
1479,2429
1479,2436
1479,2435
1479,1890
1479,1891
1479,1895
1479,1902
1410,829
1410,497
1410,777
1410,640
1410,541
1410,889
1410,873
1410,287
1410,289
1410,288
1410,366
1410,632
1410,936
1410,133
1410,973
1410,1931
1410,2030
1410,367
1410,912
1410,1179
1410,1139
1410,1208
1410,1218
1410,1972
1410,1173
1410,408
1410,89
1410,368
1410,426
1410,1832
1410,1717
1410,1748
1410,2232
648,1369
648,2146
648,82
648,2445
648,83
648,116
648,1418
648,863
648,1541
648,2110
648,1926
648,1031
648,2109
648,2003
648,1831
648,2090
648,2185
648,2098
648,2097
648,2081
648,1281
648,1032
648,1652
648,2004
648,2113
648,2151
648,600
648,601
648,615
648,1613
648,1836
648,2186
648,2099
648,2260
648,425
648,2152
648,1717
648,1748
648,2028
648,2148
648,738
648,2006
648,2134
648,2136
648,1507
648,2183
648,466
648,467
648,468
648,469
648,2100
648,2187
648,1616
648,407
648,2008
648,1305
648,2190
648,1970
648,395
648,230
648,231
648,2112
648,1897
348,779
348,341
348,340
348,908
348,909
348,912
348,967
348,657
348,1034
348,963
348,814
348,724
348,712
348,928
348,820
348,959
348,186
348,1035
348,1045
348,1134
348,1130
348,1158
348,1201
348,831
348,1064
348,1224
348,1291
348,1280
348,746
348,239
348,2131
348,1513
348,234
348,235
348,1639
348,1448
348,2132
348,2133
348,1878
348,1879
348,2273
348,2323
348,2357
348,1594
348,403
348,2427
348,2072
858,1538
858,1565
858,1553
858,1606
858,1607
858,1447
858,2114
858,2122
858,2118
858,1626
858,1437
858,1433
858,1454
858,1743
858,2206
858,2123
858,1835
858,2124
1511,1058
1511,1147
1511,1231
1511,1091
1511,1463
1511,2012
1511,1248
1511,379
1511,1351
1511,2155
1511,1598
1511,1569
1511,1646
1511,475
1511,939
1511,1925
1511,1682
1427,750
1427,243
1427,1974
1427,1975
1427,166
1427,145
1427,151
1427,165
1427,495
1427,808
1427,575
1427,616
1427,617
1427,1976
1427,571
1427,574
1427,119
1427,600
1427,601
1427,287
1427,288
1427,289
1427,356
1427,678
1427,803
1427,707
1427,247
1427,299
1427,300
1427,89
1427,88
1427,813
1427,867
1427,947
1427,968
1427,610
1427,364
1427,690
1427,114
1427,1004
1427,999
1427,1010
1427,1070
1427,1008
1427,532
1427,1150
1427,1164
1427,115
1427,1196
1427,504
1427,576
1427,452
1427,1274
1427,2027
1427,1845
1427,229
1427,1298
1427,1231
1427,1366
1427,418
1427,1530
1427,81
1427,443
214,340
214,341
214,666
214,697
214,1172
214,1248
214,1371
214,1444
214,1022
214,2014
214,1600
214,421
214,1696
93,1620
93,1653
93,1183
93,1686
93,1317
93,1700
93,2200
93,1761
93,2213
93,1757
93,2236
93,2297
93,2301
93,2332
93,2366
93,2363
93,2389
93,2368
93,2383
93,1895
1171,1952
1171,550
1171,552
1171,163
1171,671
1171,1783
1171,942
1171,891
1171,703
1171,2007
1171,906
1171,946
1171,977
1171,996
1171,738
1171,817
1171,1068
1171,2021
1171,1116
1171,1945
1171,1129
1171,1937
1171,1936
1171,873
1171,2022
1171,1145
1171,411
1171,215
1171,416
1171,375
1171,2444
1171,2445
1171,371
1171,370
1171,374
1171,2443
1171,412
1171,1205
1171,1856
1171,1846
1171,1858
1171,230
1171,232
1171,399
1171,400
1171,423
1171,2162
1171,1637
1753,2169
1753,1506
1753,2137
1753,2135
1753,2170
1753,2134
1753,435
1753,2136
1753,1507
1753,447
1753,436
1753,2171
1753,2138
1753,1921
1510,546
1510,554
1510,740
1510,584
1510,1778
1510,641
1510,545
1510,617
1510,624
1510,109
1510,1974
1510,749
1510,98
1510,639
1510,224
1510,579
1510,716
1510,653
1510,751
1510,1073
1510,804
1391,148
1391,292
1391,330
1391,195
1391,194
1391,28
1391,1929
1391,306
1391,659
1391,1091
1391,917
1391,2129
1391,1110
1391,1116
1391,906
1391,946
1391,977
1391,1205
1391,1221
1391,1856
1391,1569
1391,663
1391,2091
1391,107
1391,1080
1391,464
1391,1911
1391,2029
1391,1981
1391,2225
1391,1928
1391,1920
1391,2234
1391,2130
1391,638
1391,2364
1391,537
1391,538
1391,2417
1391,539
1391,540
1391,509
1391,1921
1391,1900
1391,1896
959,864
959,1356
959,1087
959,101
959,776
959,838
959,1783
959,1997
959,2060
959,1052
959,1942
959,1940
959,1943
959,1941
959,1944
959,1153
959,353
959,842
959,1939
959,1012
959,120
959,2063
959,2064
959,2065
1727,1886
1727,286
1727,538
1727,917
1727,453
1727,851
1727,492
1727,857
1727,487
1727,540
1727,559
1727,853
1727,273
1727,776
1727,454
1727,940
1727,101
1727,22
1727,948
1727,842
1727,1002
1727,184
1727,1101
1727,843
1727,1121
1727,330
1727,1207
1727,2129
1727,1929
1270,1550
1270,1636
1270,1647
1270,1718
1270,1731
1270,1643
1270,1762
1270,1741
1270,2307
1270,2308
1270,2309
1270,2310
1270,2311
1270,2312
1270,2313
1270,2314
1270,2315
1270,2403
1270,2404
1270,2405
1270,2426
1270,2425
123,930
123,1869
123,1412
123,1482
123,1377
123,1548
123,1481
123,644
123,317
123,647
123,970
123,1511
123,1851
123,1674
123,1083
123,1667
123,649
123,389
123,2390
123,2423
123,2068
721,1799
721,1792
721,1796
721,1798
721,1801
721,159
721,1804
721,290
721,625
721,116
721,1049
721,1960
721,1289
721,1319
721,1876
1581,1636
1581,1647
1581,1731
1581,1643
1581,1762
1581,1763
1581,1741
1581,2308
1581,2309
1581,2310
1581,2311
1581,2312
1581,2313
1581,2314
1581,2315
1581,2403
612,1849
612,870
612,983
612,1369
612,396
612,1828
612,2444
612,2445
612,472
612,2134
612,2136
612,2225
1249,659
1249,1376
1249,1470
1249,1075
1249,1493
1249,1343
1249,1403
1249,1477
1249,1510
1249,1527
1249,1606
1249,1981
1249,1607
1249,1581
1249,1337
1249,1982
1249,2258
1249,1080
198,2227
198,428
198,1595
198,1496
198,2275
198,2359
198,443
198,425
198,2316
198,1988
198,389
198,2397
198,1545
198,1712
198,407
198,2388
1613,1285
1613,1586
1613,1612
1613,1649
1613,1618
1613,1792
1613,1798
1613,1794
1613,1803
1613,1799
1613,1707
1613,710
1613,162
1613,171
1613,169
1613,170
1613,178
1613,2208
1613,1739
1613,1661
1613,1195
1613,212
1613,2281
1613,2328
1613,2353
1613,1870
1613,2382
1613,1871
1613,1872
1613,2411
1613,2340
1613,1902
158,909
158,1800
158,1799
158,1792
158,1798
158,1794
158,960
158,974
158,1802
158,979
158,845
158,1804
158,1806
158,998
158,1121
158,978
158,493
158,1105
158,1155
158,456
158,1215
158,474
158,1205
158,1998
158,1190
158,1385
158,1289
158,105
158,2443
158,1303
158,1001
158,1293
158,1330
158,1362
158,1353
158,464
158,1231
158,1410
158,1415
158,402
158,2176
158,413
158,1469
158,1532
158,1725
158,422
158,437
158,1726
158,1579
158,1727
158,467
158,1345
158,1751
158,2110
158,468
158,2219
158,2255
158,1637
158,2233
158,2261
158,2113
158,2323
158,2006
158,449
158,2373
158,403
158,2391
158,1638
158,1138
158,2190
158,1899
158,2191
77,202
77,70
77,71
77,72
77,73
77,208
77,75
77,74
77,210
77,80
77,77
77,78
77,211
77,79
314,873
314,297
314,298
314,920
314,182
314,322
314,892
314,684
314,323
314,977
314,996
314,764
314,1116
314,1145
314,333
314,1215
314,1205
314,1226
314,1272
314,1048
314,1304
314,1234
314,1333
314,1353
314,1367
314,1365
314,1381
314,1398
314,334
314,416
314,466
314,1512
314,1885
314,1597
314,1622
314,467
314,2076
314,2174
314,1639
314,1645
314,2439
314,1667
314,1831
314,2242
314,1746
314,468
314,2282
314,2322
314,2300
314,2330
314,2352
314,469
314,415
314,2340
314,1448
314,2413
1279,2270
1279,2286
1279,2277
1279,2229
1279,1369
1279,1210
1279,2338
1279,2214
1279,2354
1279,2358
1279,2375
1279,2376
1279,2389
1279,2384
1279,1657
1279,2264
1279,436
1279,2368
1279,2398
1279,2342
1115,645
1115,673
1115,700
1115,1011
1115,88
1115,546
1115,242
1115,851
1115,931
1115,1020
1115,780
1115,835
1115,797
1115,865
1115,1035
1115,1034
1115,1045
1115,1101
1115,917
1115,892
1115,1121
1115,1002
1115,979
1115,845
1115,1151
1115,940
1115,1289
1115,1390
1115,858
1115,1410
1115,1038
1337,686
1337,1970
1337,1971
1337,761
1337,792
1337,228
1337,353
1337,922
1337,958
1337,1044
1337,1774
1337,1779
1337,1784
1337,1785
1337,1783
1337,1973
1337,1972
1337,2007
1337,46
700,160
700,161
700,711
700,710
700,162
700,169
700,170
700,168
700,171
700,176
700,178
700,710
700,894
700,166
700,1797
700,1798
700,1799
700,893
700,173
700,174
700,1796
700,566
700,289
700,570
700,599
700,1803
700,602
700,918
700,103
700,681
700,1812
700,89
700,88
700,1012
700,1813
700,1012
700,984
700,1163
700,1253
700,1924
700,40
700,1351
700,2134
700,2136
700,1507
1319,808
1319,178
1319,601
1319,267
1319,266
1319,1797
1319,860
1319,892
1319,910
1319,1800
1319,1113
1319,603
1319,452
1319,1249
1319,1335
1319,380
1319,1579
1319,1740
1319,1836
1319,1899
838,1256
838,831
838,1064
838,335
838,1208
838,1218
838,238
838,323
838,490
838,666
838,344
838,1281
838,1051
838,842
838,240
838,779
838,1056
838,848
838,1271
838,1273
838,1305
838,1128
838,1107
838,1346
838,1341
838,1338
838,971
838,1220
838,1098
838,1380
838,1408
838,1405
838,1427
838,1445
838,1441
838,1018
838,1479
838,1173
838,1511
838,2126
838,1524
838,1481
838,2446
838,1719
838,1634
838,1435
838,1520
838,1729
838,1755
838,2201
838,1986
838,1019
838,430
838,1987
838,1022
838,1531
1705,1105
1705,1140
1705,268
1705,941
1705,1138
1705,1170
1705,1213
1705,1205
1705,534
1705,1189
1705,1248
1705,533
1705,1301
1705,850
1705,1231
1705,1273
1705,1303
1705,1293
1705,1344
1705,1362
1705,1857
1705,24
1705,1397
1705,2000
1705,401
1705,1842
1705,416
1705,471
1705,1233
1705,965
1705,1532
1705,84
1705,2126
1705,1435
1705,1562
1705,1520
1705,1598
1705,2127
1705,470
1705,1880
1705,1697
1705,1634
1705,1740
1705,1883
1705,2198
1705,2237
1705,1827
1705,317
989,624
989,617
989,129
989,174
989,605
989,808
989,832
989,1795
989,2025
989,606
989,596
989,566
989,22
989,962
989,607
989,568
989,116
989,1022
464,1962
464,135
464,554
464,242
464,678
464,707
464,803
464,590
464,139
464,720
464,723
464,562
464,575
464,264
464,722
464,713
464,690
464,1775
464,2217
464,15
464,218
464,732
464,555
464,565
464,61
464,150
464,265
464,629
464,736
464,708
464,749
464,227
464,285
464,286
464,636
464,369
464,586
464,219
464,799
464,743
464,806
464,630
464,824
464,777
464,788
464,543
464,123
464,608
464,2026
464,596
464,606
464,916
464,1937
464,842
464,934
464,945
464,964
464,1997
464,2031
464,1818
464,1002
464,1122
464,2062
464,2060
464,1949
464,1998
464,2153
464,2066
464,1277
464,2002
464,2003
464,1022
464,2005
464,2163
1097,761
1097,792
1097,854
1097,860
1097,876
1097,180
1097,1995
1097,996
1097,46
1097,439
1097,994
1097,2178
1536,886
1536,895
1536,901
1536,912
1536,944
1536,915
1536,915
1536,921
1536,921
1536,926
1536,929
1536,967
1536,935
1536,1966
1536,912
1536,843
1536,1967
1536,1054
1536,336
1536,944
1536,458
1536,1953
1536,1954
1536,1955
1536,1968
1536,1194
1536,373
1536,474
1536,1088
1536,1158
1536,1925
1536,476
1536,1077
1536,1926
1536,335
1536,106
1536,470
1536,1668
1536,1083
1536,2016
1536,2175
1536,440
1536,2420
1536,441
1536,1905
1536,1889
1536,480
1562,630
1562,89
1562,88
1562,91
1562,1
1562,596
1562,293
1562,294
1562,827
1562,936
1562,597
1562,592
1562,641
1562,640
1562,593
1562,714
1562,343
1562,1056
1562,1119
1562,186
1562,190
1562,1127
1562,633
1562,1172
1562,376
1562,1159
1562,1321
1611,169
1611,170
1611,168
1611,176
1611,178
1611,711
1611,710
1611,1806
1611,1800
1611,1797
1611,1804
1611,1795
1611,1812
1187,610
1187,799
1187,196
1187,491
1187,630
1187,7
1187,923
1187,815
1187,868
1187,883
1187,181
1187,92
1187,541
1187,541
1187,142
1187,537
1187,999
1187,2444
1187,994
949,716
949,750
949,808
949,147
949,601
949,812
949,748
949,632
949,6
949,270
949,728
949,743
949,806
949,824
949,615
949,294
949,854
949,356
949,1789
949,340
949,341
949,920
949,938
949,597
949,930
949,1045
949,570
949,927
949,365
949,237
949,1125
949,366
949,563
949,1154
949,981
949,797
949,1167
949,367
949,19
949,1194
949,912
949,1040
949,1057
949,810
949,1849
949,607
949,1147
949,1161
949,1247
949,1242
949,587
949,520
949,117
949,1363
949,1598
949,1634
949,336
949,25
949,2273
949,1828
949,1829
949,429
1445,2437
1445,402
1445,2440
1445,688
1445,672
1445,686
1445,2020
1445,2441
1445,1222
1445,2442
1445,2205
1445,1700
1445,1099
1445,917
1445,2438
1445,2301
1445,2366
1445,1384
1445,1155
1445,1740
593,1189
593,1980
593,1297
593,1296
593,1981
593,1332
593,1091
593,1075
593,793
593,547
593,669
593,902
593,1133
593,1982
593,1094
593,1890
428,1231
428,1334
428,1396
428,833
428,1343
428,1403
428,2013
428,1390
428,1391
428,1869
428,1098
428,1233
428,1486
428,1324
428,1844
428,1853
428,1522
428,1254
428,2010
428,1563
428,1882
428,1276
428,1585
428,1865
428,1511
428,439
428,1884
428,2233
803,1424
803,1387
803,1022
803,1479
803,1495
803,1865
803,1519
803,2101
803,424
803,813
803,999
803,1164
803,1320
803,1541
803,1875
803,425
803,1650
803,1677
803,1687
803,1876
803,1709
803,1719
803,426
803,1209
803,2097
803,521
803,2230
803,2233
803,2133
803,2284
803,2273
803,81
803,2393
803,427
591,1469
591,1399
591,1499
591,1472
591,1283
591,1285
591,1516
591,1284
591,1535
591,1287
591,1288
591,1571
591,1586
591,1627
591,1618
591,1632
591,1630
591,1631
591,1649
591,1311
591,1657
591,1661
591,1312
591,1313
591,1314
591,1315
591,1707
591,1316
591,1739
591,1747
591,1759
591,2208
591,1735
591,2215
591,2226
591,2236
591,1833
591,2243
591,1771
591,1770
591,2281
591,2270
591,1823
591,2328
591,2326
591,1834
591,1837
591,2353
591,2368
591,2382
591,2386
591,2378
591,2411
591,2340
591,2341
591,2343
591,2435
591,1772
591,1902
591,2345
591,1896
1302,129
1302,253
1302,254
1302,299
1302,297
1302,5
1302,457
1302,256
1302,741
1302,298
1302,350
1302,864
1302,930
1302,383
955,53
955,154
955,155
955,1781
955,156
955,216
955,546
955,39
955,686
955,672
955,149
955,109
955,157
955,90
955,582
955,65
955,637
955,1959
955,587
955,707
955,245
955,134
955,137
955,529
955,139
955,136
955,506
955,670
955,1957
955,566
955,538
955,140
955,187
955,188
955,192
955,193
955,610
955,493
955,1931
955,760
955,164
955,779
955,1958
955,852
955,812
955,100
955,776
955,2009
955,181
955,925
955,101
955,962
955,994
955,102
955,2028
955,189
955,1166
955,1245
955,1190
955,191
955,1603
955,1445
955,1604
955,1611
955,1659
955,2210
794,842
794,936
794,1049
794,562
794,195
794,540
794,1366
794,335
794,760
794,1924
794,2091
794,1256
1089,710
1089,512
1089,511
1089,371
1089,152
1089,494
1089,634
1089,454
1089,453
1089,751
1089,842
1089,146
1089,1796
1089,678
1089,707
1089,720
1089,732
1089,885
1089,1817
1089,575
1089,941
1089,1802
1089,455
1089,545
1089,936
1089,640
1089,619
1089,1801
1089,110
1089,41
1089,710
1089,815
1089,884
1089,900
1089,1793
1089,1792
1089,1794
1089,178
1089,612
1089,1775
1089,2217
1089,1006
1089,1037
1089,1055
1089,620
1089,1818
1089,625
1089,689
1089,1045
1089,621
1089,945
1404,2098
1404,1736
1404,1698
1404,1317
1404,197
1404,2200
1404,1735
1404,2211
1404,2213
1404,2222
1404,2218
1404,1757
1404,2231
1404,2236
1404,2240
1404,2303
1404,2297
1404,2301
1404,2229
1404,2331
1404,2325
215,774
215,859
215,696
215,752
215,237
215,125
215,238
215,850
215,1324
215,1395
215,2121
215,1078
215,1693
215,1486
215,2123
215,1768
1735,2036
1735,28
1735,1397
1735,2039
1735,1400
1735,1409
1735,1417
1735,2038
1735,2042
1735,2075
1735,1074
1735,535
1735,1567
1735,2046
1735,1614
1735,2076
1735,1822
1735,2080
1735,1509
1735,865
1735,2049
1735,2078
1735,2053
1735,2123
1735,1591
1735,2052
1735,2084
1735,2388
1735,2054
627,803
627,1090
627,652
627,1978
627,1980
627,1982
627,1728
627,1744
627,1307
627,1686
627,1620
627,1655
627,2211
627,2271
627,2317
627,1461
627,2331
627,2303
627,2351
627,2364
627,2362
627,2375
627,2363
627,2389
627,2305
627,2377
627,2398
627,2409
627,2383
627,2417
627,2412
627,2418
627,2436
627,2432
627,2408
627,1094
627,1903
614,2213
614,2224
614,2220
614,2236
614,2306
614,2325
614,2338
614,2350
614,2354
614,2364
614,2369
614,2375
614,2409
614,2429
500,63
500,152
500,494
500,758
500,64
500,668
500,574
500,748
500,798
500,262
500,550
500,634
500,263
500,206
500,151
500,145
500,165
500,177
500,67
500,68
500,163
500,69
500,508
500,95
500,291
500,667
500,694
500,54
500,57
500,57
500,60
500,747
500,204
500,205
500,966
500,902
500,1047
500,75
500,73
500,76
500,1036
500,2090
500,1490
500,208
500,197
500,230
500,231
500,249
500,849
500,1433
500,1605
500,1536
500,1664
500,402
500,2176
500,423
500,301
500,1980
500,419
500,164
500,1737
500,1414
500,398
500,1676
500,210
500,1082
500,80
500,1085
500,1629
500,2219
500,2329
500,1404
500,1577
500,1702
500,1767
500,2296
500,1271
500,1524
500,1039
500,1212
500,1778
500,2392
500,639
500,653
500,1076
500,551
500,556
500,573
500,132
500,2424
500,671
500,919
500,1892
500,1094
1670,473
1670,1439
1670,1441
1670,891
1670,1235
1670,1363
1670,1529
1670,1535
1670,1554
1670,1618
1670,1632
1670,1825
1670,1826
1670,1649
1670,1645
1670,1516
1670,1556
1670,1838
1670,1747
1670,1764
1670,2224
1670,1557
1670,1823
1670,2271
1670,2304
1670,1773
1670,2317
1670,2317
1670,2322
1670,2347
1670,2326
1670,1558
1670,2377
1670,2386
1670,2385
1670,2410
1670,2179
1670,2414
1123,1319
1123,394
1123,1341
1123,1560
1123,1609
1123,1616
1123,1662
1123,2185
1123,296
1123,1737
1123,2256
1123,2373
1123,2384
1123,2187
23,1124
23,1870
23,2076
23,1373
23,1885
23,2080
23,2078
23,2081
23,2083
23,2029
23,2084
23,2085
1527,618
1527,1143
1527,971
1527,376
1527,1200
1527,930
1527,1176
1527,1256
1527,1790
1527,1021
1527,1321
1527,1367
1527,345
1527,408
1527,1396
1527,1395
1527,1405
1527,2013
1527,1022
1527,1495
1527,1480
1527,1583
1527,1018
1527,1614
1406,2033
1406,760
1406,53
1406,54
1406,2036
1406,2039
1406,2035
1406,76
1406,2038
1406,2041
1406,1091
1406,330
1406,2040
1406,2182
1406,1077
1406,2044
1406,2046
1406,1080
1406,2047
1406,1822
1406,2051
1406,2048
1406,1862
1406,638
1406,396
1406,2037
1406,1094
863,227
863,1183
863,745
863,291
863,1956
863,304
863,2082
863,306
863,678
863,1424
863,906
863,1102
863,1928
863,831
863,1780
863,1925
863,1370
863,1512
863,424
863,1887
1648,127
1648,133
1648,96
1648,587
1648,493
1648,484
1648,716
1648,610
1648,215
1648,1970
1648,801
1648,1785
1648,100
1648,8
1648,925
1648,961
1648,101
1648,974
1648,1034
1648,1035
1648,994
1648,185
1648,1071
1648,1945
1648,1260
1648,850
1648,1325
1648,1330
1648,1365
1648,28
1648,387
1648,1760
1648,2267
1648,389
1648,2384
649,1335
649,1403
649,1434
649,1510
649,1527
649,1553
649,1606
649,1618
649,1597
649,1626
649,1658
649,1691
649,1699
649,1682
649,1743
649,1760
649,2206
649,2254
649,2258
649,2346
649,1896
598,1096
598,1871
598,1095
598,2140
598,2142
598,1506
598,2137
598,1031
598,2135
598,1872
598,2134
598,1919
598,2136
598,1507
598,2139
598,2138
598,1094
1131,1140
1131,167
1131,1208
1131,879
1131,951
1131,1218
1131,1300
1131,1060
1131,1063
1131,216
1131,546
1131,1304
1131,383
1131,384
1373,2155
1373,1560
1373,1534
1373,1522
1373,1877
1373,84
1373,270
1373,766
1373,1851
1373,1852
1373,2073
1373,1879
1373,658
1373,1906
90,1188
90,1140
90,167
90,879
90,951
90,1063
90,1328
90,869
90,384
90,1107
90,580
90,1022
90,1396
90,1583
90,461
90,1078
90,343
90,2093
90,1756
90,1256
90,345
90,2334
90,2016
1229,979
1229,1121
1229,845
1229,1205
1229,1254
1229,1299
1229,1380
1229,1385
1229,1536
1229,1616
1229,1664
1229,2256
696,1214
696,1271
696,1839
696,372
696,663
696,1538
696,1075
696,1091
696,1491
696,997
696,1552
696,1695
696,1490
696,1433
696,1454
696,1605
696,1706
696,2132
696,1073
696,2200
696,1982
696,2249
696,1922
696,2263
696,2267
696,2317
696,2305
696,2350
696,1125
696,1923
696,2377
696,2381
696,2382
696,1738
696,2370
696,389
696,2339
696,2187
696,416
696,2440
696,1462
696,2412
696,2429
696,2432
