user_id	item_seq
1	715,785,1976,789,557,2452,880,550,247,896,177,839,1977,551,552,556,573,671,163,135,2027,678,707,549,720,732,799,885,1817,1818,725,1194,659,1051,1270,1280,1307,1091,1372,335,1456,887,1517,1073,638
2	663,1979,54,1515,1549,1635,1550,1636,1647,76,638,1741,1742,2307,795,2403,1094,2425
3	678,803,707,90,992,799,989,905,601,898,1817,941,602,975,962,993,607,102,1818,625,1112,1120,1138,1131,626,1215,382,1163,1188,1212,850,1013,1338,103,681,471
4	127,133,221,590,369,707,46,689,261,629,5,629,12,94,250,644,737,724,145,11,1951,1784,527,733,578,774,641,767,769,485,777,287,288,112,989,249,815,852,800,779,788,859,2020,864,354,281,842,289,891,1001,925,870,1034,979,845,994,1045,327,1101,1068,971,1051,1105,343,1157,1021,1098,1550
5	857,2129,730,910,1284,1218,1862,979,1121,845,1219,1289,1410,1001,331
6	600,610,496,598,864,287,757,134,356,453,288,356,137,129,635,641,1256,707,720
7	167,873,879,342,860,728,756,341,897,906,182,698,371,724,370,748,374,144,101,2055,946,875,674,570,977,983,951,957,827,978,996
8	917,1423,1283,1514,1285,1284,1284,1910,1546,1287,1288,1518,1581,1586,1551,2057,1574,1911,1618,1627,1630,1648,1649,1311,1725,1657,1254,1680,1675,1313,1682,1315,1726,1690,2058,1710,1464,1543,1728,1316,1912,1720,1738,1738,2013,1749,1705,1759,1764,2197,1735,2222,2224,2226,2214,2214,1913,2223,2246,1833,2243,1922,1823,2271,2270,2290,1773,2306,2297,2299,1914,2229,2220,2294,1837,1645,2326,1834,2274,2336,2358,2362,1923,2186,2377,2361,2376,2382,2386,2378,2264,1915,2370,2383,2396,2401,2402,2340,2342,2249,2412,2059,2343,1891,2390,1900,1901,2345
9	666,127,133,1957,15,592,587,582,593,583,283,285,636,718,130,249,630,779,829,836,1995,816,887,684,1996,778,837,936,973,927,950,2028,981,944,343,637,915,926,929,935,1054,985,889,1998,1208,1932,1250,1089,1999,947,1295,1239,82,1424,419,83,2001,1433,84,424,420,106,1548,1490,2002,2079,421,425,1313,434,2003,1454,1022,2277,435,1017,2084,436,633,427,2190,2436,2191
10	370,192,1256,925,1104,1236,2443,1190,375,2444,462,376,1336,1363,2445,40,471,2001,84,1441,1554,1024
11	1230,1238,2108,1242,930,1256,1278,1839,1980,957,462,1332,1335,1010,952,1393,1434,1447,1461,1476,1514,1620,1653,1654,444,2298
12	240,804,812,842,1147,1161,2092,349,2172,2174,1333,2096,2175,313,314
13	1158,1136,1859,1256,1845,1272,1279,1324,1361,405,2168,1511,1564,1576,26,1622,2095,1654,1589,1640,1711,439,1767,2170,2284,2365,2390,440,2422
14	119,818,821,827,904,863,914,943,641,968,365,938,322,952,1050,982,323,596,1067,114,343,115,846,1963,1108,237,1187,924,660,569,1237,241,1056,1281,1850,1522,421
15	1245,1212,1786,1423,865,278,216,678,2017,355,736,303,1283,1228,1536,695,402,1092,2082,2001,1998,2034,1845,419,991
16	1779,411,554,1981,357,412,1586,1606,1607,1493,1510,1442,1470,1259,1503,1504,1630,1080,1658,1784,677,766,1743,1270,1665,389,1711,387,406,440,405,439,2373,1905,1094,1907
17	134,740,708,939,739,749,529,617,604,880,881,855,894,840,909,912,967,960,966,964,976,357,625,607,829,1102,382,520,1966,1117,652,1133,310,309,663,797,1167,853,1194,1168,452,1998,1207,1089,1015,1206,1014,610,611,612,1109,378,379,975,1112,1231,1863,311,312,1373,2145,2146,82,1409,1101,1999,1790,1842,372,730,1298,1500,1416,83,2142,2090,906,1121,979,845,278,1095,1541,2002,1882
18	1413,1353,1381,1450,1401,1252,1492,1447,1181,1479,1269,1476,1869,1516,1552,1355,1570,1208,1241,1627,1632,1669,1838,329,2249,2372,1771,1900
19	565,543,89,127,502,504,58,133,224,109,495,576,666,39,545,503,587,245,590,526,528,507,517,258,705,257,775
20	565,545,666,590,268,778,812,994,259,257,597,596,343,186,971,889,1057,1172,1218,312,1250,1017,1272,1295,2146,1321,345,1424,2141,424,1096,425,1506,2137,1030,2277,2134,2136,445,2139
21	458,596,1138,459,1051,377,1272,1304,1305,2106,1333,1344,1346,2093,1859,1367,1229,1380,82,1844,460,2450,1855,2094,1427,1867,1451,1853,83,471,2142,2183,1480,1495,1477,1435,1403,84,1520,1846,1519,1560,2101,2176,1858,1465,1541,2095,1824,2140,1684,2123,1678
22	395,329,1725,1315,230,2216,1705,1316,1985,1749,1747,2075,1285,2226,2228,2243,1771,1823,2270,2290,2321,2319,2358,2362,2372,2377,2385,2370,2400,2436,1891,1896
23	278,305,33,1124,1870,2076,1373,1885,2080,2078,2081,2083,2029,2084,2085
24	3,224,555,127,90,685,198,580,517,696,616,575,726,590,775,268,109,1886,586,453,746,779,790,781,812,240,110,281,269,282,912,1017,2011,2284
25	61,62,63,64,203,67,68,69,1978,1976,1977,1974,1979,1975,2021,202,70,663,71,72,1774,1779,1784,1785,2008,2007,217,208,1271,75,1857,74,210,80,77,78,211,2380,1547,79
26	986,452,1212,1820,1859,1182,1231,1342,1360,1369,1404,1395,1239,1821,1387,418,1334,2149,30,327,328,1018,1233,1524,1513,1274,1577,1533,1561,1882,1622,1599,1598,1633,235,1880,1702,475,1828,1480,2096,1755,1767,2205,2201,1746,1829,352,2105,2238,1592,2275,2273,1830,2329,608,678,707,1819,2451,29,720,732,339,2357,1030,2069,2092,2070,2107,2416,866,985,799,885,1818,1817,1897
27	66,92,960,994,982,290,1056,899,1069,1039,1859,658,1159,344,660,848,1017,1282,1290,1021,1232,1338,1396,1407,460,2450,1072,1867,1468,1868,1641,1640,1824,1666,2262,2016,432,2134,447,433,1906,2410,2188
28	500,581,580,502,503,507,515,507,142,138,483,509,555,565,526,261,517,1931,719,527,696
29	1940,1941,1816,949,1005,1120,1974,1997,2115,1389,1522,647,275,245,566
30	896,1932,801,301,1644,1974,892,1110,979,845,1121,1219,761,906,888,1053,2102,1332,1116,1145,1274
31	582,637,507,616,696,46,244,497,528,629,673,701,1957,221,698,719,600,617,355,175,121,925,937,780,1045,1103,1168,618,296,1217,1213,1281,1326,462,1324,337,1347,1400,1406,513,463,2094,1405,1457,1864,1511,1519,1541,1882,482,1600,1843,1589,2140,2110,1667,1674,1685,1666,1679,2120,1696,1684,1767,1881,2316,389,2334,427,2416,2397,2423,2433,2253,1894,1889
32	1354,1233,821,904,1165,1471,597,1464,150,1789,1788,1551,1543,1486,1548,1555,1868,1846,1496,387,234,235,1566,2065,453,1619,1824,1669,1880,1646,1524,1276,1389,1429,1457,1478,1685,1666,1334,1676,1705,2242,1715,1713,1729,1755,1750,2228,2232,2204,2244,2374,480
33	551,552,556,573,132,671,163,919,145,151,177,1974,1975,1976,1977,1977,557,560,2452,561,135,861,639,558,1778,652
34	38,971,263,2018,849,1008,1536,1514,1866,230,557,695,1049,1402,2452,1306,1819,1284,253,1644
35	178,516,1931,17,1793,864,124,710,15,16,176,601,684,1794,1795,873,882,855,89,88,91,1798,342,610,748,125,364,979,845,1803,912,27,950,597,1122,1139,393,344,1051,1260,1294,1357,1331,237,40,394,1530,633,1022,238,1480,1494,1272,1194,1021,2016
36	3,555,1931,502,504,5,3,545,109,581,127,133,90,499,503,501,515,574,587,637,676,664,245,685,689,496,146,271,4,171,604,624,641,159,166,272,605,141,143,161,528,579,575,702,773,578,1049
37	109,515,245,369,644,689,616,566,12,712,720,939,722,94,600,213,604,271,109,287,559,1886,624,755,771,255,691,799,289,570,382,309,310,116,311,312,1824,414,2138
38	134,137,217,228,258,587,1774,1779,708,1951,257,1784,206,150,589,112,397,510,620,205,525,122,126
39	247,708,549,1066,782,805,822,1139,1151,1162,1181,1184,1185,2056,1193,1186,1227,1230,1243,1241,1252,1269,1263,1278,451,1323,1234,1092,1329,1214,1339,1463,1364,1375,1423,1388,1157,1401,1402,460,1393,2450,1392,1399,1413,1458,1430,402,1461,1452,1438,1379,1542,476,2038,1436,1514,83,82,1539,1288,1540,1575,1620,1462,1547,1590,2145,1354,1631,1608,1653,1657,1686,1578,2058,1082,1716,1424,1710,1733,1744,2197,2213,2149,2236,2249,1913,2240,2218,2274,2196,2317,2325,2194,2255,2369,1923,2361,2376,2389,2264,1031,1032,2402,2409,2342,2411,2343,2059,2429,2195
40	555,565,566,713,527,767,676,833,755,17,800,1932,1934,863,596,2023,1,1,682,530,531,903,570,22,58,981,1060,115,1071,1945,1139,1066,310,309,308,872,311,335,1307,1555,1599,233,1758,490,1756,697,769,1172,2280
41	854,289,356,457,683,918,979,845,980,973,1121,1118,1124,1860,1219
42	264,243,213,214,714,265,1123,263,262,589,12,225,812,584,855,2026,2024,2023,765,842,1959,788,619,856,1644,54,554,181,621,620,189,1147,275,273,276,1133,541,2092,1866,107,2093,2172,258,76,1024,1420,1835,2191
43	213,826,988,186,568,1068,1114,190,1138,205,525,847,1161,1267,1211,1845,1280,462,1277,194,1016,1333,1372,1398,411,513,1825,1871,2095,1711,1872,2201,2232,1403,2267,2134,2284,438,389,2100,2139,1888,480,1907
44	963,1034,907,979,845,906,946,977,984,996,872,789,956,716,750,808,1035,1939,1940,290,994,1941,959,761,792,854,958,1044,1942,631,892,102,1943,1007,1944,568,693,1045,1058,1937,1121,600,839,937,1130,1124,1118,1116,1145,1162,1166,493,104,1179,1184,1199,1163,1174,1181,1201,1219,971,1220,1240,1224,1291,1289,1278,105,2153,1323,1945,2073,1492,535,1356,1040,1274,1366,1530,1552,1486,387,2160,1081,1589,536,1614,1878,1879,2105,2151,601,615,1592,1836,514,1306,1594,403,2165,2166,2167
45	1269,1294,1260,1339,1355,1352,1378,1401,1423,1434,1430,1450,1460,1474,1492,1514,1283,1285,1284,1287,1288,1571,1575
46	1491,1222,1513,417,1551,424,420,1617,1566,425,1670,1402,1312,1685,1314,1084,1416,1497,1500,1499,1436,1693
47	1930,796,109,224,218,578,225,226,830,219,66,522,622,997,623,1967,117,630,627,1012,1026,1027,31,32,33,1466,1028,1519,35,468,36
48	1132,1212,1021,1342,640,1524,1623,1874,1013,1702,2247,2233,2327,1730,2352,2393,2427
49	15,644,546,990,784,989,813,800,493,541,342,823,797,853,454,453,303,924,931,100,101,858,932,304,324,455,1124
50	967,944,171,833,1801,710,1800,1795,162,287,289,288,356,160,161,169,170,168,176,173,178,497,912,1797,1799,1804,1798,1966,90,174,300,299,320,356,594,599,617,616,1967,747,89,91,88,103,681,321,855,947,1004,1806,1997,307,643,651,994,1968,590,1814,1813
51	117,658,1161,1859,1182,1059,1860,1138,1208,1215,1209,1219,2092,198,866,1041,1042,985,310,312,1175,1221,1256,1272,1021,1250,1295,2145,2146,1324,2147,2106,1333,937,2104,2144,1290,1360,1367,1380,1395,1398,2143,1424,1424,1867,1444,1022,1842,2142,1479,1480,1495,1494,1865,1511,2168,2141,1868,1136,1537,424,1570,1095,1096,1600,1622,425,408,2140,1824,293,294,1669,1667,1576,368,1506,2257
52	245,284,12,708,283,616,285,617,771,286,800,110,899,596,903,842,812,936,651,1959,613,1109,1119,2104,994,1996,1859,1127,779,1229,238,971,490,1015,40,2106,335,82,1022,1018,1017,83,1495,1083,1755,1019
53	1974,248,1927,260,979,845,1121,695,1183,1227,1337,668,1508,1526,1723,2293,2229,2283,2324,2348,2371,2360,2381,2395,2407,2419,2428
54	273,1315,1375,1274,2267,1466,1770,2249,1738,1592,1928,2350,2306,1585,2372,389,60,2440,2432,1612,1891,1898
55	320,947,911,1004,994,1070,1067,321,1131,383,1012,1015,1242,1845,1290,1347,1373,1384,1420,1233,1453,1870,1519,2101,1530,1541,1465,1885,1882,1525,2067,1598,467,1871,1545,1880,1580,1506,2440,2137,2185,1684,1753,2442,1883,468,2135,1872,2198,1678,1732,2151,1881,2227,2134,2302,2136,2300,469,2287,2070
56	495,555,88,129,565,635,89,87,90,109,515,504,576,616,674,497,545,496,604,705,585,600,507,744,133,617,733,581,592,218,825,249,777,457,772,696,632,110,287,288,571,752,664,685,832,86,836,529,769,864,897,916,570,597,596,994,543,609,186,985,930,125,821,904,1003,1114,643,826,237,651,654,1109,1165,1173,490,1208,452,1176,1256,1021,1367,1373,386,1853,1022,1495,385,1524,1418,1303,387,1344,388,1652,1667,1711,2267,2260
57	830,999,696,752,343,344,1122,1161,1051,1267,751,1120,1154,288,289,804,1104,1236,1217,352,238,376,1051,2011,1143,459,337,1338,293,294,239,2012,345,1103,1993,779,372,1844,490,1417,1427,513,1853,1018,1017,1412,1865,1854,2126,1544,1466,2446,1614,1880,1663,2098,1692,439,445,433
58	710,550,1805,1812,938,378,452,1217,1839,1002,797,2103,1346,1463,1115,424,1424,425,2159,1947,1945,1946,2163,2164
59	687,710,1793,1795,871,1798,1794,166,915,921,926,1796,1801,1802,1803,1799,1804,783,1054,1953,1954,1955,1857
60	1460,1343,1403,1477,1416,1497,1436,1500,1499,1285,1284,1415,1517,1291,1540,1581,230,1586,231,232,399,400,1618,1649,1563,1629,1660,1769,1661,1680,372,1676,1825,1826,1536,1616,1664,521,2219,1737,2256,1327,1383,1441,1554,1556,1557,1141,1411,1558,81,2378,1833,1722
61	140,575,825,172,797,457,1123,812,313,868,181,780,2027,899,101,953,927,948,316,1044,277,507,505,1147,1138,314,274,1033,889,378,315,1197,1477,1493,1308,1715,2251
62	587,590,616,690,629,4,90,641,593,606,596,1798,566,597,607,568
63	1515,1549,400,1635,1664,1550,1636,1647,1718,1918,1737,1731,1643,1762,1763,1741,1742,2307,2308,2309,2310,2311,2312,2313,2314,2315,2403,2404,2405,2426,2425
64	5,87,88,90,495,503,15,664,685,566,629,245,616,503,90,617,129,635,641,760,691,806,1958,516,741,91,832,567,900,183,2131
65	1183,1689,738,1913,2240,972,2271,1680,2272,2145,2333,2286,2147,2146,2293,2297,2196,2303,2229,2319,2283,2321,2331,2326,2325,1441,2324,2338,2351,2354
66	833,50,949,27,979,1034,845,932,854,1045,102,1124,1070,925,456,1368,554,302,1868
67	129,713,496,629,584,558,714,690,767,721,597,982,765,751,842,804,633,452,1367
68	515,864,86,994,92,870,925,1120,2061,543,609,1220,507,971,2011,826,369,1321
69	819,287,288,1971,278,864,111,212,823,1815,1306,837,303,27,125,101,969,1997,1052,1941,1942,360,1071,1945,1149,1173,1947,1326,1273,231,1341,1924,337,1359,82,419,1235,1523,461,394,1637,1672,1560,1901
70	658,782,805,822,541,541,541,552,132,671,163,639,793,1501,1503,1504,1565,1568,138,1422,1442,1470,1493,1510,1508,1527,1553,1606,1258,1607,1626,1259,1264,1658,1691,1699,1743,2206,1376,479,2254,2258,794,31,32,33,34,2177,200,795,2191
71	727,1144,378,1212,335,1132,1262,1234,1293,1333,1342,1345,1357,1841,1404,1097,410,1475,2142,1524,1481,1577,1010,234,1633,2140,1654,1506,1702,2137,2132,2133,1766,1767,2135,2209,2250,2247,478,2302,2329,1032,2355,2357,2070,1712,2416,2427,480,1897
72	52,158,720,268,834,39,617,246,225,833,613,943,754,249,1045,1069,54,1134,1017,1209,2446
73	939,1970,299,300,881,1973,92,912,967,994,826,1108,843,1045,595,627,452,585,237
74	496,571,495,570,1100,597,994,995,693,567,568,1049,1177,1056,1128,1191,1426,1192
75	604,778,799,605,630,1972,17,692,342,885,596,180,183,1045,431,25
76	780,541,810,374,974,651,983,654,744,2443,375,1220,105,1279,1190,1303,86,1140,513,1855,1445,1874,1536,2384,1825,1455,2393,2253,1729
77	68,69,305,202,70,71,72,73,208,75,74,210,80,77,78,211,79
78	129,108,600,218,507,744,641,624,493,1961,601,571,859,781,8,100,288,289,918,666,708,953,965,1231,453,1158,520,1389,1059,309,1860,1865,2141,1868,1569,2014,1096,2184,425,2140,1824,277,2119,2117,2121,1506,2185,2137,1616,1828,2105,2101,2186,2277,2134,1830,2136,2300,447,2187,2107,2139,429,2431,2138,1893,448
79	582,1033,356,287,928,1941,1942,1944,357,1012,627,1163,1193,116,1217,1212,2108,1256,366,2104,365,459,1266,1274,1279,1303,1326,1231,2106,1330,1945,1013,1342,1344,1367,1404,460,2450,1400,82,1389,1405,1867,1429,1447,1074,1842,1457,864,1440,394,1478,1233,1487,1496,1509,1511,1870,1524,1868,1519,1537,424,1577,1882,1615,1614,1598,2140,1667,1663,1674,1685,368,1506,1652,1702,2137,426,1883,1703,1767,1768,2135,2105,1881,438,2267,2276,2134,2260,2316,2329,2136,2352,2357,389,2069,407,2107,2397,2416,2421,429,2071,2139,1894
80	503,285,732,286,637,605,799,608,692,797,649,678,691,853,606,865,1995,791,567,712,807,1996,914,284,283,503,501,624,566,136,657,693,940,1817,502,607,790,1002,1038,568,625,1818,1137,1819,626,1167,310,309,1124,1820,1210,569,2144,1369,1547,2140,1650,2230
81	224,90,666,526,583,582,629,515,664,685,682,245,369,590,528,261,695,15,616,529,134,137,139,566,696,264,600,737,717,744,90,578
82	114,912,891,172,597,2060,1050,1068,1048,1020,115,1118,1963,1120,1106,1957,1147,327,1167,241,1463,967,1403,1842,1853,1522
83	766,1791,1792,710,1785,1241,1251,2103,743,1306,1416,1285,1288,1240,2160,943,2161,1683,1619,2214,1884,2010,446,2378,2349,2165,2166,2167
84	3,496,4,565,605,630,453,787,119,571,854,606,596,531,566,607,625,936
85	320,823,288,289,812,782,287,181,947,1004,865,109,1151,2017,2019,2018,2068,934,930,1056,2062,663,253,255,452,216,695,727,761,600,601,615,791,322,708,749,894,764,1230,1218,810,597,182,728,756,123,124,1209,349,833,356,308,1256,1040,1086,237,238,994,1043,1109,790,757,1222,797,853,940,1255,712,807,898,1012,1253,229,495,1815,490,893,979,845,133,937,748,418,870,831,851,2142,1646,1711,1341,387,1212,1702,1254,1693,2212,388,2267,309,1480,1570,1669
86	600,146,159,527,264,265,601,609,788,289,11,359,125,938,1781,618,1225,870,462,1321,2011,231,1347,1417,2126,1511,1949,1072,1756
87	1341,1359,1404,352,1408,956,1523,1559,1609,630,1614,1672,1702,439,439,1767,1073,2169,440,441,1905
88	686,542,544,667,703,695,292,131,675,559,1777,715,785,247,896,1815,2007,864,1052,1113,375,1071,878,956,1146,1151,1141,891,1007,971,2008,1340,1536,1486,1555,1737,346
89	321,2148,1316,1786,2200,2214,2243,1833,2270,2151,2303,1827,2331,1834,2351,2364,2355,449,2382,2150,2398,2192,415,2340,450,2343,2412,2413,2410,2432,414
90	297,1119,1172,1188,1140,167,879,951,1063,1328,869,384,1107,580,1022,1396,1583,461,1078,343,2093,1756,1256,345,2334,2016
91	120,2168,1865,2121,1870,1519,2029,417,1466,1569,1574,51,1585,1567,1577,482,1612,2437,1615,2095,1917,1871,425,2438,1081,1640,1654,1646,1822,2080,1677,1668,1687,1697,1688,1916,2120,1702,1712,2441,1745,2442,1767,1703,1750,2123,2110,1872,1884,2235,2113,2233,1225,1613,438,2227,2259,2244,2292,2298,428,2337,1835,2387,1894,2427
92	43,553,152,494,247,397,1962,1950,373,760,937,1250,327,328,1956,264,237,330,349,398
93	1571,1575,2057,1620,1653,1183,1686,1317,1700,2200,1761,2213,1757,2236,2297,2301,2332,2366,2363,2389,2368,2383,1895
94	129,635,616,146,604,689,159,641,216,640,364,597,327,328,1859,1548,743
95	1502,1869,387,1635,1686,1636,1647,1713,1718,1317,1766,1764,1815,1525,1643,1762,2245,481,1665,1763,1884,1678,2247,2233,2239,1833,1359,2255,2261,2267,2282,409,1276,2212,2142,1536,1616,1732,2134,1466,2329,1834,2136,2335,475,2347,1920,2355,2372,1045,2357,2256,1060,1288,1715,389,2307,2386,2384,446,2100,2373,2308,1881,2069,2309,2310,2311,2312,2192,2313,2391,2314,1906,2315,2403,2404,2427,1894,1888,2405,2426,2425,1907
96	2023,180,855,155,827,2027,566,361,183,919,856,18,693,607,1978,814,959,1047,568,625,1818,54,674,725,1133,1979,1134,1124,626,452,2089,1280,2086,2087,1195,2088,46,48,47,122
97	1948,1274,2153,1332,304,2154,1366,2155,2157,1932,2158,1537,1530,2159,642,1701,2276,2163
98	504,566,11,637,593,251,255,220,249,630,218,609,252,359,889,590,452,1021
99	1,58,90,666,261,697,507,517,701,698,721,109,218,527,528,744,1961,457,864,994
100	566,712,143,939,112,496,600,784,86,804,790,987,852,50,240,854,776,313,540,193,868,961,181,932,953,958,1034,979,845,1000,1035,184,1044,1045,993,1101,1121,1204,1124,1157,1167,971,1214,1261,1269,1263,1327,1355,1383,1369,1431,1492,1489,1604,2091,1573,1229,1621,1659,1212,1673,1751,2210,2261,2234
101	592,724,264,718,605,630,6,1123,601,615,454,1100,856,995,1139,1248,1326,1884,2171,480
102	346,1467,1147,1516,1854,1846,1022,1280,1407,1990,2101,1571,1575,1465,1627,1858,1459,1384,1704,1753,2220,2145,2260,2203,2071
103	495,90,545,15,198,369,546,587,637,706,1775,2217,701,699,12,566,712,264,496,734
104	1474,1476,1493,1278,1283,1514,1518,1516,1285,1469,1284,1535,1552,1472,1286,1539,1423,1287,2055,1288,1551,1546,1582,1540,1571,1572,1309,1329,1352,1601,1769,1627,388,2437,1566,1620,1632,1631,1310,1433,55,1570,1649,1312,1619,1314,437,1578,1675,1708,1707,1710,1722,736,1316,1736,1686,1706,1315,1705,2211,2215,1744,1653,1151,2228,1757,2224,2231,2254,1833,2241,2220,1735,2258,2236,2243,1764,1771,2248,1770,2268,1772,2282,2270,2289,2290,2304,2295,2297,1834,1837,2335,2347,1357,2325,2354,2083,2382,851,2386,2084,2264,2370,2376,2402,2411,2375,2389,2341,2412,2410,2085,1693,2343,2340,1891,2434,2342,2345,1902,1896
105	2109,663,1316,1736,1759,2213,2208,2226,2236,1400,2274,1837,1770,2361,2389,2411,2412
106	41,42,1353,1381,1026,1027,1603,1434,335,410,392,1604,1628,1611,1659,1661,1701,1753,2210,2211,444
107	889,1057,1295,1208,1305,462,1847,1351,460,2450,82,1406,463,1424,459,458,2075,419,1916,1420,1487,2109,1453,2126,1846,1418,424,420,1519,1858,1465,2014,2079,2127,467,421,1545,425,2438,1652,2080,2098,1580,1704,2078,1602,426,1642,2128,2111,2097,1032,2197,442,1593,1678,2099,356,1595,2278,2181,1920,2069,2100,436,2107,2422,2266
108	392,1098,1376,2119,1442,1482,1374,1074,1422,1235,1367,1510,453,456,1495,2117,1607,2048,2095,470,475,2254,1667,2258,1274,2225,2406
109	1977,91,153,154,157,158,164,222,361,1977,362,902,1047,1979,1133,2089,52,53,2090,2086,1982
110	743,1805,1198,1185,761,1175,1280,237,238,1981,1319,1339,1350,2144,239,1379,1138,1399,1438,1424,2013,1336,1495,939,1286,1548,387,1623,1917,1669,1667,423,1707,2132,1739,2201,2135,1919,1637,2267,2186,2134,2336,2329,2139,1507,2136,2397,2433,1730,1921,2188,1888
111	136,600,792,86,216,812,1123,601,270,728,761,457,742,768,838,854,923,828,912,903,979,845,912,343,981,186,971,1121,1107,190,1143,1012,104,458,1787,296,1211,1220,1188,224,578,579,622,623,1445,461,1522,1534,317
112	503,39,483,502,1775,2217,1931,10,503,486,580,587,590,515,683,198,484,506,670,566,716,213,495,214,604,218,731,610,58,268,586,485,142,138,509,537,538,852,541,541,539,809,594,187,188,192,15,16,17,109,110,497,585,598,614,596,589,113,92,595,13,246,570,114,952,102,258,257,2449
113	1280,229,352,1273,2106,1331,1341,1345,1354,1357,1359,1841,1863,1336,1365,408,1380,1397,1408,1421,1225,1867,418,1451,1449,413,1074,416,1460,1469,2142,1475,1479,386,1499,1495,1487,1283,1514,2126,1523,2141,1386,1477,736,1286,1287,1288,1551,1546,1026,1027,424,1532,1555,1570,1559,1582,1579,1524,1586,1095,1576,1597,1096,234,1609,1623,388,1566,1615,1614,1028,1843,2174,425,1651,470,1617,1649,1639,1236,1655,422,1669,2140,1677,1672,1687,368,1315,1704,414,1838,2128,1705,1714,2242,1708,1645,1711,1712,1740,1755,1758,430,1766,2201,2205,1750,2135,2228,2230,2245,2233,1765,1833,2263,2238,2268,2277,2151,2270,444,2290,1827,2298,2330,2365,443,2376,2379,446,2125,2393,440,407,2401,427,2340,2416,2387,2422,415,1905,1899,2434,1894
114	735,1886,777,294,13,454,1068,1782,1170,633,213,488,1441,1554,472,1556,1558,1297
115	246,810,780,218,219,784,852,539,789,223,1969,1970,1971,828,348,493,495,5,819,835,854,637,637,839,496,740,739,840,100,892,2023,862,776,858,1374,961,837,878,181,925,931,836,932,939,958,906,962,728,756,977,946,1034,979,845,996,1044,1101,957,1111,182,1124,1214,1210,1249,1269,1263,1301,1281,1271,1323,1190,1355,1344,1343,1450,1460,1492,1874,1511,130,1570,2091,1597,1875,1669,1363,1705,1681,2336,1897
116	113,266,805,1788,615,874,289,356,870,383,873,951,455,983,534,1279,1297,231,1411
117	583,673,243,708,722,707,582,636,797,809,883,900,1008,2104,473
118	490,1174,1208,1209,1411,383,384,1018,1022,1512,1483,1534,1502,1519,1874,1232,1495,1554,1541,1256,1562,1561,1825,421,1634,1667,1674,1556,434,1711,1684,1760,2110,1019,1836,2186,2273,1730,1830,2393,2420
119	874,874,886,901,356,915,921,926,929,1009,934,1054,922,842,1334
120	158,136,515,265,1781,286,605,815,1785,829,222,594,710,854,2020,884,842,1795,873,1797,606,855,289,2030,567,181,1799,361,1800,969,611,602,455,2028,607,1997,184,1044,1045,1051,117,116,1819,1014,1179,1998,841,376,1015,464,1373,1863,2176,2225,2406,2190
121	1949,1932,1933,1934,1935,1938,1936,2153,1274,1228,1924,1916,2109,1534,1513,1536,1885,2079,1616,2127,2110,1664,1831,2080,1084,1918,1721,1737,2081,430,1671,1919,2256,2296,2300,1595
122	672,1784,522,688,2020,842,541,524,1051,838,2021,1125,1122,349,2022,1208,308,1305,1372,1825,409,1652,1717,1748,1418,2260,772,2410
123	711,710,1022,930,1869,1412,1482,1377,1548,1481,644,317,647,970,1511,1851,1674,1083,1667,649,389,2390,2423,2068
124	2121,1233,1495,1509,1511,2141,1338,1443,411,842,424,1574,1564,1095,1096,420,2014,1612,1406,419,1614,26,1843,1440,425,1625,2140,1880,1663,1292,1578,1506,1666,2120,1667,2137,1025,475,1696,1720,25,2096,1642,1916,1917,1918,1756,2160,2135,2123,1919,309,312,310,311,2144,2016,1049,1192,1426,2277,1698,1757,2134,2175,2095,889,1057,2161,2162,478,1616,2136,2010,2316,2352,1920,1083,2099
125	1100,570,1119,1049,458,834,633,1160,626,571,459,1177,1217,943,1191,1229,1960,1021,343,1247,1192,378,1128,1334,345,1338,1190,1426,1483,842,1187,1303,1344,869,1266,1022,1548,1846,460,2450,1427,1729,2198,1881,421,434,1209,2069,2391,2070,2071
126	930,1274,1021,1949,633,595,627,378,2154,2155,2156,1444,1022,1468,2157,1479,2011,2158,1854,2159,2160,1600,2161,1745,2162
127	1416,1251,1437,1436,1499,1535,1285,1302,1649,1631,1876,1312,1314,1734,1707,1739,1744,1317,1700,1764,1766,2208,2222,2218,2236,1686,2240,2241,2281,2249,2272,2289,2282,2295,2305,2291,2301,2328,1834,2353,2368,2366,2264,2389,2448,2393,2339,2411,1915,2233,2327,2430,2412
128	2029,2101,1513,1599,1021,56,1619,1677,1451,368,1693,1506,1687,1404,1633,1852,1692,1711,2242,2267,2280,2357,2386,446,2431,1907
129	557,2452,90,824,350,881,863,678,707,720,732,799,914,566,934,183,1817,351,356,103,681,1070,1818,1180,236,1139,911,116,279,624,748,937,14,147,264,287,360,542,596,674,719,728,746,831,865,904,947,950,1004,1003,1110,959,1983,1819,229,245,952,418,1994,1839,1842,1165,680,658,1299
130	109,1339,1341,215,1523,1555,1559,1536,1582,387,388,1464,1543,1672,1870,971,1220,1445,1256,1514,2268
131	134,137,139,150,529,575,287,288,175,355,636,637,637,610,601,515,812,809,707,720,732,799,832,571,761,749,854,811,777,788,804,584,109,354,752,830,894,873,643,617,454,1983,127,133,167,180,733,879,566,566,624,937,951,651,1053,1059,2104,1144,1859,1212
132	1373,1825,388,1917,1641,1640,368,414,1918,1676,1711,2128,1701,1717,1737,1985,521,1986,442,2219,1748,2232,1765,1833,1987,2256,2267,2262,2127,2152,2300,1834,2335,428,514,2361,2382,2378,2100,2384,2388,407,2391,389,2192,1988,415,1906,2410,2424,2431,2427,1892,1893,1989,2434,1921,1888,1907
133	1038,332,1212,2130,1646,1677,1709,1829,1828,2292,1830,2387,429,2422,2374,1897
134	90,159,559,1777,511,242,1784,1785,217,228,1774,1779,1815,944,519,518,928,1783,761,792,854,958,1006,2007,1045,103,681,1044,1950,1866,493,1185,100,101,102,104,979,845,1121,1111,2008,1252,1263,892,1269,1339,1460,1477,1517,1539,1540,1374,1385,1681,1130,1201,2073,1190
135	1514,1518,1516,1535,1575,2057,1601,1627,1620,1632,1725,1657,437,1686,1689,1726,1315,1708,1744,1736,1764,1735,2215,2226,2214,2236,2252,2268,2272,2289,2295,2350,2378,1915
136	982,363,1127,528,39,846,1963,1964,1161,2092,2093,280,401,2119,1083,1200,1703,1842,2175,1870,1871,2121,2352,1322,1844,59,628,1016,569,2094
137	1930,131,675,715,785,896,922,1118,1166,1199,1214,910,1113,1249,1302,1340,1362,1419,1011,1116,1145,1857,1111,1157,1482,299,300,320,321,1415,1670
138	271,538,539,313,16,41,289,455,495,968,1001,290,1045,456,1162,374,1280,229,195,464,191,1908,2225
139	649,735,58,138,245,499,500,566,580,555,369,213,453,819,610,792,630,854,590,719,541,677,657,958,743,1040,1044,1124,1210,1369
140	566,565,604,705,90,515,743,593,666,697,769,600,249,724,601,287,288,615,571
141	668,69,205,70,72,73,71,207,152,494,489,75,262,209,31,2182,33,77,34,78,36
142	755,761,819,1086,1961,647,773,243,779,792,175,810,800,1933,781,826,1932,1934,2024,2023,729,854,872,1935,842,1936,2025,878,355,642,778,903,586,657,953,958,925,970,980,996,994,1939,1940,342,1941,1044,890,1942,1943,1944,1045,186,971,1103,1109,1120,999,1119,1115,1945,2010,662,1124,1946,1194,1159,1225,1274,1281,1530,1537,1701,2276
143	356,1798,356,879,951,1804,966,1807,1814,1013,375,374,2443,2444,2445,1916,1849
144	1205,1061,311,1298,1924,1588,2118,2114,1228,974,1351,1926,273,1420,319
145	88,515,584,590,502,593,39,495,641,749,580,249,288,775,289,842,889,903,826
146	640,1937,597,1939,1940,1941,1942,1943,1944,1065,1119,1945,1946,1172,1159,1947,971,1220,1948,1949,2155
147	2032,2035,2036,262,2039,2038,2042,2041,2040,2043,2048,2045,106,2044,2047,1822,2049,2033,2051,2081,2050,1593,1591,1992,794,1596,2052,795,2193,2054,2037,36
148	1969,240,519,851,2030,951,122,1140,1168,296,1839,1353,1381,1235,2048,1638,1670
149	87,97,93,720,732,134,137,139,707,150,594,103,681,1818,1027,1026,1028
150	249,704,817,826,894,888,65,66,2009,610,359,969,974,611,994,1940,1941,1942,1053,360,1943,1944,103,681,976,1945,2010,1946,1173,1200,1947,1211,2102,2011,230,462,231,2103,505,1016,2012,1290,1863,1103,1015,1373,232,82,1072,2013,1468,399,1864,1502,1846,1868,1418,1858,387,2014,1641,1640,1652,1824,2015,1084,423,1711,1719,1435,2232,2105,2262,2016,2267,2175,2275,2284,2273,2260,1595,447,389,2399,1906,2431,2433,1888,1907
151	243,553,668,725,557,2452,43,247,547,242,550,291,262,152,494,723,838,674,695,672,966,889,1644,2086,1102,1927,1306,892,338,287,736,1263,1135,913,130,2027,1815,134,1998,950,908,145,266,740,979,845,858,2082,730,1490
152	1371,1387,1842,1444,1495,2446,1667,1674,426,479,421,478,2316,2352,2388,436,2397,2423,2427,480
153	670,506,1775,2217,722,600,734,990,673,700,732,218,11,751,245,566,624,763,834,128,617,264,992,131,485,636,145,151,165,758,518,778,216,791,1930,1974,1975,810,989,287,288,630,790,820,47,48,601,453,571,519,668,796,590,119,783,574,371,884,370,698,530,860,677,766,818,2024,2023,2025,815,289,882,708,749,894,905,615,893,454,260,179,786,581,299,300,531,918,871,743,806,900,954,487,1782,914,774,859,949,148,149,1050,644,297,279,1996,1158,2017,2019,847,1151,937,1059,86,712,831,1064,980,1036,1302,1190,735,1849,1010,346,1496,2199
154	990,991,282,934,1815,905,2060,1816,1070,15,1139,1194,1185,2056,1252,1949,1339,2063,1517,1631,1764
155	1586,1309,1633,1649,1911,1081,1645,1550,1702,1706,1724,1752,2200,2322,2326,2329,2178,2179
156	61,62,63,278,64,99,70,202,71,1990,326,2082,2074,2077,2075,32,2080,1991,2081,77,1593,1992,78,2083,2084,1642,2085,480
157	1549,1635,1550,1636,1647,1718,1731,1643,1762,1763,1741,1742,2307,2308,2309,2310,2311,2312,2403,2404
158	908,166,1796,909,1800,1799,1792,1798,1794,960,974,1802,979,845,1804,1806,998,1121,978,493,1105,1155,456,1215,474,1205,1998,1190,1385,1289,105,2443,1303,1001,1293,1330,1362,1353,464,1231,1410,1415,402,2176,413,1469,1532,1725,422,437,1726,1579,1727,467,1345,1751,2110,468,2219,2255,1637,2233,2261,2113,2323,2006,449,2373,403,2391,1638,1138,2190,1899,2191
159	287,767,1961,778,777,288,272,788,1815,891,125,942,1119,1048,1467
160	706,1123,923,179,260,786,791,172,487,796,801,974,917,865,1038,363
161	1467,335,1855,1425,1874,86,2091,2145,2140,2147,2146,1190,1303,1344,1506,2137,1447,1712,312,2135,2151,2134,2136,1507,2393,2139,2138
162	941,972,511,512,658,660,1182,451,1217,1266,1298,1242,1224,1250,1307,1325,2145,2146,2147,1331,1093,1348,1360,378,1394,1400,1405,1461,1452,1511,55,1614
163	50,905,914,1126,236,454,1150,456,510,792,854,126,841,73,496,570,1177,1924,1389,1853,1587
164	507,245,543,46,566,939,214,268,610,285,797,790,923,189,1200,1190,1303,295,1372,1863,1855,1874
165	736,1492,1515,1445,1434,1288,1875,1618,1549,1649,1876,1550,1690,1675,1643,1762,1763,1741
166	912,1966,307,1055,1241,1194,1304,1375,1375,1392,1394,1348,841,1433,1434,1461,1514,1620,1608,1675,1686,1744,1706,2220,2389,2342,2412
167	495,39,216,546,664,666,502,245,515,714,271,712,145,610,721,772,778,812,387
168	496,680,716,146,166,178,1791,710,1796,1804,162,160,161,169,171,711,710,1806,1800,1797,1812,1814,452
169	287,288,356,704,383,1062,360,87,826,864,994,1045,590,384,1274,230,1190,1303,1344
170	564,725,557,560,2452,547,561,135,861,550,551,552,556,573,132,802,966,145,151,165,177,508,278,1061,307,856,1977,742,768,747,902,975,1112,915,1978,2017,2018,2019,889,355,1142,1148,1149,1195,175,354,356,782,805,822,42,1043,1332,107,304,108,1401,1428,1925,1437,1438,1075,663,1793,197,329,1542,1586,1288,1618,1389,1429,1628,2110,1682,1912,2075,309,2145,2146
171	1380,1403,1418,1467,1512,1713,296,1760,994,1729,481,2127,2128,2245,2282,2260,2284,2316,2267,2251,2134,2136,925,2365,389,2189,2373,446,800,2232,2397,2171,2433,1888,1907
172	555,3,582,10,109,583,221,515,245,590,528,134,137,198,220,664,685,566,575,250,641,226,252
173	1183,1689,2216,1716,1722,1316,1724,1723,1736,1749,1698,1752,1747,1759,1761,2215,2202,2218,2231,2223,2240,2252,2221,2226,2243,1823,2213,1772,2272,2270,2293,2297,2303,2286,2283,2331,2325,1837,2324,2338,2351,2354,2364,2360,2371,2369,2381,2370,2402,2395,2407,2419,2428
174	356,862,1974,216,991,842,838,452,337,1348,1319,334,549,2145,424
175	1002,20,19,365,366,662,1124,1137,833,2114,1152,2116,1167,658,367,1014,938,1161,1203,1131,1194,1217,1188,2117,1998,2092,637,745,1109,1229,1015,637,1242,1845,1089,1248,1999,1322,1231,1354,1361,1367,408,1371,1400,2119,2173,1424,1842,864,1440,2142,1478,1233,1487,1496,1877,1870,1522,1498,2121,1528,417,1562,424,1567,1095,1576,1882,2095,1600,1615,1598,1843,1624,388,1655,1880,368,1711,1484,2003,1715,665,426,1277,1768,2212,2135,2004,2230,2198,2239,479,2267,438,2259,2005,2302,2323,1178,428,339,2069,2388,1486,2373,427,2071,2427,1893,1888
176	257,259,138,142,509,549,655,452,653,42,191,196,1076,193,1080,1085,638,1595,1094
177	495,504,1086,288,1969,717,119,313,778,289,870,983,2060,1056,712,1120,1108,1267,376,1544,1038
178	181,1599,1624,1634,1640,1674,1031,1083,1704,1692,1711,1524,59,1719,1985,1745,1729,1465,2203,1986,442,479,1987,425,2262,432,2284,2275,2273,2285,2316,381,389,2399,2391,1988,433,1904,1906,2421,2410,2431,2427,1888,2414,1897
179	348,587,854,864,978,996,375,928,953,963,117,1127,2061,532,844,1145,1130,658,660,2443,1173,1201,352,1190,1240,390,1221,1261,1291,1326,462,1293,404,2063,1120,850,464,1995,1383,1857,1411,2073,1403,471,2001,1489,1502,1874,472,1703,1879,1827,389,403
180	504,515,244,590,264,587,600,123,243,265,717,767,293,864,596,863,2026,644,545,2028,1125,633,903,1056,1021,1128,1234,302,345,1098,1495,2126,1078,1522,1200,1674,1122,2284,842,2316,2175
181	356,495,287,288,1010,842,1051,496,571,343,804,870,983,1049,109
182	453,506,600,767,1086,777,760,989,271,272,797,838,652,647,790,792,299,810,800,789,511,512,1934,609,1067,280,589,50,91,370,601,588,615,851,872,263,262,397,608,111,294,764,835,839,530,540,816,858,860,866,867,879,883,1935,1995,172,281,300,8,6,7,66,298,837,852,855,861,342,869,876,259,818,881,303,454,531,612,887,961,1938,924,1996,1983,365,987,182,900,17,595,759,827,853,854,923,899,940,374,579,875,932,946,947,457,951,349,941,611,366,455,952,304,963,979,986,993,845,114,212,309,631,1002,1039,1044,2031,623,375,1070,115,382
183	58,670,732,731,501,803,812,286,987,280,804,543,609,1067,761,268,130,281,269,712,807,356,596,1983,842,359,358,816,924,797,943,649,994,866,985,843,1141,22,1122,1115,260,452,678,312,1272,504,576,181,1949,1937,1051,1368,1959,1958,1022,614,1343,1477,1815,1098,477,540,196,2234,366
184	577,90,1779,137,15,708,497,112,722,585,1778,939,287,151,991,834,216,453,598,95,786,610,1123,821,2017,2020,797,177,552,163,661,642,1817,270,964,854,958,455,336,843,1818,2021,653,1819,1318,396,1980,2143,1075,1613
185	90,109,90,159,802,48,246,175,288,601,615,748,798,354,945,587,619,103,681,1056,975,1112,1202,1274,230,231,232,1366,1072,399,1453,1513,1190,86,1303,1344,1846,1858,400,1447,1615,130,1640,2110,1697,423,1702,1874,1875,1876,2197,1678,2113,444,2262,381,1893,2112,1907
186	1966,1968,1202,834,452,1933,1934,363,897,1304,338,352,1280,657,2155,1295,227,2126,1704
187	244,335,1212,1342,1069,1404,1345,812,410,1144,1524,1577,1633,1702,1511,1746,1755,1767,2205,2201,2397,2423,1897
188	1526,1572,1723,1754,2221,2293,2283,2324,2348,2360,2371,2395,2402,2419,2428
189	595,933,953,597,955,186,1029,1056,1119,2010,633,1152,848,1021,340,341,1367,1176,1495
190	750,760,632,1961,797,172,630,815,601,833,852,17,111,263,816,860,342,853,454,908,914,1983,928,900,931,835,1996,22,947,364,455,324,986,993,1997,20,653,1069,1204,1180,1130,27,1859,456,655,367,1042,1167,1887,1131,2033,1203,841,656,335,451,2034,1089,23,1999,1234,1231,2066,1013,1354,1349,29,2451,464,460,2450,82,2073,2000,1447,1842,30,83,1076,1498,1511,1548,1569,1882,1083,1883,1703,2069,2070,403,2265,2071,2427,2188,2072
191	970,371,2091,1826,1589,829,973,1179,1528,1534,1613,1711,2259,1640,2262,389,446,2100,743,2406,1906,1893,1888,1907
192	686,1774,788,2020,289,130,777,1784,1785,796,182,1973,1952,1783,86,801
193	1033,547,152,968,551,671,919,710,1804,162,160,161,169,170,168,171,174,176,173,178,711,710,1800,1797,1795,1801,1805,1806,1792,1803,1794,558,1778,639,653,1796,549,650,661,679,1776,333,1174,1132,1261,1924,1384,1383,1431,1489,1252,1573,1621,1673,1869
194	1794,146,159,162,160,166,161,169,170,168,171,176,173,178,566,604,624,605,711,710,716,811,808,1791,1793,1792,1934,1933,616,617,453,1932,1974,1795,872,371,370,670,1797,506,174,734,763,820,1798,454,1799,918,1796,1800,1801,1802,1803,455,1938,1804,1805,1806,1942,1940,1943,1941,1939,1944,1807,1045,1808,1052,87,1810,1811,1945,1812,1153,1158,456,906,1212,1813,1205,1229,1226,390,1154,1845,1048,1262,1255,1261,1291,1298,1294,1304,1300,375,1026,378,1303,2145,230,1302,614,462,2146,835,2031,231,379,1231,2147,1327,2082,1333,1340,1331,1336,1232,1344,1345,1362,1352,1863,125,393,1841,2172,1365,1343,1999,1998,1381,395,1351,1383,232,891,1380,2143,372,1406,1407,1409,1411,380,1425,1421,1867,1415,1424,1431,2077,1840,2038,1447,1443,1446,386,1842,2075,416,1441,413,2042,1462,466,2041,2142,2183,394,1479,1869,1475,1483,476,1512,2109,2040,1489,1502,1491,1517,1509,2126,1531,1524,1560,1530,1523,2048,1079,1554,1555,472,1604,1559,1577,2044,1567,1095,1563,1584,1597,2002,400,1096,387,1525,1612,1609,1615,1622,2127,1621,2076,2438,1081,1638,1651,766,1822,1751,2239
195	243,243,2027,1037,1223,1244,1303,1344,1855,1216,2142,1874,1570,2023,1623,1669,1421,1475,1512,2170,1901
196	731,624,93,264,750,5,94,90,46,716,47,755,617,48,95,265,769,16,11,355,515,566,604,641,685,240,851,1067,777,788,17,859,113,860,891,616,993,532,1859,1229,1015,533,1276,1993,464,1347,1994,1440,1522,1519,417,1466,1541,1825,1598,431,1848,1826,1880,1695,1703,1884,1836,2376,2187,2401,2107,2424,2410,1892
197	895,915,1815,921,926,897,925,893,2027,172,993,21,181,1120,454,1126,196,392,1267,471,1825
198	368,421,1765,2227,428,1595,1496,2275,2359,443,425,2316,1988,389,2397,1545,1712,407,2388
199	562,515,575,600,260,617,225,773,522,970,1038,1120,349,2011,1324,1616,1826,1650,2174,1664,1625,2098,1709,1876,2097,1746,1737,2230,1884,2280,2284,1836,1558
200	1088,229,1307,1348,1342,1463,764,1271,1867,1459,2094,1524,1868,1577,1576,2095,1633,1702,2177,2105,2178
201	616,225,810,313,842,866,365,860,920,851,925,570,946,977,1050,1045,846,1104,1120,1963,1115,939,1147,1138,1964,273,813,867,999,1164,712,865,1038,1849,308,1965,216,677,104,452,1214,1111,1157,1866,1950,1236,1191,1237,367,1161,850,289,288,138,128,965,42,1929,1251,1269,1355,1850,1190,1303,1344,1931,408,1322,788,1403,942,1381,1416,1451,1379,295,971,1220,1445,471,1500,1869,569,1449,1412,1552,1554,1205,1221,1562,1856,2117,387,314,1519,1825,1615,349,1826,1848,470,47,48,41,1851,1677,1556,714,1690,1852,1687,2129,997,1884,2199,1274,2267,1099,2280,398,1862,318,81,317,438,482,1930,466,424,2364,2378,319,468,446,2396,2178,2420,2333,2346,1155,1532,1740,1579,1899,1888
202	791,487,810,789,287,297,637,811,728,756,839,298,167,879,870,289,918,486,914,920,567,182,906,946,949,951,958,693,960,977,602,983,89,88,91,877,996,1005,1044,1045,322,1063,603,1110,1116,764,1140,1145,1188
203	650,54,205,99,655,2089,207,2034,2036,75,209,1090,76,1861,2040,32,2182
204	251,221,252,250,22,903,999,1120,1119,643,651,1138,1017,1021,1175,1217,1266,1371,1405,1840,2013,1444,1509,1498,2140,1480,1755,2388
205	147,998,2019,90,663,1860,238,1307,1242,2066,1322,1231,1998,239,2036,1250,1274,1925,1389,2118,1370,1842,413,1869,1233,1865,1870,1916,1868,1429,1478,1287,424,2040,1453,1882,2067,2057,1663,1702,2003,1918,1698,1992,2329,2323,2265,2420,2071
206	89,555,666,545,588,580,676,590,697,261,689,497,708,705,585,714,731,641,762,497,598,769,121,642,903,457,953,945,1583
207	600,601,615,871,253,254,255,350,823,842,131,675,715,785,896,182,930,362,1002,804,343,183,1122,1115,751,753,1124,1137,237,1143,144,344,1140,1167,378,914,1210,1207,1152,327,328,937,1059,377,335,1281,1000,1349,379,1841,906,946,996,1116,977,1110,1145,7,8,21,9,1017,129,635,641,1369,1003,1256,2173,2172,1051,1051,86,1236,1451,1098,1200,349,397,1677,1687,16,17,20,23,24,26,25,1136,1368,1531,1030,2123,869,1634,2273,2175,1537,1435,1520,1427,1828,1829,1830,2413,1603,1604
208	590,593,630,912,1119,1136,666,660,1022,1445,1844,1018,1548,933,1583,1083
209	1161,1147,1206,1274,367,1322,797,1366,408,1400,1867,82,1292,1412,83,1537,1544,1547,1542,1882,1095,1620,1566,1645,2169,2168,368,1231,464,1744,1461,1686,2095,2177,1551,2198,1705,287,2322,2170,2326,378,478,424,2376,407,2179,1916
210	12,640,662,633,237,1844,41,431,1322,1138,1333,1622,658,1081,401,941,342,346,519,518,928,963,1130,1224,1879,511,512,391,390,405,404,439,1240,1418,1652,1594,120,440,403,1905,2071
211	1945,1947,1225,1299,1093,2154,1363,1380,1276,1669,2161,1667,343,1711,1701,1760,2162,2177,1758,1767,1729,2128,1766,1768,439,1480,1494,1755,2201,1986,1574,1720,2245,1435,1520,1634,1884,1441,2235,2250,1815,2163,2255,1987,2204,2267,2238,2447,2237,2186,2262,1048,2164,2302,2298,2284,1654,2233,2327,2322,2346,2349,2280,1595,2329,2296,2365,2169,389,1594,2189,2386,2239,2448,440,447,2335,319,2393,2391,1522,1988,1619,2396,2399,2416,2397,445,2171,406,2423,2431,2424,2059,2253,441,1905,381,1989,1892,1901,1888,1907
212	2080,536,1685,2078,2216,1550,1081,2226,2317,514,1594,2386,447,2370,403,2085,2411,1891,1896
213	550,295,917,60,557,2452,2017,291,838,966,1927,704,902,674,972,145,346,306,760,248,1930
214	6,2023,947,340,341,666,697,1172,1248,1371,1444,1022,2014,1600,421,1696
215	1,869,719,774,859,696,752,237,125,238,850,1324,1395,2121,1078,1693,1486,2123,1768
216	1854,1270,56,1851,665,1512,1755,1985,1670,1529,1704,1218,2201,1986,1750,442,1884,2232,386,1387,2199,1833,1911,1770,2267,1528,1836,2280,658,1727,229,2323,1615,1834,779,2320,1524,2136,2263,2335,1669,81,1481,2278,2319,148,149,2126,376,1622,446,2373,389,86,1254,677,2099,2100,940,2393,1713,1276,397,2059,1299,1589,2390,644,2060,2065,2063,2064,1408,431,945,981,1721,1888
217	495,501,991,136,529,600,778,279,784,591,1961,370,371,1972,289,976,218,1044,1043,1927,1020,2066,1386,1224,864,2355,2195
218	5,138,273,580,592,610,678,744,714,261,812,705,743,498,871,282,987,313
219	492,715,785,896,1138,844,956,997,1485,398,1993,857,472,1572,1754,2202,2221,2428
220	354,1129,1141,1170,979,845,148,1211,2092,376,1190,1267,237,1089,2444,1372,1847,2114,2118,594,1373,386,1451,2445,1026,1522,1870,2168,1070,388,2095,2127,470,2169,2110,1418,1654,1652,1711,2128,1717,2111,2096,1748,1729,2004,2232,2113,2170,2267,2005,887,2181,2260,988,999,2357,2171,2431
221	669,93,64,203,67,69,202,71,208,75,1437,2041,1710,1780,2222,2301,736,2006,2366,79
222	53,155,156,52,157,152,494,164,305,54,524,278,525,99,2086,2088,2087,126,522,76,2182,201,200,35,34
223	162,171,125,300,320,170,908,909,915,921,926,929,935,290,307,103,681,587,343,109,116,1146,532,344,390,1960,393,405
224	90,624,601,615,883,606,787,855,1937,125,1939,1940,1941,1052,1942,1943,1944,1945,1129,1153,1012,1946,393,378,1947,534,953,1948,1250,1274,377,1295,1949,1305,2153,379,2154,1841,1366,1347,2155,1424,2156,1439,2157,1235,2158,1877,1530,1537,2101,1079,1560,1466,1529,2159,2160,1615,1843,2180,1276,1670,2161,2098,475,1701,1684,2097,2162,1766,2197,2279,2199,2163,1836,2276,2099,2164,478,2100,2165,2166,2167,480
225	750,716,808,821,7,354,8,855,904,66,2009,817,738,524,969,974,21,622,373,623,1860,1859,1924,1349,28,1925,1926,1868,1095,1917,1701,1985,468,1986,1919,1780,2105,1987,2134,1920,469,2107,1906,429,2138,1921,2188
226	93,94,559,854,958,686,1044,242,1171,550,966,346,1102,2027,505,1432,1838
227	457,15,130,245,484,507,566,604,606,632,744,942,1040,287,908,625,947,601,842
228	725,162,160,161,169,711,710,168,166,176,178,710,1794,1795,530,1797,1798,1799,1796,1800,1801,1802,1803,1804,1806,1812
229	41,1282,42,382,1224,1274,1967,1295,1459,1364,949,1234,1865,1882,1537,2096,525,1622,2100,2069,2393,2070,1885,465
230	1212,1300,1342,2144,309,1262,1341,2063,1386,1098,1106,1320,1439,1524,1519,1529,1541,1599,1467
231	528,566,604,649,624,637,617,666,767,760,636,778,812,119,289,193,903,771,948,352,1044,338,1056,305,309,520,1964,1042,325,848,311,1210,1839,238,312,1175,1281,1324
232	87,90,217,228,1774,1779,557,688,2452,247,260,152,494,786,217,179,947,1974,2056,356,452,2007
233	576,157,673,740,134,137,707,683,695,644,702,529,711,710,528,139,136,160,497,245,566,720,146,162,171,739,594,1973,750,150,840,885,883,1817,288,289,1070
234	1260,1246,1274,2116,2117,181,189,192,353,541,645,940,979,1267,1322,845,2119,906,996,55,1567,2091,2173,2122,1485,388,56,1389,642,1433,1454,2279,2095,2096,914,1871,1870,1872,1484,590,1600,1213,2169,2170,917,2251,975,1907
235	145,524,912,967,562,575,1045,355,1945,966,117,525,975,1007,1229,1158,980,797,683,912,1865,2110,1451
236	738,600,1012,1946,1945,1948,1935,603,1274,1845,1947,1937,1949,2153,65,66,1070,2009,2103,1938,1934,1932,1933,1936,1939,1942,1940,1943,1941,1944,1013,969,2154,1228,1293,1366,2155,2156,761,1012,1347,1863,2157,602,601,1253,2013,1864,2001,1999,2000,2158,1846,1998,1530,1519,1537,83,82,1407,1425,1441,1466,2012,2159,2160,1541,1858,2161,1084,1701,1418,1684,2162,2163,2276,1836,2164,666,1595,2260,697,2165,2166,2167,479,769
237	690,564,198,715,600,716,1777,734,1775,2217,1011,260,487,722,792,761,677,453,797,851,857,865,313,853,1020,185,570,979,845
238	134,137,139,495,529,590,672,686,1781,575,140,149,512,213,214,497,587,645,775,216,546,562,699,245,566,629,666,697,796,244,1962,369,586,759,136,714,138,184,509,778
239	550,553,671,135,572,723,694,395,747,1008,304,278,1102,1271,912,1605
240	257,259,333,733,1430,1456,1489,1546,1555,868,1566,1573,481,2256,2386
241	109,590,1033,760,773,294,630,12,18,293,708,771,497,594,1109
242	1007,782,805,822,1352,1430,1460,1539,1540,1329,1631,1657,1619,2216,1700,1714,1251,1722,1721,1912,2204,2378
243	1256,647,662,1225,1417,1022,1495,1528,1868,1583,1098,1522,666,697,15,766,818,1237,1616,1050,421,1664,488,1468,1641,1640,1729,2262,2259,2357,2016,389,2365,432,2391,433,2416,344,343
244	1952,181,184,60,189,2008,191,335,194,195,277,273,193,209,207,204,411,538,412,31,2091,2225,1056,2234
245	1190,931,893,881,1175,864,298,920,1297,1296,105,134,137,1302,451,1147,1873,1161,1222,2145,2146,378,2147,377,1343,2063,1463,976,379,1841,1386,1103,1092,495,1403,462,1303,1344,1052,1322,1153,385,1447,1446,386,1074,1441,1330,1477,1421,1045,1874,1486,1539,1855,1425,463,1534,1276,472,1467,387,2057,471,1563,1875,388,1825,1629,1826,470,1638,374,1788,1789,1229,2110,712,807,402,1870,1876,1084,2058,82,84,83,1690,1711,1676,810,1847,307,1218,2098,2097,1671,1114,1496,467,477,1256,818,1050,2219,2233,2267,1418,1652,2134,2327,1203,2136,1846,2335,431,1554,1556,1557,1558,1595,521,1878,2260,86,1864,389,2003,2393,2237,2396,1194,2139,2431,2071,1916,2138,2427,2294,1888,2072,1892,448,1907
246	287,330,1232,1109,1206,1282,1371,2114,2118,663,1217,659,1091,1075,1080,1974,1976
247	548,1618,706,1649,1287,1680,1314,1315,2216,2440,2437,2438,2439,1724,2441,2442,2211,2240
248	604,271,112,724,590,731,717,16,735,774,1086,772,219,729,887,924,930,988,1045,1056,1114,1180,1176,1187,376,1015,1449,406,1654
249	559,108,95,1975,1976,758,1777,1977,844,801,849,1980,1979,42,474,1003,1091,1544,1425,644,1589,1786,1981,1538,1335
250	2,695,698,264,503,107,41,41,223,1969,292,108,541,694,600,213,503,243,265,346,1961,214,486,590,193,804,630,812,778,119,559,1972,792,854,1,842,147,829,260,868,181,922,597,709,857,958,1109,1945,1139,1066,1162,1193,1056,925,848,793,846,1146,539,42,1136,997,1021,1930,488,1949,1190,149,2031,1060,1890
251	1383,1489,1615,1614,2092,1621,2093,1070,1885,1673,1548,377,1667,1084,2126,1712,426,2111,488,1985,423,1751,2014,1452,461,1665,1696,2082,2074,1678,479,387,388,1711,2261,1655,2267,343,344,2284,2323,2083,1948,2335,318,2316,1662,439,2355,937,1059,2016,51,1056,1397,389,1825,385,1446,407,1424,425,424,2410,1674,1509,429,1229,2253,2434,2101,1888,448,1907
252	353,495,504,109,828,580,369,10,497,1932,1935,451,120,505,1015,1703,59
253	610,1123,923,342,496,893,218,219,602,21,984,1060,1163,1911,1074,1271
254	587,932,949,324,2027,2023,2024,1005,1101,336,776,971,1111,974,1204,842,925,1070,658,1181,1220,1048,1226,1278,1319,1302,86,1303,1323,864,1092,402,505,1254,1299,1346,1390,1389,1380,823,1406,1445,1479,1235,1385,1570,1484,482,1081,1604,1659,1669,422,1685,1876,2210,2336
255	764,167,879,298,920,951,600,601,114,1063,1140,1180,1188,120,629,629,1440
256	114,115,253,255,503,625,1161,19,1965,804,877,1322,1098,1048,1512,1760,2299
257	1842,1233,466,1045,1868,1022,1867,1544,1229,424,1519,1347,1882,1598,2110,2105
258	884,541,41,567,568,842,653,1147,1127,1152,626,1045,452,376,1017,1015,1319,378,1250,1295,363,1107,1018,2092,1233,1425,1519,1663,2015,1267,2097,1925,1640,1641,1836,2262,2099,2320,2323,1595,2316,1920,2352,447,389,2373,440,2384,2397,1906,441,2423,1905,2190,2427,1405,1921,1208,1889,480,2191,448,1907
259	39,146,159,166,178,702,1793,874,886,895,1798,915,921,1799,926,1796,929,935,1800,1801,1802,1804,1009,1054,1805,1806,1807,1808,1953,1954,1810,1811,1812,1955,1814,1021
260	45,45,45,37,85,45,38,45,85,85,85,38,38,38,85,37,37,37,38,85,37,38,85,45,37,38,37,38,85,38,37,85,38,38,85,37,85,38,37,38,85,37,38,45,85,45,38,38,85,45,85,38,45,37,38,37,45,45,45,45,45,45,37,38,37,45,37,45,38,40
261	1972,872,874,882,886,698,895,901,906,1973,915,921,921,926,929,935,297,298,920,1113,324,978,1054,1061,167,879,951,1063,1111,858,932,1953,1105,1954,1124,1955,1157,1125,1181,1196,2056,1214,1186,1238,1241,1243,1269,2449,1263,1290,1323,1234,1329,1339,1355,1364,1383,1379,1401,1399,1403,1413,1430,1438,1450,1462,1477,1492,1552,1539,1547,1540,1571,1581,1610,1632,1590,1631,1648,1601,1653,1725,1657,1660,1578,1313,1675,1694,1689,1726,1710,1714,1716,1722,1912,1734,1753,2207,1752,1749,1698,1761,2200,2209,1628,2215,2222,2249,2248,1823,2289,2295,2286,2303,2318,2325,2338,2351,2354,2364,2362,2372,2369,2375,2380,2394,2398,2408,2415,2415,2417,2430,1898,1895
262	495,504,528,590,496,515,624,512,592,1086,511,18,571,518,810,811,119,596,869,1100,995,930,899,186,597,1056,343,1029,1119,570,369,1134,633,1176,1172,1107,569,1256,344,1197,1021,1023,1328,1281,1098,1367,1201,1371,2073,580,658,1022,1018,1495,535,1192,1498,490,1583,1600,1081,1667,536,647,1756,1879,1078,1017,2352,198
263	362,361,256,2089,236,154,155,156,1388,821,1003,158,222,1271,1471,1077,1033,1165,2182,559
264	90,750,617,46,87,109,554,616,716,1974,47,529,741,757,225,175,808,177,354,894,356,356
265	812,1785,313,275,842,1783,1087,101,948,276,454,455,537,538,277,458,1108,1127,2114,1147,828,1161,1267,2008,376,2117,191,1246,1292,2093,2118,2119,1443,1449,461,1412,2121,1544,1574,1025,1720,438,319
266	62,203,273,1778,57,57,61,549,758,1776,60,204,510,67,69,205,1950,68,655,656,1866,71,70,72,202,489,31,207,74,209,210,653,1085
267	744,1208,1118,1463,1956,513,1841,1446,1859,51,870,983,1279,1633,2132,1702
268	178,710,1794,1793,549,1776,558,1795,604,1797,837,606,692,1792,1798,567,918,1799,166,2027,1796,1800,1801,1802,977,1803,1804,980,670,820,1045,568,1806,1046,1116,117,2010,1158,1808,1807,1811,655,1145,1012,1813,683,693,1154,1814,1017,1960,1221,1229,1231,1387,1842,416,1233,1519,702,1541,1882,2014,1615,1880,1860,1859,2106,337,2184,1642,1883,2203,1881,2069,2287,1907
269	335,1342,1262,1404,1446,51,1577,1599,1633,1702,1692,1767,2250,2247,2329,2416
270	1158,1382,1404,82,2000,1840,1022,83,2142,1479,394,2001,1480,1486,84,1511,1529,1570,106,1095,2002,1623,431,1669,1506,2003,1991,1722,1766,2212,2004,2237,2282,2005,2099,2327,2136,2336,1507,2006,2337,2069,2287,2187,2393,2070,2391,2288,415,2397,2139,2423,2424,1906,2071,2190,2253,1901,1892,2072,2191
271	262,263,363,1134,2033,2034,2032,2035,2036,2039,2038,2042,2041,2040,2043,2048,2045,2044,2047,1822,2049,2053,2051,2050,1591,2193,2037
272	313,862,784,852,1374,507,744,825,925,101,260,786,1034,677,766,818,1050,1104,1120,1237,1236,1320
273	704,738,817,888,888,1937,1938,982,1053,610,646,1945,631,1946,1787,1947,1015,2102,1274,1021,1949,352,2153,2012,1993,1863,1366,390,2155,391,404,2156,401,405,1022,2157,2158,1864,1530,1537,2159,2014,2161,1084,1701,439,2162,2163,2016,2164,1595,2165,441,2166,1905,2167
274	490,804,181,866,240,955,1017,627,1328,123,1107,1078,714,461,641,2446,585,1679,1018,1019
275	498,1,499,501,1,545,555,502,565,812,119,647,597,186,1045,1122,1147,1021,1321,1200,1869,677,766,818,1050,1237,397,1522,2446,1851,1662,1194
276	87,716,750,808,162,160,161,169,170,168,171,176,178,711,710,1795,1797,1812
277	679,7,653,205,2116,655,2115,273,9,2008,451,1023,2118,1090,1407,1024,535,33,28,2122,812,2180,794,2121,2123,2120,1595,1017,2288,1835,480
278	394,1957,1865,2141,1868,1095,1584,2014,1096,2184,425,1608,2140,1824,2015,1506,2185,2137,1747,2205,2135,2105,2227,2186,2016,2277,2333,2134,2136,2300,424,1507,447,2187,2107,445,427,2139,355,175,354,2413,2138,2188,448,2112
279	2160,1640,343,368,388,392,406,461,1021,1084,1276,1290,1435,1467,1495,1544,1634,1667,1686,1711,1870,344,1030,1729,1865,296,1015,488,1693,1925,2239,2262,2220,2267,2276,2284
280	1423,1402,980,1036,1990,1460,1436,1514,1430,1516,217,1539,2055,1540,1601,1610,1769,1627,1632,1648,1725,1657,1680,1312,1665,1314,1689,1726,1716,1728,1747,1759,1761,2211,2213,2215,2222,2231,2240,2252,1771,2243,2447,1823,1772,2272,2269,2303,2331
281	39,490,502,503,87,507,555,583,96,591,673,109,3,58,127,245,515,526,562,565,580,588,666,674,90,495,702,587,198,543,590,664,700,97,528,685,15,680,10,545,504,576,683,261,1033,493,499,500,220,221,708,5,566,575,496,592,729,744
282	87,574,555,562,502,3,39,582,580,637,483,134,137,220,587,221,677,678,590,93,575,250,585,600,649,610,16,766,260,743,251,810,818,17,842,914,107,934,945,954,938,299,973,1782,597,306,295,182,1004,1039,1050,1053,1029,321,911,986,1109,1002,1147,365,1140,1167,1213,1179,1998,2092,1229,1237,2102,241,1250,1277,1295,1231,378,569,1274,1844,1463,1371,1444,1853,1869,1233,1000,1615,1449,1828,1585,1852,1696,1712,1703,1884,2069,1894
283	637,676,220,221,250,251,495,812,252,1,1,515,1100,19,570,995,1049,677,1177,1217,1242,1256,1266,1128,1021,1192,337,1367,408,1400,1447,2013,1495,1614,1667,2352,2388
284	377,1279,877,1295,1949,1297,1296,1305,812,1302,658,1326,1873,379,1231,1330,1334,1341,215,1098,1359,1365,1363,1386,345,1367,1395,498,372,1370,1406,1408,2013,1245,1441,1445,1993,1440,1842,1491,1495,1486,1496,1509,1502,1531,1523,1418,1560,1377,1554,1555,1559,1022,596,1885,1573,387,1882,1612,1609,388,1825,1614,1867,1621,1826,891,1670,1672,1667,2015,2161,1556,1704,1136,1711,439,1190,1303,1344,296,1758,1876,1875,1729,2203,2212,2245,1557,1715,1846,1858,2267,2186,2280,2285,2327,1595,440,2388,2187,2334,2393,2391,390,391,404,441,2397,2423,2413,1905,1368,2253,2188,381,1907
285	900,940,1038,1045,1818,1959,1958,911,1008,236,1131,1150,1160,456,1167,1492,1548,1569,2140,1880,1688,1703,2230
286	596,903,1796,111,299,300,616,617,27,570,597,912,1045,833,395,258,257,22,103,681,453,1062,454,308,152,494,889,2019,1049,1160,706,1156,328,343,1159,1174,344,458,1220,1229,238,1247,1319,1290,378,2106,1231,1192,1013,1333,1190,1334,640,1051,1200,2172,1400,1993,1427,1447,2013,1842,1452,1468,1233,1487,1495,1841,420,1466,1882,1871,1625,1667,1576,1695,368
287	865,1038,298,741,907,323,322,1165,1471,1650,1709,1077,821,904,1003,333
288	2168,2170,438,1655,2242,781,1768,2302,1531,1732,474,476,477,2365,2084,389,1729,2357,2085,450,2431,2117,429,387,1711,1894,1888
289	1957,300,612,508,226,310,452,2144,1859,1022,1235,1115,1868,2141,2142,1095,842,1882,2135,2136,2139
290	2297,1183,2319,2325,2338,2358,2354,2362,2369,1923,2055,2377,2361,2375,2376,2385,2389,1681,2368,2339,2401,2409,2429,2411,2224,1900,1895,2342,2436,1903,1896
291	704,616,723,757,258,575,637,637,159,798,175,90,817,683,113,820,741,815,571,219,457,864,912,967,27,804,1602
292	162,160,161,169,170,178,710,1792,1795,336,1021,117,1045,1538,1524,1511,1910,1495,1667,1653,2241,2069
293	744,617,722,727,770,636,784,113,288,792,728,756,829,543,1972,608,873,2027,927,922,1068,1252,1334,237,1415,451
294	710,162,160,161,169,170,168,176,178,711,710,1800,1797,1804,174
295	15,590,680,591,566,245,713,16,604,624,159,176,605,178,710
296	108,90,289,103,681,42,1640,1711,2267,2357,389,2100,1060,1988,1906
297	288,287,601,130,249,809,804,289,827,596,816,937,779,597,754,1059,1119,633,869,1017,1021
298	577,828,264,529,515,767,810,522,760,107,41,523,100,557,2452,561,560,135,842,453,827,454,101,751,754,753,587,678,803,707,797,853,455,940,1782,1886,761,792,854,958,897,1045,843,979,845,1139,1048,346,104,1110,906,1190,335,317,318,316,497,315,347,1907
299	1329,2220,1780,2236,2223,1441,1637,2241,1823,2269,2274,2289,2289,913,2261,2295,2305,1770,2255,2377,2361,2189,2400,2368,2339,2411,2341,2412,2430,2343,2410,2059,2346,1721,1896
300	542,544,572,577,559,553,43,546,554,645,1777,802,522,62,801,1962,748,798,330
301	493,223,496,694,271,490,587,1969,610,680,733,528,497,645,554,731,1970,258,257,146,159,272,279,600,370,213,214,1972,745,924,365,985,27,777,812,299,259,1071,833,982,452,1045,1138,986
302	554,93,223,559,616,512,1777,689,145,1969,1951,151,617,1970,703,758,217,165,736,1952,177,1971,7,216,546,706,1123,522,8,523,1972,1973,524,564,974,801,278,577,1055,557,2452,560,135,861,291,1974,1126,301,302,303,902,130,130,57,1644,694,525,306,1927,1318,793,9,305,709,248,205,21,1977,972,1047,2082,163,547,548,550,551,688,483,740,1306,28,1337,857,2074,326,1990,292,2077,52,1488,472,1780,2076,2048,2080,1822,2078,1991,353,1862,2081,2079,1591,94,1992,542,2129,2051,2083,2049,2130,2084,2193,1596,2085,2038
303	512,518,778,1126,367,663,1246,1231,1339,408,418,416,2045,1577,2044,2046,1633,2047,2076,1695,1694,1697,2049,2078,1702,1918,1746,2081,1750,1730,2050,1919,2227,2244,2298,2329,2300,2330,443,2337,2052,2084,2287,407,2192,2387,415,2416,2054,2413,2422,2190
304	87,485,484,979,845,1121,1295,1250,337,114,1479,461,2010,2014,2015,439,296,406,994,2016,1846,440
305	15,136,146,198,213,214,264,506,590,670,710,734,717,112,507,745,16,133,268,580,10,159,490,581,600,755,763,175,113,808,743,18,833,834,601,649,820,824,348,571,119,854,804,457,781,260,179,370,371,786,777,17,354,864,987,683,780,784,852,13,493,754,541,858,606,287,269,288,289,342,86,596,705,827,961,279,454,280,282,281,821,904,92,566,842,918,2027,866,897,516,515,868,374,657,718,949,942,903,22,594,599,613,924,943,958,962,964,1100,570,761,219,455,955,1003,932,1034,218,1105,1124,1138,1190,1215
306	515,590,591,495,555,575,15,566,264,496,146,600,604,213,710,162,160,161,711,171,169,90,834,265,159,170,635,268,696,769,166,762,593,630,178,710,1797,1795,597,596
307	6,5,11,255,256,764,789,792,799,809,820,839,892,957,1063,1110,1112
308	49,500,3,502,1956,515,580,699,245,701,629,574,50,877,893,984,114,115,1134,1236,1320,1638
309	1778,1150,1927,22,508,1978,1979,146,279,227,1052,1153,1214,145,550,557,966,1271,1298,2452,1350,1358,1847,198,262,278,1284,1389,1536,1616,1392,1675,1840,1908,2364,1981,1380
310	509,343,189,224,2117,1303,191,22,195,2119,1072,2121,2091,277,2234,1835
311	174,130,358,359,1204,534,1189,1153,230,1296,232,1072,413,399,1554,1826,1670,423,1557,2282
312	1761,2269,2272,2297,1914,2229,2317,2325,2338,2358,2354,2362,1923,2369,2377,2363,2385,2189,2448,2400,2368,2409,2411,2418,2341,2343,2429,2059,2436,1890,1895,1903,1896
313	617,859,831,800,914,22,570,343,1064,1122,1152,344,1281,23,1369,24,1564,26,25
314	1974,872,906,873,297,298,920,182,322,892,684,323,977,996,764,1116,1145,333,1215,1205,1226,1272,1048,1304,1234,1333,1353,1367,1365,1381,1398,334,416,466,1512,1885,1597,1622,467,2076,2174,1639,1645,2439,1667,1831,2242,1746,468,2282,2322,2300,2330,2352,469,415,2340,1448,2413
315	749,266,1974,1815,912,1818,966,1271,1358,1378,1430,1074,1075,1079,1981,1975,1633,638,1213
316	87,256,224,287,496,289,90,356,1,495,1100,254,570,288,1426,466,1844,1853,253,1022,1348,1870,1670,2300,2373,2413
317	1042,999,1153,1236,1845,1175,377,1272,1300,2106,1863,1397,1439,1451,2126,1846,1567,1858,2127
318	2086,2087,1274,1230,1278,1329,1924,1263,1352,1463,1458,1925,1430,1434,1460,1926,1539,2055,1540,1628
319	626,1043,1712,1052,1153,1300,1081,1512,1760,442,1640,2262,2282,444,1226,1304,2299,2336,1765,1360,1182,2150,389,2323,2125
320	891,1150,1196,660,1238,405,1074,1370,1853,2445,1534,1480,1922,2212,1835
321	1586,1630,1285,1311,1313,1316,1283,1759,2226,2249,1833,2243,2270,1834,1837,2382,2264,2370,2340,1891,2345
322	611,612,610,631,166,1847,29,2451,1373,30,1846,394,2101,1868,1874,1302,1077,1465,1028,1581,1479,1265,1377,2140,1820,414,413,1138,1624,642,1437,1990,1690,1635,1636,1647,1718,1745,1599,2250,2274
323	819,851,910,1,181,645,1302,1588,1477,1597,2121,2279,1092,2327,1667
324	1212,1132,1290,1340,1342,1404,1482,1449,1451,1022,1480,1494,2183,1524,1588,1875,1273,1633,370,374,1654,1637,1484,1702,439,2284,2251,2433
325	90,757,166,178,1792,350,1795,880,1799,1800,1802,1803,1804,550,1806,1807,351,1808,1809,1810,1811,1813,1199,2027,2068,1809,1323,831,1064,894,1479,1512,1670,42
326	804,1124,760,847,1990,1154,306,663,986,511,658,1066,987,1887,1181,853,940,1167,13,14,608,1198,1193,975,1112,1202,2060,1245,396,185,823,559,1777,523,524,525,2108,660,1255,1839,1266,378,1271,1251,1242,1949,939,1299,229
327	657,1158,1203,462,1273,1231,1336,337,1359,29,2451,464,1347,1382,1452,1842,1519,2437,2110,521
328	712,746,600,616,617,484,485,225,636,98,287,288,1958,198,457,1045
329	785,131,559,1777,1501,1504,1565,1171,524,1020,1252,1337,398,1329,1339,1350,1375,1378,1379,1393,1392,1414,1399,1428,1416,1437,1436,1430,1438,1497,1500,1460,1476,1499,1508,1285,1526,1516,1514,1284,1286,1288,1540,1287,1268,1572,1586,1572,1309,1306,1769,234,1618,235,1631,1608,1310,1649,1601,1311,1661,1657,1619,1578,1675,1683,1313,1689,1315,1707,1708,1710,1714,1716,1722,1724,1316,1316,1723,1736,1738,1734,2207,1749,1317,1747,1759,1735,1752,1698,1761,1754,2208,2213,2215,2222,2218,2268,1823,2204,2243,2281,2293,2305,2325,2324,2381,2378,2402,2428,2430,2429
330	268,769,666,697,632,718,779,762,249,630,812,516,826,832,543,340,609,864,121,269,358,596,612,903,341,613,924,359,1100,953,936,611,955,965,597,2060,631,360,1029,1056,1109,1119,190,1107,1127,2061,633,1172,459,1159,344,618,848,376,1220,1017,230,1282,1021,1321,231,2063,232,1395,460,2450,488,1072,1022,1018,461,399,1854,1078,1583,400,2446,1030,1756,1019
331	635,497,108,585,3,4,258,257,88,641,265,133,91,13,360,1129,1945,618,1212,1015
332	497,134,137,139,529,1774,1781,127,133,584,1951,90,228,733,1779,741,672,1952,249,215,741,223,1969,1970,1972,864,1815,777,358,788,107,89,91,359,41,942,41,483,484,486,454,455,2007,1816,108,493,100,101,1146,1945,456,104,780,393,452,105,473,1870,87,1418,1652,1587,1690,2260,2136,1507,2189
333	2042,76,1462,2090,1547,2045,2048,33,1824,2080,1822,1498,1694,1085,2049,1733,2177,2209,2050,1593,794,2291,2318,34,2326,1596,2052,2380,2178,795,2193,2054,2179,2037
334	263,262,968,135,151,165,179,260,356,561,560,668,720,732,786,799,861,1800,132,556,573,671,678,919,944,1150,1238
335	169,146,1803,1804,1801,1805,710,1806,1807,1808,1809,1810,1811,1812,1008,1120,1150,159,162,160,166,710,1796,161,170,173,178,702,711,1800,1797,1799,1792,1798,1795,687,777,788,1068,1129,1141,1791,942,1802,908,1168,1813,1194,322,102,104,949,1005,1218,906,452,1814,1189,1238,1190,1261,1241,1809,1252,1270,105,1297,1303,1945,1327,1302,378,1344,1386,1383,1409,380,1431,1603,1446,1448,1869,1489,2048,1554,1536,1604,1573,1611,1875,1616,1825,1638,1659,1673,677,954,1505,1753,1751,2210,1557,2261,2393,2410,2414,1907
336	291,564,1112,646,2115,801,556,1968,1806,273,1873,118,688,2044,544,572
337	2017,481,1536,1670,1228,1713,1721,1616,1664,1386,1464,1543,2255,2256,2282,2346,2349,2280,2189,2367
338	673,670,15,575,678,707,720,264,722,600,11,221,250,251,923,252,641,92,265,497,591,594,598,599,799,820,885,918,595
339	984,2060,979,845,971,1121,375,603,307,889,1118,1204,1131,1139,2061,185,1034,1035,1101,1147,1162,1194,1120,1229,925,1104,1236,1261,1319,1278,850,105,2444,976,1322,1330,1013,1060,1842,2445,471,1479,1467,1511,1048,1226,1304,2064,2065,470,1882,1403,1673,1677,1477,1687,1265,1356,1918,1522,1276,1760,2245,2261,2299,2336,2134,2136,2391,2396
340	356,507,218,348,219,310,849,311,2008,312,2145,309,2144,2143,1097,411,2142,1867,1868,1096,2140,1824,1506,2137,2135,2105,2016,2134
341	202,1022,314,273,1705,109,842,1495,2376,1484,42,1884,1585,2235,319,1906
342	503,143,545,604,584,527,767,259,877,66,356,212,531,949,953,1005,1050,821,2010,1165,186,904,1302,1475,1852
343	10,89,87,88,96,90,216,292,495,526,546,558,577,591,583,582,637,706
344	716,750,134,249,722,741,1788,801,287,288,289,1789,356,137,949,299,300,320,1817,937,979,845,996,747,2009,1112,907,116,966,1145,1950,230,1873,670,231,232,357,2108,399,2145,858,400,1052,1300,1529,2110,1013,2127,2128,2003,1684,1925,615,1836,2032,602
345	1399,1430,410,1460,1476,1472,1539,1491,1352,1329,1378,1310,1649,422,1661,1982,1075,1080,1740,1861,1603,1604,1611,1659,2210,2129,2130,444,638,2367,195,1899,1094
346	1343,2184,1559,2027,388,1390,1391,1616,557,1664,2452,1151,1227,1783,561,1879,2279,1771,1416,1430,1329,1378,1460,2245,1352,2136,862,1020,559,931,1415,1517,1355,1157,1111,2372,2384,1909,1912,1913,1914,1911,1910,2346,1308
347	529,644,139,528,15,245,566,616,690,93,94,127,133,495,575,600
348	227,708,838,779,341,340,908,909,912,967,657,1034,963,814,724,712,928,820,959,186,1035,1045,1134,1130,1158,1201,831,1064,1224,1291,1280,746,239,2131,1513,234,235,1639,1448,2132,2133,1878,1879,2273,2323,2357,1594,403,2427,2072
349	216,687,1791,710,1792,1794,512,1793,350,710,1795,166,1797,886,895,901,915,921,1799,926,929,1796,1802,1800,1009,1810,1008,1142,1148,1150,343,1149,1238,1473,1514,1516,1587,2410
350	587,273,274,275,276,277,965,2114,2116,378,1147,1156,1200,2116,2117,2122,2123,1835
351	666,1568,1216,1257,1223,1258,1259,1264,1268,1376,1422,1470,1493,1488,1527,1510,1607,2254,2258
352	676,515,778,512,519,928,914,963,731,941,567,761,1130,238,237,658,1240
353	87,90,129,198,495,528,555,565,590,635,680,575,288,287,176,516,832,800,2025,651,116,2097,2099,2100
354	596,1029,413,1022,1143,1548,1489,633,414,1670,1721,1985,1756,1524,1987,2152,1986,1212,2355,2192,415
355	1174,1392,1470,1723,2202,2293,1728,1754,2221,2324,2360,2348,2369,2381,2395,2402,2407,2409,2419,1329,1430,1895
356	580,245,590,261,251,771,605,630,1067,606,928,587,1817,366,365,597,963,342,954,596,1050,1818,633,452,237,1100,1240,995,1237,1130,1201,238,1819,1021,1328,1850,82,1993,1022,1820,29,2451,30,1869,810,1849,640,2073,1366,1045,1473,378,1853,1844,1370,1615,1848,1081,1589,1569,1870,1851,1852,1525,1882,1879,1602,1884,1865,1224,1594,446,846,1963,1964,2389,1620,403,1965,1821,2323,363,644,2427
357	130,1256,930,1276,1418,916,1367,1405,1598,2126,1652,633,1229,1880,2161,2257,288,1666,1424,1194,426,1343,1403,2162,1477,2097,1512,1274,1366,1247,2011,521,1713,1522,2260,65,2009,1640,2220,1882,387,1832,440,2406,2070,1881,1729
358	520,116,1015,1014,392,1873,1993,1373,1840,2101,1245,1871,2098,2257,1755,521,1832,1418,2356,2260,2287
359	650,332,331,1818,990,54,382,553,57,1099,646,549,661,679,57,2088,2129,1819,1820,656,2089,398,2130,29,2451
360	2251,1274,198,1746,1950,745,1304,1760,1048,1553,1606,1607,2198,340,341,1587,2273,1366,1537,2276,795,415,2422,414,413
361	1092,402,208,75,474,74,1024,476,2176,210,465,1025,1642,80,1703,77,477,78,211,2192,79
362	747,1998,1526,1135,1352,1540,1571,1329,437,1689,1723,1716,1754,2202,2218,2221,2240,2272,2293,2283,2324,2338,2348,2360,2369,2371,2381,2395,2409,2407,2419,2428,1895
363	49,688,686,672,131,675,715,785,2020,453,763,349,21,1037,2021,1150,1157,1171,2022,1181,1214,1008,1238,1244,1323,1234,1355,1364,1450,2109,1370,1525,1354
364	129,635,876,496,1100,224,579,578,172,570,299,300,960,322,114,323,747,975,1112,1040,553,1049,1177,748,452,130,266,979,845,305,709,2027,1191,1128,1927,1276,1186,120,1254,688,1192,1293,1332,1380,1426,466,1479,1570,1623,1669,2082,2336,81,346,1901
365	583,582,529,496,873,1192,357,1426,1515,400,1549,1635,1550,1636,1647,1731,1643,1762,1763,1741,1742,2307,2403,2404,2426,2425
366	487,947,1139,1167,979,1210,845,1281,1463,23,1369,1857,1458,1409,51,1564,24,26,1640
367	1357,2156,2157,2158,1530,2159,1563,2160,1629,2161,1676,2162,2163,2165,2166
368	994,821,904,1107,1194,1859,376,971,1959,1958,1957,1372,1882,2014,1480
369	682,554,103,681,2066,1842,76,1457,2090,2182,1465,1882,2067,1612,1545,1880,1685,1580,1883,152,494,2265,409
370	1114,1129,1106,498,1170,534,1217,376,1189,1190,1229,390,1104,1241,1247,451,1120,850,1068,120,1305,1302,352,1326,1303,2066,1945,1013,1334,1341,1847,1359,1372,1397,1398,1403,1408,1421,2073,1405,1411,1451,1441,405,1467,1440,471,1909,1869,1479,1483,1235,1351,1495,1486,1502,1509,1511,1531,912,1524,1874,1418,1519,391,1554,1846,424,1555,1536,406,387,1858,1949,1911,1882,2014,777,1616,1825,2446,1614,1598,1625,2127,421,2174,1826,1848,470,1652,1637,1619,2110,1664,1677,1084,368,1556,1918,1690,434,1589,1711,426,1737,1878,109,1729,1758,2197,1703,2203,1883,1671,1879,1557,2245,2256,2263,2267,2016,435,2260,2294,2316,1558,829,2384,2397,2410,2431,1888,1907
371	112,630,779,1788,125,909,1939,1940,1941,994,1942,1943,1944,1119,532,1947,2011,533,1021,1949,2154,1366,237,1281,647,925,2156,1104,1236,2013,1451,1103,1022,2157,2158,2159,1583,2160,2014,2161,1701,1985,2162,2220,1224
372	623,672,678,686,688,789,839,1775,1818,2020,2217,596,452,1598,1615,1233,425,1712
373	1997,1960,787,1187,1290,391,390,404,352,1338,1993,1427,1994,405,463,2183,461,1079,406,2184,1625,2110,1040,2185,439,1719,2197,2113,2186,440,2187,2334,2399,2165,441,1905,2167,2166,2188
374	243,264,779,601,617,121,356,912,947,186,382,1945,1960,618,1012,1012
375	716,147,176,810,563,287,294,119,818,1067,86,800,986,1368,994
376	808,1796,1801,978,1060,724,1129,1134,1052,847,1153,1170,1187,1787,660,1813,1203,1998,1218,1814,2011,357,1158,1809,1189,1297,1296,1026,1326,1322,1093,1336,1847,1098,1382,1370,1406,1027,1429,1840,2013,1447,1457,1452,466,1440,1478,1473,1233,1487,535,1481,1554,51,1569,1095,1096,2067,1612,1825,1615,467,1871,1081,2180,1589,2110,1646,1880,2098,1831,1685,1556,1506,1663,423,2137,2097,1883,468,521,1557,1881,2134,2296,2136,1558
377	1581,1612,1512,1911,1608,1682,1675,1681,1689,2216,1700,1710,1714,1716,1722,1728,1724,1721,1912,1736,2207,1749,1752,1985,1747,1698,1317,1738,1761,2200,2211,2213,1671,2215,2222,2208,1986,2218,1643,2220,1757,2224,1762,2231,1763,2236,2223,1913,2246,2240,1441,2252,1922,2255,1823,2271,2248,1772,2204,2274,2333,913,1773,2291,2303,2306,2196,2294,2229,2317,2326,2319,2331,2338,2349,2351,2332,2358,2354,1742,1770,2364,2194,2362,1923,2369,2377,2055,2361,2363,2376,2307,2386,2389,2448,2392,2394,2308,2309,2368,2398,1619,2383,2396,2339,2401,2408,2411,2417,2418,2341,2342,2412,2343,2403,2059,2432,2436,2344,2404,2195,1898,1900,2405,1903,2426,2425,1896
378	2007,382,1324,877,1391,411,1447,1454,30,29,2451,1490,1412,1521,1877,412,1198,1585,1620,1615,1653,1725,1578,1686,2058,1706,2251,1733,1744,1698,2208,2220,2236,2241,2274,2229,2323,1770,2194,2055,2361,2389,2264,2368,2342,2365,2412,2059,1896
379	1546,1631,1683,1689,1716,1734,1761,2218,1823,1773,2306,2325,2319,2321,2362,2369,2400,2418,2429,2436
380	725,1045,654,237,349,1176,1217,930,1249,335,1319,1266,1326,2106,379,1361,1367,1844,1389,1384,1351,2073,1447,1443,684,1495,2126,424,1600,1843,421,1652,1687,434,475,1082
381	483,2,1,498,199,577,96,90,684,58,133,744,62,14,590,889,1147,546,1847
382	248,330,331,301,332,302,2130,200,201,1861,2080,1195,554,1082,2085
383	810,1849,1859,289,1212,618,1132,1098,1577,1633,51,1004,1702,2132,2247
384	1338,239,1960,1389,1396,1427,1429,1022,1021,1491,1513,1079,1098,2446,238,1483,1662,1667,1679,431,432,2352,435,433
385	517,716,742,454,453,455,1108,844,1644,2007,456,19,339,1217,2008,1266,378,1267,1178,1147,1161,1292,377,464,1400,1447,1996,273,1322,1509,2094,1425,1544,2117,2121,2114,2118,1614,2122,1246,482,1339,379,1228,465,1674,1308,2119,1484,1703,277,2123,424,438,2285,2096,2120,2388,1835,317,314,274,1894,480,2124
386	287,288,289,290,631,116,621,1787,1319,378,1098,1387,40,1842,1870,1420,1871,2098,1084,2100
387	1816,1815,549,1776,661,679,650,655,558,1778,639,653,1245,925,1104,1236,292,2102,1090
388	48,46,47,89,93,88,95,212,496,495,587,619,595,883,364,947,1058,1071,925,1008,1120,378,1206,1220,1250,1248,1295,1282,379,1445,1530,1609,2212,2276
389	869,597,1,729,343,360,566,604,606,605,635,641,1056,933,1396,1417,1441,666,1029,1018,1176,1480,1495,1511,1528,1078,1576,1667,1679,714,1755,1768,1019,2259,1083,2352,2334,2397,2423
390	1006,1037,1055,1503,1501,1504,1259,1258,1275,1442,1470,1493,1527,1626,1658,1691,1699,1743,2206,2254,2258
391	737,770,728,756,1291,1224,1093,2073,535,1081,536,1878,1879,1594,403
392	724,251,698,814,827,596,252,856,959,1134,533,1277,120,462,1387,1427,1449,1853,1018,1022,461,2101,1519,1541,1598,1871,421,1418,1652,2110,1824,1674,1666,1084,423,434,439,1684,1030,1883,2201,1019,665,2232,1884,2105,2113,1881,1836,2099,435,2284,2285,2260,2316,2181,2365,2069,446,2388,2388,2334,436,440,2070,445,2107,1906,2139,2138,480,1907
393	356,1052,1300,1106,1168,1153,2145,2146,2147,1208,2082,1839,1862,1780,1273,1359,1363,1386,1372,2131,2143,1439,1441,1456,1529,2126,1559,2237
394	96,90,274,800,276,497,585,594,598,599,595,628,627,1119,829
395	919,1244,1568,2449,782,1329,1339,1339,1352,1378,1358,1393,1414,1416,333,1436,1006,1497,1430,1500,1461,1460,1474,1476,1499,1508,1514,1283,1518,1285,1284,1288,1287,1540,1582,1571,1198,702,1769,1618,1620,1630,1628,1631,1608,1649,1653,1657,437,1578,1312,1675,1313,1314,1686,1700,1708,1710,1714,1723,1721,1736,1733,1747,1698,1761,1764,2200,2211,2213,2215,2222,2218,2231,2221,2252,2248,2269,1771,2272,913,2286,2291,2303,2301,2293,2229,2283,1823,2268,2325,1834,2331,2324,2338,2349,2348,2351,2332,2354,2358,2360,2364,2350,2355,2371,2369,2377,2366,2375,2363,2381,2382,2389,2378,2394,2395,2398,2383,2402,2408,2407,2409,2415,2417,2341,2429,2432,1890,2340,1898,1895,1896
396	870,831,1064,1859,365,366,367,981,1860,1290,1421,1639,368,2125,407
397	495,496,610,690,497,585,708,742,1102,630,1542,641,647,1612,1600,482
398	90,47,212,93,356,212,495,570,744,962,493,101,102,138,138,509,142,537,538,539,540,541,541,541,1049,148,149,140,187,188,122,1177,473
399	258,257,259,761,792,854,298,495,355,175,354,1935,759,121,289,826,827,698,724,814,994,958,322,831,1064,103,681,452
400	664,149,581,90,147,819,771,219,768,825,605,780,987,86,812,864,893,914,975,964,957,927,1020,1034,1035,1044,1101,1281,2210,1907
401	1052,1153,1300,1297,1273,1341,1403,1411,1343,1439,386,2445,1477,2126,1559,1581,387,1467,1825,388,1543,2127,233,1826,1637,1556,1690,1676,1711,2128,1276,1758,1629,2212,1557,2219,2267,2294,1558,2278,389,389,1515,2396,230,2367,2410,2424,1892,2390,1888,1907
402	1348,1250,1538,1073,1271,1377,1245,387,424,27,1711,426,2177,1122,980,2205,1559,1370,2105,2263,2238,2267,1609,1833,1640,432,2262,2284,2322,2335,378,389,2178,2316,1693,433,2416,2413,2179
403	528,590,680,129,526,635,1957,495,496,1956,640,874,886,895,901,827,915,908,921,926,909,961,912,967,912,1045,1054,1953,1954,1134,1955,1142,1148,1149,1208,782,805,1321,1294
404	979,845,1002,1038,1997,1121,1070,1120,662,1138,1207,1225,1197,2092,1015,1229,1319,1248,1089,1869
405	687,178,710,1794,1795,166,1798,354,1799,1800,1796,1804,1810,1806,1811,1812,173
406	590,244,369,261,213,264,629,4,696,112,751,640,179,259,816,1538
407	301,395,1223,1178,1264,1294,1260,1275,1325,997,1488,1283,1582,1306,55,1384,2418,1903,1896
408	90,583,582,678,529,484,555,565,285,617,487,742,1934,797,654,1012,452,1012,1023,1231,600,2101,1387
409	530,240,872,869,160,161,711,710,162,169,171,146,159,1797,1795,759,878,842,712,864,1798,1794,1799,1796,341,1276,1128,1056,800,231,1098,1187,924,971,1220,391,404,597,1382,40,1072,1993,1190,1344,86,1368,812,1022,394,399,1341,1359,1486
410	1423,922,1553,1606,1343,1403,1477,1581,1586,1607,1309,1618,1649,1725,1910,1912,437,322
411	1258,1259,1127,1264,195,1422,1432,1442,1470,1493,1510,2062,1527,1553,1606,55,940,2091,1607,2184,1659,56,1640,2210,2279,2225,2320,2323,415,2422
412	88,127,635,133,645,708,616,258,739,109,257,287,775,749,733,641,610,617,769,695,754,632,779,144,755,798,490,249,457,293,788,891,889,912,916,967,1983,965,930,1173,324,1017,2011,2012,1018,1511,1550
413	542,1110,1061,1185,216,2116,782,805,822,1252,1135,1278,761,979,1786,845,1644,1339,1352,1463,1222,1375,1088,1392,1419,1292,408,1430,1437,1345,1482,1459,1460,1514,1540,1586,1615,1389,1631,1310,1651,1657,1661,1838,1710,1705,1727,1316,1734,1764,2222,2245,2249,2268,2290,2301,2350
414	577,39,259,324,1059,943,1247,834,264,2027,1262,1229,1393,1440,1233,1614,1598,1640,1984,1880,1883,1073,2358,2178,2070,2412
415	1212,1262,1845,850,1290,1300,1303,1320,1293,1342,1344,1341,1098,863,1554,2064,1599,2140,376,999,1164,1692,1556,2134,2335,449
416	774,824,859,914,566,596,1100,605,597,555,565,592,568,943,1177,633,1256,1021
417	1271,1571,1077,1631,1661,2437,437,1578,1686,1313,1675,1707,2441,1734,2438,2439,1739,1744,2442,2208,2211,2220,2236,2241,1334,2281,2328,2282,2331,2353,2368,2389,2448,2447,2235,2411,1708,2268,2412,2365,2435,2179,2178,1902,1896
418	162,160,161,169,170,168,171,176,711,710,178,710,1794,1795,1797,1798,1799,166,1796,1800,1801,1802,1804,1806,1807,1809,1810,1811,1812,1814,1809
419	1045,1050,1180,1109,2010,903,1160,1849,1173,1206,658,1069,1154,376,1229,1237,2011,1224,378,237,994,1282,1138,1949,335,1937,2153,726,1276,1256,2012,2154,1850,1361,408,1015,1387,1405,580,2013,1842,1022,1461,1869,1098,1233,1502,1522,1844,1870,1548,1533,1561,1882,1858,2446,1598,2160,1851,1693,1679,1815,1883,2220,2198,1019,1884,1646,1136,432,2284,1652,1418,2260,2273,1729,2357,2234,1756,1865,120,2069,446,117,389,440,2239,2365,2399,1988,445,2422,1905,429,2431,2253,406,1906,2374,2302,2134,448,1907
420	168,178,717,1795,811,565,1797,267,1798,596,1800,374,1070,1010,1812,473
421	827,904,889,920,928,934,866,899,856,644,941,597,963,322,323,1056,344,658,1136,426
422	2017,2018,1029,1341,1363,1273,1359,1405,1357,1424,1456,1511,1480,1502,1494,1517,2109,1523,1528,1486,387,461,1609,1825,1637,1672,368,1711,2267,389,407,2397,2112
423	1385,1284,1910,1285,1287,1505,1546,1540,1586,400,1618,1288,1649,1433,1454,1490,1521,1605,358,1661,2101,2180,1311,1630,1515,1549,1313,1483,1580,1550,1518,863,1642,2097,1731,1603,1536,1616,1664,1737,2256,81,2237,1343,1403,1477,1581,2396,2391,508,270,529,887,988
424	216,254,253,496,544,546,604,613,1003,607,1002,947,843,1043,1065,1124,1819,846,1963,1964,1167,452,1070,1255,398,1335,2130,842,1867,1861,1136
425	507,261,518,674,218,162,160,161,711,744,346,1961,219,825,348,519,779,864,759,347,953,962,1050,971,1220,1321,233
426	91,300,614,759,788,718,324,979,845,1064,1121,321,1103,1071,382,1114,1007,956,1012,1145,1012,956,1015,1250,1261,1289,230,1327,1372,232,1383,1380,2149,1855,1072,1431,2013,1479,399,1491,1489,1874,1481,1570,400,1875,1623,233,1669,1876,423,1717,1748,2197,2232,2233,444,2336,2359,2379,450,1893,1901
427	90,661,594,246,906,867,911,842,627,1319,1342,1344,1346,1404,1867,1633,2374
428	596,978,1247,1231,1334,1396,833,1343,1403,2013,1390,1391,1869,1098,1233,1486,1324,1844,1853,1522,1254,2010,1563,1882,1276,1585,1865,1511,439,1884,2233
429	1946,42,1274,2154,1366,2155,1351,2156,663,1530,1537,2159,2149,2160,2161,1194,2162,2163,2164
430	978,474,1998,1644,1089,1924,1354,82,83,471,84,1926,106,472,470,477
431	288,289,125,914,947,1039,1070,1967,1071,1104,1120,833,1983,378,1860,618,1210,1212,1236,1281,1299,1380,1451,1479,1524,1570,1577,1858,1623,1633,1669,1677,1702,423,1985,1767,1986,2250,1987,2267,2329,389,2416
432	1800,162,160,161,169,170,168,171,176,178,711,710,1797,1795,1804,1801,1805,1806
433	1011,163,295,547,550,557,725,2452,1244,1275,1319,1329,1358,197,2060,2063,1842,1477,1343,1403,1479,1380,1346,1570,1610,1223,1661
434	188,701,726,250,775,193,355,517,629,773,111,1936,279,630,955,1071
435	61,62,63,64,203,67,68,69,202,71,72,73,208,75,74,80,77,78,211,79
436	90,610,18,261,571,110,13,590,14,1058,343,2116,458,459,2115,1213,2117,1250,1248,1292,1295,23,1844,1373,2118,1371,1351,2143,24,1425,1405,1424,2013,1447,1842,1853,1444,30,1024,2041,2183,2142,1412,1509,1854,1511,1870,1498,2141,2121,1544,424,1095,1465,1882,1096,2184,1600,1615,1871,2122,465,1663,1674,1084,1506,2137,59,2120,475,25,1696,372,2135,1872,2123,2170,1881,1538,2193,1988,1835,2071,1989,2124
437	1056,848,1021,1333,773,1396,1382,1190,1303,1344,1855,1445,1022,1480,1522,386,1548,1078,461,1559,345,2446,1641,1640,1639,233,1625,1679,1755,1756,2201,2175,2284,2262,2334,981
438	545,127,587,640,288,806,810,147,630,812,762,601,987,240,864,842,289,2030,596,936,2010
439	590,555,596,495,515,12,15,2,597,1960,526,1147,1122,751,1051,1015,1021,42,369,1161,1322,1949,1108,1098,1022,115,119,1522,343,1548,1756,1019
440	89,216,497,529,706,864,1068,1126,546,1129,628,1132,1170,1213,1318
441	846,1150,1181,378,1142,1151,1149,1162,1184,1193,1965,1214,1423,1401,1450,1461,1542,1492,1854,835,1286,1222,1505,1570,1567,55,1584,1885,234,409,482,939,235,1631,2127,1848,1081,56,2439,1677,1665,1686,1685,368,1693,1688,2440,2441,1753,59,536,1733,1761,1671,2235,2291,2292,2323,2194,389,2195
442	760,297,7,298,8,248,986,21,373,510,204,793,99,333,207,489,1090,209,523,524,525,1593,1668,794,444,34
443	87,156,1931,49,559,149,581,90,157,89,88,65,109,486,198,140,493,709,1951,600,313,181,22,1020,1002,865,1038,102,813,999,1322,1043,1409
444	287,288,529,289,912,903,950,967,1071,15,2104,371,375,600,914,1068,1170,1189,1859,65,1007,1297,230,232,399,130,231,249,1557,1441,1554,1556,134,898,971,1445,1220,864,2134,137,610,81,1389,1045,1464
445	989,712,119,540,778,1789,181,930,797,940,1087,1057,117,1154,1167,2173
446	767,86,842,1003,1125,1136,813,2011,1368,2010,1425,1459,2184,1204,772
447	711,528,93,1775,2217,94,515,109,168,852,601,177,615,294,777,788,923,873,142,289,706
448	22,1276,1844,1396,1447,386,1074,1853,1446,1869,392,1522,1854,1581,387
449	486,515,587,629,994,2010,1194,1787,1211,1274,230,1253,1338,2012,2155,1209,2013,1389,1356,261,2009,440,121
450	880,119,598,797,853,746,253,254,255,350,256,770,1087,351,570,96,97,98,93,94,95,952,856,813,867,999,698,724,814,959,827,147,103,681,90,2068,809,1151,299,300,320,321,1049,668,1191,1177,1192,2066,2067
451	68,844,1165,1181,1184,660,1193,1227,1839,1041,1243,1260,1175,1252,1269,1263,1251,1278,1298,1294,1281,1299,352,1326,1323,1325,2106,390,1327,1333,391,1346,404,1348,1341,1350,2012,1463,1357,1359,2118,1383,1423,1394,1380,1397,1409,1406,1408,1431,2013,1443,1994,2176,413,76,1441,1461,419,1542,1468,1869,1479,1492,1235,1480,1502,1494,1514,1517,1524,1854,1522,1523,1481,1554,329,1551,1562,1536,1559,1570,406,1574,55,1567,1586,1288,1585,1563,1573,1421,1309,2079,1610,1609,2067,1627,1825,409,1620,1616,1617,1622,1615,1623,1566,1632,1630,1629,1621,1624,1826,1649,1589,2127,1038,1650,1311,1657,56,1661,1646,1664,1669,437,1831,1672,1312,1673,1031,1686,1693,1314,1556,1665,1697,1688,2078,1315,1676,434,1838,1711,1708,1707,475,1709,2128,439,1715,1991,1712,1720,1912,1721,2251,1744,1745,1729,1755,1758,1766,2197,144,1751,2203,2205,2201,1750,2123,1671,1768,468,2212,2220,2208,1557,2230,467,2279,1613,1833,442,2243,2237,2263,2255,2261,2267,1592,1770,2268,2281,2304,2262,2175,2289,2270,444,2295,2296,435,2305,2292,1914,2294,2318,2302,2298,2152,1837,2083,2330,2336,2278,2328,2347,1558,381,1920,2353,2357,2149,2368,469,2359,2337,443,389,447,2373,2386,2389,2103,440,2384,2370,2150,2189,407,2396,2401,2192,1835,2387,415,2340,2411,450,1906,441,2412,2390,2422,2430,2410,2431,2343,2344,2435,1891,2427,2195,1893,2434,1901,1921,1900,1888,2379,2345,1902,480,2414,448
452	1962,1866,842,1461,1615,1544,1256,1664,1908,1304,1512,1760,1538,2299,1705,2361,389,1915,1491,1988,2393,1563,2344,2434,1902
453	495,778,261,605,647,649,119,812,112,216,708,288,606,635,641,751,842,923,530,629,666,697,769,1789,976,186,237,490,597,752,807,830,898,971,1056,1103,1107,1120,1788,113,125,129,343,517,610,643,1127,4,138,848,1276,199,238,349,335,459,1172,1187,1208,1782,1859,2116,2115,2
454	108,41,146,1975,758,508,698,724,551,552,292,669,1977,902,1977,295,1978,505
455	1930,590,46,616,721,584,748,527,737,593,767,166,798,264,265,113,147,178,91,710,829,110,771,530,1795,876,769,842,827,531,973,1803,349,1804,397,2031,1806,2030,103,681,1812,1814,1200
456	576,1775,2217,129,483,529,702,700,287,772,249,266,91,733,543,609,1374,541,183,940,2060,1946
457	1927,1329,1375,1378,1392,1393,1353,1381,1430,1540,1469,1631,1675,2075,1738,2218,1716,2338,2360,2381,2395,2419,2428
458	782,805,822,1023,1329,1339,1352,1363,473,1413,197,1430,1450,1542,1460,2126,1026,1027,1540,1627,1608,1725,1657,1726,1716,2236,1441,2412,2195
459	1254,1299,1346,1229,1380,1377,1411,1855,1441,1479,1486,1874,394,1554,1570,1555,1403,1573,1563,2160,1875,2064,1825,1623,1536,1826,233,1669,1664,1556,1713,1758,1464,1543,1557,2245,2256,2016,2280,2164,2336,1558,2384,2165,2166,2410,2167,447,2414
460	496,495,571,1100,570,995,224,579,578,1049,122,1177,452,1191,1128,1192,1426
461	616,575,496,585,47,483,584,708,617,718,288,779,130,249,600,829,124,854,812,289,889,912,908,1789,842,27,909,125,348,973,912,967,994,678,354,1045,147,2068,721,597,1049,588,751,753,1179,378,1790,1346,149,393,394,1426,1424,1548,424,230,2257,1832,2260,2356,360,2234,2406
462	1039,116,1144,1212,238,1132,1262,118,1873,1342,1404,1446,1524,1577,1633,1984,1702,2098,2097,1985,1767,1986,2250,1987,2329,1988,2416,1989
463	264,265,2026,590,596,821,904,1003,229,662,1073,549,1776,1388,679,558,1778,639,653,1076,661,650,655,656,1088,1090,1085,74,80,1234,1364,1462,1547,1590,1694,2209,2318,2380
464	547,548,669,1962,135,554,242,678,707,803,590,139,720,723,562,575,264,722,713,690,1775,2217,15,218,732,555,565,61,150,265,629,736,708,749,227,285,286,636,369,586,219,799,743,806,630,824,777,788,543,123,608,2026,596,606,916,1937,842,934,945,964,1997,2031,1818,1002,1122,2062,2060,1949,1998,2153,2066,1277,2002,2003,1022,2005,2163
465	253,255,256,350,577,289,912,351,968,299,912,1978,906,652,944,975,1112,236,1238,2131,1842,2132,2133,1870
466	768,18,858,874,886,895,887,901,912,915,813,867,918,903,921,926,929,928,935,374,364,27,963,395,1061,1060,985,1953,1954,1950,1955,1866,1149
467	977,906,946,996,184,603,212,212,520,1116,1158,1145,122,1184,1227,1205,1221,377,1603,416,1611,1659,2210
468	2090,1514,1586,1618,1630,1649,1311,1661,1680,1683,1082,1316,1733,1759,2226,2231,1591,2252,2271,794,2289,2295,1773,2305,2331,2351,2364,2362,795,2398,2417,2291,2195,1898,1903
469	526,528,673,700,12,127,133,517,726,146,292,159,590,593,219,1791,1792,710,280,1794,348,2023,2024,281,1795,1797,1798,531,530,903,722,815,884,900,493,953,1801,282,979,845,1800,1804,994,1997,65,66,518,1034,1805,1806,1062,982,186,1807,1121,375,1056,1109,505,847,104,367,2443,9,848,1122,2011,241,1051,1297,120,1232,1256,1382,1396,2119,1072,2013,2445,826,1441,1867,2183,1495,1098,1511,2121,1554,1078,1224,310,1583,863,1069,1095,1875,1825,1625,1081,2122,1824,1663,1876,924,1506,2137,2185,1372,1717,1023,1405,714,1030,1755,1879,2135,2123,2232,479,2233,1859,1272,2134,2136,887,1418,988,2352,277,446,2187,1104,2334,403,1677,1835,2397,2139,2423,1893,2188,2410,2414,2124,36
470	629,47,147,283,714,757,457,876,983,343,1103,1131,1154,1160,238,1051,1247,1256,2066,1231,1334,404,391,390,1367,1387,1293,1382,1842,405,1440,1435,1233,1473,1495,1079,406,1882,2067,2446,1598,1634,1654,1880,1083,439,2068,2201,2198,1881,2284,2273,2316,2357,2069,389,440,2399,441,1905,2433
471	568,519,518,928,949,963,383,1008,245,566,604,606,607,625,624,605,1130,658,660,1201,1205,1240,1224,1221,1291,1093,1293,1023,2073,535,1569,1856,1081,1638,536,1681,1878,1755,1879,1827,514,1594,449,403,450
472	1139,1377,1400,1434,1442,1470,1075,1493,1553,1505,1512,1626,1982,1651,1080,1658,56,1048,1691,1760,1727,2206,2254,2258,2246,1094
473	495,129,635,641,565,596,570,52,53,597,625,1029,531,369,54,586,633,343,344,1021,1256,930,545,1368,1136,714,1667,2352
474	593,174,284,286,586,690,778,369,636,166,691,666,697,769,287,288,563,630,647,702,173,1934,1933,1932,601,781,824,518,637,743,763,833,129,506,545,617,635,641,820,119,519,719,774,859,370,371,712,832,807,212,279,280,610,644,649,708,722,749,766,818,530,863,777,1935,289,614,643,342,571,596,612,814,882,912,181,842,918,928,282,930,570,812,453,978,281,597,970,1067,994,982,212,343,1045,1053,336,947,374,375,651,654,1119,2026,1127,2010,116,455,454,706,844,633,1143,1147,1945,456,122,19,237,1887,2062,761,792,854,660,259,2443,1020,65,66,2009,1998,385,1125,1225,1134,2011,312,309,451,310,311,1069,979,1121,845,1089,1108,339,1026,402,1021,1161,1158,1282,1528,2259,1882,2098,2099,465,1240,1334,1663,1666,1703,1881,1883,2097,149,405
475	1292,1863,1449,2013,1865,2160,1084,994,1663,2015,2250,1217,2330,389,407,427,2161
476	708,1008,392,1265,1267,466,1916,975,1519,417,1541,1028,2149,467,1831,1655,1135,1586,1618,1649,722,468,1048,1226,1304,1591,1155,442,469,2151,2150,1917,1920,2192,1896
477	87,90,103,681,863,1068,1069,1129,1141,1170,1411,942,1383,93,452,1441,1557,1558,1554,1556,2134,94,95,1507,2136,375,2444,1297,1296
478	289,842,65,356,801,856,937,994,1004,1045,1059,2060,2068,129,562,570,575,635,641,1115,1106,1141,452,616,617,943,1056,376,1132,1200,1212,1262,1270,1280,1319,12,408,863,1069,1208,1256,1334,2063,849,1446,1858,2149
479	146,159,664,763,557,2452,511,798,748,741,90,824,876,166,875,900
480	1238,559,1355,1401,1450,1492,1508,1552,1716,2240,2272,2293,2283,2324,2348,2371,2381,2395,2407,2419,2428
481	620,116,1960,1023,118,290,452,1167,1873,377,1859,1346,1156,1324,237,238,239,1389,1367,1380,797,940,1002,1409,335,1429,1361,1867,1254,842,1457,1024,1051,2183,1478,1495,1452,1487,1877,614,597,1022,1868,1548,1281,587,1576,2184,1328,1143,1655,1824,1479,1669,1667,1685,1688,2185,289,288,2098,2097,1843,475,1025,1137,1768,2105,2099,2186,2352,1614,1056,478,2302,2365,2187,2107,2387,1400,1304,1048
482	53,201,149,140,49,50,923,1972,184,375,1179,1398,2093,1425,1544,1832,2356
483	1437,1183,1500,1460,1474,1476,1499,1352,1283,1285,1518,1516,1284,1535,1539,1505,1287,1551,1288,1540,1586,1309,1627,1618,2437,1630,1632,2438,1649,1311,1645,1661,2439,1313,1315,2440,1707,1710,1316,2441,1753,1739,2442,1759,2205,2208,2222,2226,2228,2236,1833,2243,2281,2304,2270,2290,1914,2322,2326,1834,1837,1735,2353,2368,1923,2376,2382,2386,2370,2339,2401,2411,2340,2179,2435,1891,1902
484	162,160,161,169,170,168,171,176,178,711,710,2017,587,610,289,454,455,1644,1334,2093,1841,378,1161,464,1615,2163
485	577,510,522,525,655,793,305,310,309,841,1292,32,33,1686,35,34,2135,2141,480,36
486	1204,1514,1288,1198,1620,1653,1313,1686,1714,1316,1744,1749,1761,2208,2218,2226,2236,2240,2252,2243,1823,2303,2331,2338,2351,2194,2364,2369,2389,2394,2370,2368,2184,2412,1891
487	1087,343,1239,1022,1098,1484,1078,1679,1083,994,277,2121,1511,2259,317
488	320,1601,1714,1716,1722,1724,1734,1749,1752,1761,2211,1285,2202,2213,1925,2218,1757,2224,2220,2231,1913,2246,1441,2252,2272,1823,2293,2306,2331,2325,2324,2338,2350,2351,1628,2358,1770,2332,2354,2360,2364,2362,2055,1923,2369,2361,2371,2363,2381,2376,2386,2385,1915,2392,2394,2448,2339
489	827,958,689,287,289,288,1059,1115,1859,104,216,1318,1215,866,953,2011,1562
490	89,90,590,515,96,43,587,245,676,562,575,640,288,616,617,630,812,800,610,780,1067,714,777,842,287,899,497,585,594,869,1931,596,994,343,891,751,369,1136,327,328,1147,1161,1173,1127,309,1932,1212,1056,848,1017,1282,1098,345,125,393,408,1405,1382,1022,1018,461,1440,240,1502,1367,2126,1435,1520,2446,1634,237,238,1639,372,439,821,904,1003,1165,1471,1077,2235,2273,2284,2175,1209,2399,317,1906,429,1072
491	39,555,684,629,708,566,712,629,751,496,729,604,592,749,754,593,718,457,633
492	682,15,767,790,800,831,781,789,839,778,743,806,824,871,342,783,928,527,526,911
493	1238,230,231,232,1382,1072,399,1190,1874,400,1625,2180,1984,590,1669,633,423,1717,1712,335,1748,2174,2232,444,2359,2379,1893
494	146,288,335,1949,1041,1175,1233,1846,2101,1480,1494,2145,2147,2146,987,1511,947,1004,2010,696,752,1274,2011,1347,1361
495	89,555,565,590,17,111,181,269,268,497,537,594,599,596,612,613,610,616,617,630,643,821,842,889,899,904,912,1123,967,936,22,619,595,912,640,620,343,1017,376,1292,1024,1018,1019
496	530,1554,1949,387,1662,1711,2267,1486,1555,1558,389,1758,2175,1200,2016,2220,2410
497	564,131,715,675,785,997,1006,1037,1043,1055,1241,1337,1428,1432,2223
498	1050,2028,328,1859,1225,1237,1850,1445,1022,1869,1868,1528,1570,1824,1852,2259,1830,446
499	292,200,201,87,1776,39,495,49,486,558,515,695,554,1781,62,522,453,63,580,497,7,829,523,599,50,589,610,8,612,801,224,578,67,524,595,622,457,2031,653,627,308,620,793,505,205,525,99,1020,1014,225,126,474,72,273,833,1015,943,73,343,451,1089,344,402,1109,489,842,1092,1016,597,464,216,75,706,1123,1126,82,760,138,1209,74,2092,1538,476,1867,84,1868,2101,1373,843,465,378,1025,475,665,2117,1495,1387,77,477,2121,2119,78,277,478,2105,1598,514,2094,1484,438,424,1246,1656,2284,1179,1832,2356,2406
500	62,52,53,63,152,494,758,64,668,574,748,798,262,550,634,263,206,151,145,165,177,67,68,163,69,508,95,291,667,694,54,57,57,60,747,204,205,966,902,1047,75,73,76,1036,2090,1490,208,197,230,231,249,849,1433,1605,1536,1664,402,2176,423,301,1980,419,164,1737,1414,398,1676,210,1082,80,1085,1629,2219,2329,1404,1577,1702,1767,2296,1271,1524,1039,1212,1778,2392,639,653,1076,551,556,573,132,2424,671,919,1892,1094
501	288,287,289,842,937,1817,290,1039,1132,1124,1117,1144,1960,1859,618,1860,1212,1262,1845,1256,1342,1098,1022,1446
502	251,119,252,677,912,766,818,967,114,912,1050,597,115,1119,1159,1276
503	1552,1540,1575,1620,1608,1653,1460,1657,1229,912,967,1040,1660,1675,1665,2216,1722,1716,1728,1912,1749,1985,1698,2200,2213,2236,1913,2246,1441,2240,1823,2272,2270,2,2229,2331,2325,2321,2338,2346,2350,2351,2354,2364,1923,2366,2359,2369,2055,2361,2375,2363,2379,2386,2389,2394,2398,1988,2368,2383,2339,2401,2204,1619,2408,2411,2417,2418,2412,2410,2059,2432,1891,1890,1989,1895,1898
504	91,592,1931,103,681,1818,812,1056,838,1109,1206,1232,1282,1821,1679,1694
505	746,779,5,266,831,874,886,895,901,915,921,926,929,935,875,1009,976,1054,1044,1953,1954,1955,1173,2299
506	1932,1934,294,1935,186,1090,1364,495,503,502,501,568,567,691,693,692,1462,2048,500,2380
507	292,555,583,582,673,546,137,146,710,702,227,716,750,610,616,617,46,355,287,288,198,808,178,687,266,1792,710,1795,875,584,289,354,855,1789,596,809,175,300,299,1788,1938,1937,150,949,290,1040,944,307,320,611,739,840,912,321,116,1859,2104,1170,2088,2086,2087,1983,378,1860,308,452,118,392,1021,23,1873,459,1867,1231,1441,2149,2101,1882,2014,2098,1084,1598,1918,1668,2097,1829,2099,389
508	112,113,733,249,649,264,286,225,632,577,670,506,91,515,763,12,15,718,502,503,636,507,804,265,541,761,696,752,664,832,526,313,637,812,287,289,150,1788,1789,842,1932,1937,279,280,281,260,261,779,630,17,596,693,537,539,836,187,188,216,192,821,904,1003,546,903,27,148,149,66,2009,958,282,1059,800,587,490,541,20,1086,995,1100,570,870,983,138,1109,22,597,258,359,259,1115,509,237,1122,994,2010,971,1123,181,196,2068,1859,327,1815,40,1138,238,1147,1051,1369,1477,1581,1077,1855,385,1495,89,1471,2267,2091,2225,318,1760
509	65,127,245,751,744,133,733,708,517,726,666,777,89,88,804,1067,279,280,371,370,842,128,289,832,753,868,282,754,903,374,953,86,969,982,258,597,2010,2010,2116,104,144,1073,1022,1522,461
510	2023,57,678,972,2129,330,1644,668,2449,60,1135,331,306,1990,1389,301,349,1929,1288,1928,1927,1862,1985,2196,201
511	1276,1190,1303,2068,1386,1439,1446,1486,1404,1505,1045,1524,1496,1577,1212,388,1424,1846,1874,1855,1421,1573,1273,1366,379,590,1619,1990,2184,1475,1624,1440,1384,386,1346,1254,2242,1882,1753,1847,1745,925,1104,994,453,454,1692,1024,1848,2355,1957,1595,389,1361,1153,806,2438,2393,1208,2186
512	529,606,677,952,991,366,809,867,905,992,626,2011,1348,1667,389
513	495,555,39,87,2,89,483,90,515,685,590,673,689,245,261,604,624,781,7,816,493,496,583,903,744,962,1062,1109,1152,188,184,189
514	1841,1406,1351,197,1389,1429,1457,335,991,990,992,329,1877,1612,2437,989,1770,2343
515	3,4,15,141,143,146,271,506,512,528,542,554,572,670,734
516	557,2452,145,737,151,709,68,560,667,1126,648,238,1051,378,377,376,1625
517	262,263,2033,2034,2035,2036,2039,2042,2041,2040,2048,2045,2046,2047,1822,2049,2050,1591,1596,2052
518	245,149,138,148,507,1775,2217,590,192,702,1957,701,744,604,515,690,600,784,825,601,852
519	1066,1162,1183,1185,1186,1142,1148,1149,1230,2056,1241,1252,1263,2449,782,805,822,1339,1339,1352,1463,1375,1378,1392,1430,1514,1518,1474,1516,145,1285,1499,1587,1610,1675,1726,1714,1728,1329,1738,247,1761,2317,2325
520	1975,694,1976,1294,1305,1331,2082,1980,378,2074,2077,377,1610,2079,55,379,1673,296,1896
521	1033,634,512,213,146,274,778,673,342,904,941,260,798,720,1817,549,968,349,911,154,653,646,1047,658,655,1003,1194,1356,1151,338,957,1111,1213,838,1190,1257,1258,1259,1504,1565,1264,1568,656,938,1256,1066,1278,1230,1139,1193,1298,1294,1271,1250,1295,889,1088,1325,1086,1240,1331,1231,1091,1217,1254,1357,1376,1099,1351,1847,1394,1458,1459,1442,1090,1443,1470,1449,1493,1404,1510,1527,1424,1039,1144,1498,1553,535,1606,1574,1577,1528,317,1607,2184,419,2173,2174,1200,1308,1080,1658,1691,1085,536,1767,2206,1433,1454,1490,1521,1876,2327,1874,2177,2342
522	983,1638,1451,1385,1380,1505,1753,1669,2233,1001,1285,1486,1555,1570,1758,1826,1876,1455,2280,2327
523	1100,570,597,995,1119,633,344,343,1029,1172,1220,1128,1021,1022,1426,1098,1200,1583,858
524	264,600,649,287,1971,1972,2024,1973,912,596,833,1945,1106,1276,1405,1538,1209,318,1760,1738,2335,2365,2302,2423,2253,2284,1894
525	162,160,161,171,711,710,708,146,159,170,509,485,166,176,178,1792,710,1791,1794,1795,169,174,173,687,1793,1797,1798,1799,1796,1800,1801,987,1803,1802,1229,1197,230,1013,82,1424,410,2001,1453,106,2002,2003,426,2006
526	504,526,129,527,528,592,630,596,566,597,343,633,1143,344,848,1229,1017,1128,1021,1022
527	680,720,213,214,727,770,778,756,1908,503,928,182,978,2017,833,2145,1323,2146,2147,2082,2074,1388,2077,2075,2042,2041,2040,2048,2045,1198,2044,1885,2079,1081,2076,2080,2078,2200,2081,2213,1992,2291,2083,2084,2368,2085
528	463,413,1300,1439,2103,1846,1863,1858,1652,1670,1664,1190,1344,1084,688,382,1316,1753,1178,1737,1690,994,2197,2113,2256,2260,1595,777,788,942,1825,1411,1826,1558,2384,1515,1549,2393,415,2410,2403,2404,2414,2112
529	90,637,496,159,355,178,710,1792,1794,1795,1797,1798,1799,880,1800,873,457,968,146,162,160,161,169,170,168,171,174,176,173,711,710,1796,1801,1802,964,1803,622,1804,1805,1053,1806,103,681,1807,623,1808,321,1008,1809,1115,1810,1049,1979,1811,1967,1812,1124,1968,1150,1945,1167,628,1196,1813,1208,9,1218,1210,1814,1238,2108,1260,1225,1207,1809,1980,2106,1446,410,1426,29,30,1452,1821,1820,1867,2451,1281,2109,2126,1868,1524,1515,424,1026,1027,1577,1846,1567,466,1465,1549,1633,2127,467,421,425,829,973,1179,2080,1831,1031,1084,1580,1704,2440,1702,1550,434,2128,1688,2257,1717,2441,426,1642,1545,1748,1032,1767,2203,1731,1671,1768,2110,2232,1678,1613,1832,2113,2247,1732,2277,2250,2296,435,2285,2329,1595,2181,2357,2356,469,468,2388,2388,436,2107,2406,2406,427,2416,2265,2403,2266,1893,1897,2112
530	1092,1023,1338,2154,2118,2013,2176,1407,1916,1864,1870,1363,417,1079,1519,2014,1853,1844,343,889,1871,2122,833,2110,1084,1918,59,2111,368,1872,1536,1664,2168,2170,2186,2284,1920,2357,447,2187,2361,2273,2265,2265,2171,2433,389,2188
531	605,287,288,516,606,289,612,181,566,900,889,945,619,1817,607,290,631,890,1057,625,804,842,621,117,116,1819,1165,847,189,1152,626,986,1820,656,1015,1197,1229,238,1256,188,118,1282,1295,1873,1016,239,1367,1373,1089,1870,1868,2101,424,1465,1541,1882,2002,2184,1667
532	281,458,1151,1176,1208,1194,537,1204,1236,1190,1197,1256,238,152,494,1270,1239,1274,1272,1021,1254,1299,1346,1340,1367,1363,1380,2160
533	716,728,741,756,287,288,802,747,637,1971,741,880,894,267,1973,763,820,908,182,909,361,964,570,1802,907,608,719,774,859,1040,362,996,204,998,1065,1008,54,305,1049,843,310,1117,532,205,99,325,2086,2087,2088,972,1177,493,100,101,102,1168,1990,326,663,659,2089,207,2082,76,2150
534	326,32,1584,2079,33,263,2080,2076,2078,1991,35,2081,1992,34,2033,2083,2084,2085,36
535	748,260,278,60,796,911,747,892,202,303,574,1222,930,1176,1234,1462,1584,1590,798,1694,2058,1700,1724,1231,1752,2200,2209,2301,2318,2350,2366,1434,2380,2059
536	87,562,575,495,287,289,288,1100,134,137,92,2027,245,616,617,943,937,356,893,947,458,116,1859,865,1247,2106,1960
537	590,696,593,127,630,637,812,12,1886,697,769,555,597,1782,830,14,343,565,596,637,10,121,592,842,1029,1056,1119,237,1172,1220,1256
538	1349,29,2451,1413,410,30,1420,1434,1877,1597,1628,1642,2236,2355,608,2415,480
539	2302,2178,1271,1388,587,2177,1194,378,377,2179,1841,1877,1843,1295,1416,1351,1907
540	1387,1324,413,1156,1461,1420,1487,1524,1854,1125,1576,1697,1021,2203,1768,1852,1833,439,438,2238,596,1022,2302,555,2357,2365,597,446,1894
541	1931,1002,631,595,594,587,1138,810,1849,985,1333,1336,1041,1559,1609,1755
542	495,545,562,39,666,664,580,699,515,701,696,752,246,593,729,186,498,1119,1021,190,394,461,1022,1583
543	2027,473,1779,1784,1785,2007,2008,15,264,2082,1783,1434,1306,1302,916,109,1174,411,2129,412,828,1999,1143,1584,284,106,1453,1031,2000,2001,2003,419,1985,1032,1847,230,231,349,232,399,400,372,2029,1986,1644,1089,1678,2241,1992,1987,2175,2005,2083,28,424,1070,360,2006,397,1988,339,2095,2190,1989,480
544	1515,1549,1550,1636,1647,1718,1731,1643,1762,1763,2308,2309,2310,2311,2312,2313,2403,2404
545	225,361,131,301,302,675,785,906,946,362,761,792,854,958,977,996,1044,330,54,332,331,1116,1110,2088,2086,2087,1205,2129,1210,2089,1221,1862,1281,1293,1966,2130,1968,1967
546	796,225,217,704,937,1059,382,1887,452,1012,831,1052,1263,1280,1352,357,1430,2108,932,1460,1450,1420,1496,127,133,1539,1571,2229,2303,2338,2386,1208,2085,2265,2409,415,2429,2191,1896
547	1939,1940,1941,1942,1943,1944,321,704,1960,1787,1274,1424,2148,1858,1667,1880,2111,1985,1985,1882
548	979,845,1974,975,1121,1112,1977,1052,1153,913,1202,873,287,1206,497,1219,378,906,1949,557,2452,977,1274,1857,1933,1932,1934,2153,849,1109,2155,877,1282,2156,2158,2157,2159,2163,1646,2244
549	893,961,1949,1370,1440,1559,1563,1502,1609,1627,1525,1628,1630,1632,1648,1566,1670,1680,1682,1312,1726,1676,1707,1838,2245,1833,2282,2304,2289,2347,2386
550	452,1271,2145,2146,2056,1350,1355,1348,1463,1352,1329,980,15,1378,1379,1423,1401,1394,1399,1416
551	65,506,670,591,1775,2217,991,495,193,744,727,818,862,915,921,900,1374,954,926,929,935,1035,104,1294,1413,971
552	1036,1059,998,1046,1945,1859,1860,2155,677,1850,2013,1840,1074,1479,1524,1560,1868,1079,1570,1577,1562,1541,1525,1615,1633,1625,1650,1656,1824,1669,1667,1602,2098,1702,1852,1709,1876,1767,2230,2105,1832,1613,2247,2250,2329,2287,1599,2288,2416,1904
553	136,562,575,90,511,198,531,356,813,590,2026,1029,1069,597,1049,633,1165,847,1136,1152,2028,1107,587,619,986,117,843,1122,328,838,458,459,259,1860,613,260,339,1209,376,1197,1200,2011,1059,243,889,216,1282,1164,1320,1328,1789,268,1098,473,1369,1115,1016,1373,1232,1231,379,2106,1272,1398,23,474,1409,580,1867,1125,308,1368,1994,29,2451,30,464,396,1022,723,1233,1480,1494,1870,1435,1520,1868,2101,644,1959,1958,1425,1544,51,424,1567,106,1562,138,138,509,142,2091,1882,535,1615,1453,1598,1569,15,16,17,20,425,1871,541,541,541,1824,1646,1880,1842,193,1874,1875,1876,1334,349,1688,1351,1018,187,188,192,191,1828,26,25,1819,1820,1821,1030,765,2109,1663,451,1031,1032,39,1194,1319,1883,1602,1872,1829,397,2198,2105,181,189,476,477,1019,1865,1881,309,2099,537,538,539,540,195,2292,2234,1830,2446,665,2107,2387,1564,427,2012,415,2193,429,2175,2072
554	371,385,887,988,976,360,1236,2011,238,1299,1231,1336,1346,1344,2063,1372,2155,1380,1603,2445,1456,1479,1494,1865,378,1874,1562,1604,472,1480,1554,1846,1858,2091,1028,1611,2064,1875,2446,409,388,2065,470,1637,1659,1676,1556,1711,144,2210,2233,2267,2336,2280,2357,2373,2393,2396,1403,1477,2431,2190
555	245,580,666,842,133,816,2060,314,2011,1276,462,1511,1548,2284,1901
556	592,218,150,755,485,769,779,134,666,601,830,829,994,1945,1946,1947,109,139,378,515,555,565,580,587,590,610,630,1938,1934,1936,1935,66,2012,1863,1366,2158,1418,1084,2163,1634,2165
557	1183,1196,1860,1208,637,811,937,2106,1867,1287,1586,2057,1309,1653,2058,1868,2274,2290,2326,994,2059
558	717,87,1970,1972,298,842,800,288,289,180,1788,1789,893,944,1792,1798,1794,918,2027,920,183,585,497,594,497,598,599,707,885,984,322,759,944,323,1818,1163,1254,761
559	616,245,566,590,708,757,253,3,4,555,565,1931,292,271,272,864,1515
560	1469,1183,1721,426,1712,1736,1752,1747,1761,2215,1730,1823,1716,2272,444,2297,2301,1689,2338,2350,2255,2349,2354,2366,2377,2369,2389,2409,2412,2410,2429,2341,2414
561	761,854,958,217,1774,1779,1785,1121,971,41,108,1289,925,1104,1236,865,1038,851,411
562	682,690,96,97,15,261,591,148,719,726,708,722,213,600,587,512,991,724,218,717,518,507,285,749,159,1961,137,223,1969,1970,485,219,578,579,98,989,772,707,761,792,226,348,615,1086,266,356,150,897,807,898,903,859,1011,797,491,492,865,980,826,643,654,790,1945,652,1040,378,927,1212,1502,1548,2284
563	90,146,159,264,457,813,193,600,1934,1933,1932,1935,2017,867,287,289,529,356,889,899,869
564	529,616,583,582,590,757,617,225,249,457,226,840,855,358,916,666,697,359,903,356,908,1974,842,240,920,622,891,290,287,289,288,994,2060,360,623,777,788,942,597,299,300,320,321,2023,2024,2025,1119,980,1036,1046,520,1159,122,618,125,393,343,344,1218,376,1246,870,983,237,238,696,752,127,133,733,230,118,1068,1129,1170,1189,1021,1949,1026,2153,1051,1229,1256,1816,1815,1873,1328,231,534,123,124,2154,1231,812,1098,473,2155,1027,1072,1389,463,2013,377,1457,2156,394,1367,1479,1478,399,1235,379,1511,1846,1495,1841,424,420,387,1858,1960,466,1028,2184,2014,1073,388,1825,1615,467,425,1826,1638,2446,633,1984,2110,1831,1880,1667,1704,1045,423,1440,1711,1712,1639,2111,1985,2098,2203,2127,2128,468,1986,442,2113,1987,2227,2267,2277,2296,2298,2278,1654,469,2359,389,2379,2384,2125,1988,427,445,1906,2397,2390,2423,2431,441,2284,1905,1989,1888,2112,1907
565	167,879,951,748,1966,947,1995,1996,290,116,1168,2145,2146,2074,1448,2168,1578,2098,1702,2227,428,2329,2420,2431,1605
566	722,518,604,496,3,109,732,727,227,16,586,724,774,522,150,355,593,617,743,748,141,512
567	206,164,222,203,248,361,2032,2035,2036,2039,2038,2042,2040,2048,2045,2044,2047,1822,2049,2053,2050,1593,1591,794,1596,2052,795,2193,2054,2037
568	170,162,160,161,176,711,710,1795,1797,1792,1794,1798,1799,1796,1800,1801,1802,1804,1806
569	161,166,741,162,160,170,168,178,711,710,1795,881,1797,1793,1792,1794,1798,1799,1796,1800,1801,183,1802,1803,1804,1806,1807,1808,1810,1811,1812,1813,1814,1809
570	2145,2082,1924,2130,1354,1342,2074,82,1925,1424,1438,2077,2038,1449,74,1861,1450,1497,466,83,1474,1909,1476,1469,1492,1491,1076,1283,1514,1518,1285,1926,1519,1513,1552,1910,1551,424,1577,2048,1404,1198,1541,1563,1911,234,1627,1617,1566,1917,235,1633,1629,210,425,1624,1418,1652,1639,1578,1212,1654,1984,1831,1668,368,1702,421,1676,434,1208,1701,2076,1719,2053,1912,1715,426,1684,1733,1985,80,1729,1766,2197,1767,1290,2081,2205,2210,1641,1640,2110,468,296,1986,1730,1693,77,2228,442,2219,1884,2214,1913,479,2250,2113,2151,1833,1593,1732,2237,2263,1987,2267,2262,78,1836,2227,794,2282,2299,2284,1039,2296,435,2290,1914,2260,2152,2329,1834,2335,381,1599,2357,1787,1692,439,352,2365,389,211,2382,1915,440,2384,2125,795,436,2399,1713,2391,407,1988,427,2416,2340,2397,1904,1906,441,2390,2423,2424,2431,1905,2433,1892,1989,1888,2345,2112,79
571	616,127,496,580,575,90,593,617,641,640,355,98,800,799,18,113,119,175,256,649,772,511,807,809,810,812,830,1931,863,523,522,647,1935,630,282,281,289,853,1086,1789,567,887,925,86,22,101,288,356,816,958,970,927,962,1938,924,955,777,788,324,817,597,1886,912,988,999,1782,994,184,1051,1108,888,965,1053,103,681,568,1056,1104,1120,115,1069,662,1114,1131,116,532,2114,1138,847,117,1164,189,1147,1859,1946,1267,1161,1194,1787,1860,1070,1236,2102,1948,191,1276,120,1282,1320,1321,1326,1873,1322,194,976,473,464,1863,1417,1449,1483,1522,1654,2259,2433
572	247,550,757,128,557,2452,262,206,725,163,302,201,709,553,2086,2087,2088
573	738,1927,1996,1022,1045,723,508,1433,1454,1490,1521,231,232,399,400,1465,837,1424,424,683,1461,425,1570,1669,2143,1097,1482,1588,2131,353,1001,1343,1403,1251,1448,1968,1682
574	1723,1761,2223,2240,2272,1823,2269,2333,2293,2301,2325,2324,2319,2338,2354,2360,2366,2375,2381,2402,2407,2419,2429,2428
575	515,562,590,504,575,12,264,708,496,714,592,629,629,271,610,1886,649,580,593,640,647,771,778,987,812,596,752,597,955,541,1051,994,344,1538
576	706,575,90,2020,335,1256,2106,1344,1874,1875,2140,1876,1613,2327,2393,1897
577	152,494,489,154,156,204,157,158,164,207,362,205,2089,209,1927,74,1966,32,75,262,260,557,560,2452,135,561,861,1014,553,60,550,147,1399,849,291
578	356,912,967,798,748,356,716,912,944,322,1061,801,974,2068,747,1908,452,968,1184,1166,1199,1118,1355,1419,1343,1403,1477,1909,1910,1581,894,1497,1416,1499,1649,1690,1911,1726,1588,2255,2261,1727,730,2294,1722,1914,2336,1479,1570,1669,1299,1380,2396,1901
579	128,353,217,1774,228,1779,1784,1781,1952,1785,686,672,1783,2007,131,675,715,785,896,1068,491,1129,1153,492,1170,452,1168,2008,1189,1297,1296,1307,1327,1997,411,777,788,1945,1233,1846,1586,1725,1665,1647,1718,1536,1616,1664,2212,2261,2367,1060,2384
580	745,1950,278,305,325,1983,303,508,1217,1593,794,678,707,720,732,799,885,1818,1817,795
581	1683,1514,1726,1689,1723,1754,1761,2213,2218,2223,913,2293,2325,2324,2338,2362,2381,2264,2368,2400,2409,1915,2428
582	65,677,245,674,590,528,97,700,690,678,529,127,133,139,141,689,566,720,721,828,1777,604,4,600,147,592,584,744,714,90,1784,624,150,739,1961,766,819,355,691,760,778,799,810,1,1785,818,762,370,851,864,496,354,1972,872,916,928,967,1100,954,995,1050,1849
583	89,88,53,686,145,151,165,2021,2089,1091,2106,466,1867,76,1380,1299,1346,1570,1623
584	1062,903,1153,2103,1208,1305,704,817,772,888,1053,2102,777,2013,1949,130,249,1363,2304,199
585	495,587,740,515,682,245,590,674,528,629,634,676,685,707,680,683,700,139,566,689,629,720,828,939,146,512,518,604,737,739,213,214,356,881,885,928,90,98,134,137,183,497,519,624,673,678,732,741,757,799,875,912,585,598
586	617,779,1194,83,84,106,1541,2002,425,1639,1646,2003,1684,1750,1730,2004,1836,2244,2277,2005,2006,2337,427,2422,2190,2374,2191
587	1385,148,105,892,1301,1390,1391,130,130,249,358,360,230,231,232,399,1455,28
588	1447,1304,1864,1512,1615,1628,234,235,2169,1676,1711,1760,1746,1729,2212,2219,477,2282,2175,2181,2125,1893
589	610,834,723,765,286,630,666,298,778,863,697,842,2026,1938,596,322,943,1995,959
590	1515,1908,1570,472,1549,1825,1826,1635,431,1619,1669,1550,1636,1647,1718,1731,1643,1762,1763,2204,1741,1742,2307,2308,2309,2310,2311,2312,2313,2314,2315,2403,2404,1901,2405,2426,2425
591	295,452,335,1469,1399,1499,1472,1283,1285,1516,1284,1535,1287,1288,1571,1586,1627,1618,1632,1630,1631,1649,1311,1657,1661,1312,1313,1314,1315,1707,1316,1739,1747,1759,2208,1735,2215,2226,2236,1833,2243,1771,1770,2281,2270,1823,2328,2326,1834,1837,2353,2368,2382,2386,2378,2411,2340,2341,2343,2435,1772,1902,2345,1896
592	641,141,600,593,1962,213,15,39,89,511,604,616,712,807,571,457,6,889,898,893,1012,1319,1347
593	663,1195,659,1189,1980,1297,1296,1981,1332,1091,1075,793,547,669,902,1133,1982,1094,1890
594	557,560,2452,1974,672,686,688,2020,242,2027,243,742,1006,1037,1055,163,966,1977,747,1171,1503,1501,1504,1258,1259,1268,1111,1269,1323,1376,646,1355,1401,679,650,1422,1442,1470,1075,1493,1510,1527,1076,1658,1691,1699,1743,2206,1085,2254,2258
595	127,543,148,666,133,109,779,888,891,916,1020,27,1997,631,1053,870,625,458,1109,654,971,976,1052,1114,1129,190,505,1146,1143,2061,826,1153,1012,626,628,459,1173,1787,1012,1015,2102,1246,1041,1089,120,417,2373
596	562,109,96,90,591,89,88,673,670,483,5,590,198,707,97,700,196,506,493,1957,1959,484,497,720,575,572,244,716,245,264,722,719,496,250,734,585,732,109,584,744,610,763,641,815,824,884,871,855,918,906,977,1958,979,845,622,996,186,623,190,1110,1158,1145,1012,1998,237,1015,1253,1089,1386,1347,1382,1439,1446,1473,2090,1496,1079,1670,1682,2186
597	1088,1256,1394,1461,1495,1620,1667,1686,1744,1696,2177,368,277,2121,2123,2267,432,2186,2322,1388,2352,389,2178,433,2179
598	497,594,771,1096,1871,1095,2140,2142,1506,2137,1031,2135,1872,2134,1919,2136,1507,2139,2138,1094
599	224,579,578,622,623,225,226,497,520,585,628,1012,1960,117,455,454,453,456,610,631,1040,2088,2086,2087,987,1059,1816,1815,937,1789,534,979,1012,1121,1820,845,600,601,615,1219,787,891,1190,134,1168,925,1104,1236,299,300,320,321,892,910,1113,1249,1253,335,1034,1035,1101,912,1860,1859,602,1289,897,1120,850,1301,1068,1129,1170,1189,1297,1296,93,95,1194,1302,1999,23,918,2145,2147,2146,2106,310,309,312,311,643,651,654,1132,1262,853,940,1013,1330,1342,138,1303,1344,378,1362,1167,1353,2144,125,393,452,505,1361,1841,1255,1365,29,2451,464,1373,1347,1381,379,2114,1343,1394,1404,2143,1403,1409,24,777,788,1411,942,1027,1097,1855,1998,1026,1867,1424,1351,1415,1840,1447,1603,1446,418,386,1441,416,419,466,30,1468,1909,2183,1916,394,2001,2013,1155,1420,1235,1532,2168,1994,535,1865,1453,1509,1870,2141,1874,1868,1560,2101,1079,1537,1544,1554,424,1466,1562,420,106,1512,1579,1519,1877,387,1567,1095,1465,1028,1541,2002,1096,2014,2079,2184,2184,1525,1825,388,1875,1615,1917,467,1843,2127,1821,1826,2076,421,425,1545,470,2122,1824,465,1602,1677,1831,1663,1556,2225,1876,1580,1506,1688,1666,2015,1687,2185,2137,1711,2128,434,2003,2120,1740,25,1684,1712,1760,1703,1755,2197,372,2209,468,1109,1451,1557,1019,2123,2105,2247,2267,2233,1836,1592,2186,2277,2134,435,438,1681,2136,2323,2327,1558,2357,469,389,2361,2287,449,2187,436,2265,2107,2393,445,2387,1835,427,445,450,2420,2139,2410,2431,1899,2427,1888,1889,480,2414,1907
600	48,46,1778,552,922,659,937,1059,1116,1857,1402,1135,2082,2074,2077,1221,673,700,722,884,900,883,2075,1542,1234,1364,1462,1998,1184,1512,1024,1352,1294,1983,55,1586,1306,305,325,56,1739,2248,2305,2363,1915
601	331,332,1275,1183,338,1011,793,1352,1526,1540,1527,1510,1493,1469,1597,1166,1607,306,1566,1657,1628,1393,1553,1769,1315,1710,1608,1928,1626,1658,1691,2211,1414,1707,2231,2437,910,1780,1416,2252,1433,1823,2213,2303,1454,2351,2364,2258,2378,2394,2398,2408,2417,2432,1898
602	1,265,903,1062,1109,517,878,979,1146,845,1206,1203,790,860,993,1131,1229,1282,335,1231,834,914,1256,1367,1108,1267,1292,1322,2092,1371,1407,1425,1463,1842,387
603	82,1479,2143,1095,1623,425,1669,2140,1506,2137,1711,1760,2135,2299,2134,2136,1507,2139,2138,1989
604	65,96,582,581,483,486,706,134,137,587,515,97,292,588,740,369,506,529,700,49,484,136,139,678,707,708,803,1957,213,695,720,12,537
605	355,175,551,552,874,873,123,556,132,671,163,544,1009,919,1111,1186,1214,1323,1355,980,1401,849,1339,1450,1492,1552,1659,2249,2372,1900
606	733,759,772,780,761,825,288,887,925,962,971,359,1815,507,1445,1529,1690,1455,1731,520,1717,1363
607	93,137,287,151,598,802,165,288,497,1970,808,761,670,177,225,226,278,354,289,855,894,2009,1973,1789,885,1977,994,949,907,1005,1939,998,1942,1940,1943,1941,1944,1818,622,357,623,576,966,1945,1979,520,116,1117,1124,1819,847,663,1946,628,627,97,98,1057,1195,943,1947,1169,1208,1820,1210,659,833,1160,1229,1187,2108,1948,2011,1247,1980,118,395,834,1873,1091,2012,1981,964,473,1382,1424,1369,1821,2013,29,2451,30,1299,842,1473,1865,2141,1868,1867,424,1095,2014,1096,2184,1982,425,2149,1080,2140,1824,1831,2098,2015,1506,2137,2185,1701,122,426,2097,2135,2105,2016,2186,2277,444,2134,2099,638,2136,1507,1613,447,2100,2100,2187,2107,445,2165,427,2139,2166,2167,2138,1094,2188,2112
608	1500,1512,1331,1283,1257,1542,1493,1259,1606,1610,1514,1582,1313,1699,1642,601,2279,1527,2254,2295,2305,2258,2288,2430
609	1007,1147,1999,1399,1409,1444,1412,1577,1618,1615,1725,2143,1683,1766,2249,2243,2325,2430,1903
610	515,264,218,265,617,485,243,761,829,348,854,873,875,973,1158,878,971,1220
611	710,146,1807,1808,1809,1810,1812,1811,1813,1185,1346,1254,1299,1430,1460,1479,1657,1074
612	240,906,1121,1849,870,983,1369,396,1828,2444,2445,472,2134,2136,2225
613	863,289,842,947,102,455,971,1012,1012,1220,229,1277,1231,1842,456,1319,440
614	1686,2058,1733,2213,2224,2220,2236,2306,2325,2338,2350,2354,2364,2369,2375,2409,2429
615	585,90,716,629,227,1086,676,767,682,796,216,497,834,760,88,641,833,599,91,294,43,587,610,590,1087,943,773,619,812,595,627,1078
616	625,1160,1118,1166,1199,569,1051,1247,1340,1107,1334,1335,2154,464,1098,1193,1230,1338,1361,2155,1419,1463,1945,1440,1491,1022,2157,2158,2198
617	495,711,677,702,710,160,12,161,701,699,112,225,810,226,182,2091
618	1493,1510,1376,1442,1470,1606,1421,1508,1607,1553,1604,1626,1658,1691,2206,2254,444,2320,491
619	1216,1223,1268,1275,1306,1358,1392,197,1432,1508,1488,329,1723,2211,2202,2231,2221,2252,2293,2303,2283,2324,2360,2189
620	216,378,706,1020,1147,1163,1318,1126,1390,1391,1074,1585,1564,1843,2251,2280,446
621	302,331,311,310,309,312,2141,1271,1388,2140,1505,2177,2322,2178,433,2340,2179,2345
622	1974,356,243,902,266,547,1644,557,2452,674,1102,330,395,242,793,2449,1389,1929,1414,1716,1315,906,1485,373,2145,1306,1307,673
623	354,1242,898,356,1815,356,906,1106,1260,819,1997,1167,1949,881,747,1134,838,813,1168,1147,1302,949,1005,877,1135,1194,760,1204,1007,1190,979,845,1974,1343,1403,1265,1477,216,1233
624	1433,1436,1497,1454,1415,1500,386,1499,1490,1517,1285,1284,1605,1630,1661,1706,1833,2368,2382,2384,1060,2402,2340,2345
625	1150,727,770,743,806,824,911,934,236,254,677,351,256,1237,1242,1290,1869,1524,410,1609,1641,1640,757,198,1960
626	90,103,681,356,356,452,1147,1161,357,2108,1256,1242,1274,462,1322,1326,1271,1295,337,473,1388,1847,463,1860,1424,1412,1867,1868,420,424,1397,1882,1842,425,2110,1589,1468,421,1685,1652,2277,2260,1208,1305,2098,2097
627	1981,1358,1079,803,1090,652,1978,1980,1982,1728,1744,1307,1686,1620,1655,2211,2271,2317,1461,2331,2303,2351,2364,2362,2375,2363,2389,2305,2377,2398,2409,2383,2417,2412,2418,2436,2432,2408,1094,1903
628	87,356,1274,1004,1260,1294,118,1949,1319,1945,1947,1948,378,2153,738,1092,1873,379,1197,336,1354,1341,1863,1841,1790,1366,2155,1026,82,947,462,463,2156,2000,402,1452,316,2445,1363,466,134,474,83,471,137,1474,139,1076,1487,140,2157,184,194,1518,84,2158,196,1079,2148,658,2159,106,1537,1634,470,465,1831,1085,1828,1719,2111,2162,1703,467,468,2110,175,1435,1520,354,477,479,2113,2163,1592,90,677,473,1050,2164,1237,1851,1852,2181,2016,1670,469,1830,600,601,1581,2165,447,429,2276,480,448,2112
629	975,1112,1118,1166,1199,971,1220,86,149,1256,1303,1187,918,313,260,1254,1092,1340,1346,1232,981,1344,344,343,924,934,739,345,1360,464,1380,849,1399,2173,1855,1211,513,1448,1445,335,1434,761,1479,1874,1524,1534
630	61,62,278,2030,2031,205,99,525,325,72,474,326,595,627,207,42,476,473,2150
631	870,983,979,845,618,971,1218,507,744,825,1190,864,1220,1229,819,1203,1194,1279,1256,1276,343,344,596,597,616,1270,865,1341,1098,1359,842,1106,1386,1408,1844,1445,1022,1455,2280
632	721,507,647,632,779,825,86,864,340,827,943,27,955,1050,596,868,971,343,1119,1143,1220,1098,2280
633	571,1867,1664,2236,1833,2256,2328,1194,2351,2368,2411,2417,2059,2412,2432
634	515,729,592,718,799,800,678,707,720,732,340,811,1789,252,970,622,343,1818,1004,1173,2011,387,2275
635	583,582,1775,2217,89,88,87,590,129,635,529,555,565,495,515,143,93,94,271,778,95,593,746,760,763,272,48,46,47,249,630,127,787,359,423
636	593,641,640,140,261,369,493,496,528,592,590,610,689,729,744,751,753,825,179,184,971
637	1184,1185,2056,1186,1214,1241,1252,1151,1227,1251,1269,1263,2449,1263,1323,1329,1339,1339,1352,1378,1401,1392,1413,1434,1437,1450,1542,1460,1442,1492,1406,1508,1514,997,1526,1552,1472,1575,1572,1572,2057,1627,1516,1631,1648,1608,1725,1660,2437,1680,1312,1682,1675,1314,1689,1726,1710,1414,1724,1716,1738,2207,1752,1761,2222,2249,2223,1922,2272,2293,2333,478,2324,2350,2348,2360,2372,2371,2375,2381,2448,1915,2264,2395,2402,2407,2419,2342,2428,2344,1890,1900,1903
638	590,555,565,680,245,554,515,566,526,527,637,512,577,624,637,1,811,630,566,593,597,982,633,452,1051,40,1022
639	238,335,568,600,601,615,831,1226,1248,1272,1304,1064,134,626,633,1999,1998,1093,924,1839,229,241,1013,1192,1850,378,1266,610,1538,1324
640	264,87,616,617,672,686,1970,763,1969,1974,1975,265,604,698,724,88,97,213,223,243,245,496,506,515,542,562,566,575,587,590,676,688,700,723,734,768,1962,1931,677,291,596,1,453,454,455,299,300,320,321,1174,994,1169,1329,1339,1929,1350,1352,1379
641	864,454,666,1029,1056,1122,349,456,138,344,848,1016,2117,812,2446,1455
642	686,145,214,1951,572,784,165,1785,688,902,361,946,511,1034,957,957,2007,996,735,1047,362,1101,846,1110,1963,1116,1133,648,452,378,1857,411,416,2082,2074,547,1588,1856,2182,1609,1623,1598,1615,2078,1712,843,2151,2198,1596,2069,2192,1907
643	164,760,779,878,1995,1035,1045,184,1101,375,979,845,1121,925,1104,1204,834,1011,1219,1236,1152,780,1200
644	617,507,744,892,636,288,790,258,833,864,119,100,289,1374,910,878,101,1113,102,103,681,1121,104,962
645	563,727,12,706,770,632,265,18,762,778,519,677,13,797,180,853,928,2027,19,940,111,964,364,980,1036,1046,963,2018,2019,833,1160,1181,1252,1185,1352,1393,1842,749,894,1433,1454,1490,1521,1254,1299,1725,1670,1661,1536,1616,1664,1726,1707,1316,1716,1747,1761,2224,2271,2325,2338,2341
646	1394,24,1295,1461,464,1887,1564,1424,26,465,289,25,2098,2097,1703,1276,1522,2180,1407,1405,1482,2099
647	503,500,198,566,12,97,213,515,3,214,369,1886,590,593,555,565,731,809,17,13,816,1996,92,19,570,847,1887,1782,1161,1440,1473,32,453,454,33,464,314,1030,1703,2101,2225,2187,2186
648	266,1997,462,1369,2146,82,2445,83,116,1418,863,1541,2110,1926,1031,2109,2003,1831,2090,2185,2098,2097,2081,1281,1032,1652,2004,2113,2151,600,601,615,1613,1836,2186,2099,2260,425,2152,1717,1748,2028,2148,738,2006,2134,2136,1507,2183,466,467,468,469,2100,2187,1616,407,2008,1305,2190,1970,395,230,231,2112,1897
649	1256,1271,2106,1335,1403,1434,1510,1527,1553,1606,1618,1597,1626,1658,1691,1699,1682,1743,1760,2206,2254,2258,2346,1896
650	1254,1524,1513,1846,1515,1554,1868,1466,1420,1519,1567,1858,1541,1597,2437,1620,1825,1623,1917,1633,2127,1545,1624,2438,1826,421,1645,2140,1637,1669,1646,1664,1824,2143,2146,1662,1677,1831,1031,1084,1556,1506,1918,1702,2137,1711,2128,1715,1721,426,1684,1737,1985,1032,1767,430,1750,2135,1730,1986,1557,2245,1919,1678,2239,2250,2226,1613,2255,2227,1836,432,2186,2244,2134,1987,2292,1732,438,2329,1595,2136,2336,2349,1920,1155,1507,2357,2337,443,2359,2287,2367,2384,2125,2107,2288,2387,415,1906,2139,2422,2266,2190,2138,2374,1888,1907
651	397,349,200,2032,2172,2035,2036,2039,2173,2038,2041,2040,2043,2048,2045,2044,2046,2047,2174,1822,2049,2051,2050,1591,1596,2052,2193
652	160,171,145,151,616,640,502,605,746,178,600,601,177,800,741,1067,590,864,119,500
653	1638,464,465,536,1668,1031,1695,368,1534,1697,2440,1918,1676,1696,2003,1712,2441,1737,1878,1703,1768,2123,2227,2016,2285,2294,428,1874,2120,2365,447,389,2384,403,2393,1835,2165,2171
654	351,236,735,626,1168,1860,1859,1188,1140,1998,1486,1555,1766,1671,1386,1732,2275,2013,2125,443,2175,924,2413
655	87,90,495,545,712,1886,761,819,777,781,726,788,872,878,733,912,903,587,595,967,942,943,916,308,1068,1062,1103,1109,1120,505,230,231,1522,2334
656	108,43,145,154,153,152,151,165,164,177,547,548,550,552,551,557,574,634,652,669,758,494,2452,60
657	1536,1584,1573,1616,1649,1311,1314,1689,1315,2216,1708,1716,1722,1316,1724,1737,1728,1739,1985,1759,2197,1815,481,1986,1341,2224,2245,2226,2214,2240,1833,2243,2256,1992,2151,2304,2261,2270,2286,2297,1914,2325,2347,2338,2349,1456,2255,2369,2375,1664,2386,2384,2393,2409,1726,2280,2429,1681,2199,1890,2435,1895,1900,1903
658	519,818,511,893,906,928,954,946,1113,979,845,1050,1121,1110,1118,1155,1166,1145,1167,1163,1193,1174,1219,1249,1041,312,1175,1221,1272,1289,1301,2145,2146,23,2147,1293,1333,1302,1362,2144,1857,1410,1398,2143,380,1097,1291,335,2073,416,1000,2142,1532,2141,1856,1579,1095,387,1096,1506,2137,1740,1878,1899
659	1761,2213,2218,2220,2236,2333,2229,2317,1923,2363,2386,2339,2411,2342,2412
660	162,160,161,169,170,168,171,176,178,711,710,1792,1795,915,1799,610,636,929,1796,935,1802,1803,1797,1800,1804,103,681,1812
661	5,188,617,148,825,636,640,537,219,1969,95,493,744,529,777,823,540,110,842,107,41,898,912,925,967,854,953,916,117,2061
662	842,2023,914,712,982,1045,186,971,948,1109,1122,532,1959,597,981,1134,452,1208,1256,1272,121,1305,335,1380,1473,1480,1622,2097,441
663	507,15,545,245,566,734,604,751,744,258,593,763,753,761,113,91,119,124,259,788,865,596,566,931,970,102,1038,115,1122,662,1158,1014,1225,1998,1089,1021,1303,1367,1022,1368,388,1875,1667,1709,1019,2259,389
664	483,529,566,89,88,503,592,604,624,733,578,502,164,95,485,636,246,724,507,605,799,775,112,113,249,288,123,812,722,815,601,829,769,222,91,692,588,884,259,17,541,608,873,139,606,289,787,643,610,885,596,6,811,1817,597,343,1044,395,349,393,1179,344,456,1124,1203,1819,1820,9,1190,2089,1021,230,2030,2031,231,925,1104,1236,345,1372,1369,1013,232,848,1821,513,1396,30,1022,399,1863,1072,1208,1305,864,1554,400,1656,2257,1679,1755,2201,1832,777,2356,2406
665	49,50,757,791,790,297,298,1003,327,328,1960,1254,841,1548,2184,2185
666	364,600,601,615,496,1256,1524,1577,1541,1364,1590,1633,1646,1694,1918,1702,1918,1750,2209,1730,1836,2244,2329,2357,2278,2337,2380,2107,2421,2390,2422,2374
667	579,622,1138,1170,872,335,344,1367,1363,410,1343,1480,1495,1531,1534,1560,1874,1554,1555,1559,406,1190,1303,1344,1563,1875,1825,2065,2064,1614,1755,2201,2099,2336,1558,2352,2139,2410,1892
668	363,1049,1119,1069,532,647,1159,662,1194,633,1240,1021,1098,1548,1583,533,343,1756,1100
669	180,606,596,885,904,567,1100,566,693,597,1029,1119,804,1159,1022,2235
670	600,604,146,624,590,2030,119,958,962,973,2028,2031,1044,1115,1124,1210
671	1796,275,276,588,277,627,620,2115,2011,1147,314,315,2119,1407,1024,1483,2121,1667,2120
672	288,287,289,457,870,873,777,812,842,983,290,738,116,118,1873,2099
673	697,708,264,699,701,587,244,39,744,257,714,729,752,775,645,610,541,188,632,825,537,812,596,933,597,1098
674	2333,2196,1914,2324,2338,2346,2351,2348,2360,2362,2371,2385,2394,2398,2395,2408,2409,2407,2417,2419,2432,1898,1903
675	1,1968,1966,1967,663,550,552,556,573,671,1819,163,2019,177,1820,659,927,332,331,330,707,720,678,799,732,803,1817,198,998,1117,1981,1091,1862
676	944,659,1195,1291,1809,1980,395,1093,473,28,2073,466,1091,1075,535,1026,1027,1028,467,1081,1525,536,1602,1831,980,1036,837,1878,1879,468,521,1732,1771,1240,2296,1224,1168,514,2353,81,469,1594,2287,403,2288
677	128,564,994,103,681,216,546,706,1123,1318,1126,559,1777,488,1553,2
678	473,855,787,372,1617,1665,782,805,822,421,434,435,81,2263,337,419,420,436,449,2105,2107,1732,937,1059,1859,1860,2106,2431,1867,1868,1824,2072
679	502,499,500,109,504,503,515,127,133,264,722,629,610,749,733,593,769,691,605,287,812,517,664,1957,110,369,1138,376,1427,1480,1368,296
680	561,135,1331,1329,1334,213,1361,1866,464,1060,1339,1393,1097,1415,2143,513,1842,1517,1514,1582,1274,2384,2421
681	912,404,2147,1993,1994,1443,1452,405,1487,1520,2126,1531,936,1502,1491,1574,1614,2174,439,1720,2262
682	224,600,140,712,287,735,772,784,790,987,226,7,826,124,807,788,898,595,101,947,602,21,993,994,1004,277,1060,627,2010,2114,1117,844,2116,1179,1203,1169,2117,1361,2118,1389,2120
683	789,839,597,600,601,615,602,496,571,570,1045,182,906,946,603,779,587,620,1110,621,1103,907,1116,1115,1049,237,1124,322,323,751,753,1950,1866,745,1145,1210,1177,1205,352,238,1051,812,1221,704,817,392,846,1963,1964,1965,363,1192,239,1369,2013,1098,1856,508,270,797,853,940,1409,1032
684	1639,1824,1641,1640,387,1218,1667,1674,1711,1878,430,1730,2267,2275,389,2334,2070,445,1888,1907
685	1581,1690,387,1711,388,1597,1588,1532,1740,1330,1365,2396,1374,1385,2301
686	1198,656,1485,1504,1565,1568,1257,1258,1259,1264,1376,1422,1442,1470,1493,1510,1527,1626,1658,1691,1699,1743,2200,2206,1553,1606,1607
687	529,673,700,682,680,12,292,629,720,264,496,690,732,214,512,90,590,1951,265,593,739,1975,556,573,132,671,163,249,808,1952,166,272,91,175,355,50,217,1774,228,1779,1784,1785,2020,354,258,259,257,1792,1794,802,832,815,884,287,288,289,266,267,457,2023,2024,2025,2026,1123,1798,885,2027,900,1799,610,634,1817,1803,708,749,894,557,2452,561,560,135,861,919,1818,2007,307,2021,1126,359,975,1112,1966,1967,152,494,153,145,151,165,177,1968,103,681,2022,571,747,1318,278,303,1950,1866,230,231,232,399,400,360,553,1771,2350,1807,1808,1809,1810,1811
688	1467,1018,1869,268,394,613,1017,1511,269,1522,1528,1412,1562,387,2446,317
689	504,502,499,87,12,722,863,988,846,1963,658,1211,474,311,126,1224,1324,416,2227
690	292,686,109,495,554,590,600,453,976,1068,237,1129,534,1363,1410,1441,1579,2242,1615,2199,2029
691	268,269,2114,2116,2117,1197,1319,2118,315,1606,2122,1084,1194,2120,273,277,275,318,965,1024,1025,1607,2091,2121,2203,2123,2355,316,317,313,1835,2124
692	1011,557,2452,686,672,145,151,550,547,548,669,224,165,177,2020,966,197,702,1287
693	575,133,139,483,616,697,700,12,15,682,708,610,227,751,624,733,453,804,630,519,826,777,1815,611,110,979,845,1121,625,1147,1138,455,976,971,1208,1015,1215,1260,225,357,1294,1997,1250,1303,1274,1322,127,216,590,1299,1344,1372,338,1341,464,1424,2013,1367,967,912,1530,1874,1418,1537,2014,383,1038,1650,1449,1502,1570,513,865,1676,1272,1755,1875,2088,2087,1563,2230,2219,2214,2333,1729,2336,1408,389,149,86,2431,2433,2253
694	134,137,139,717,518,610,708,287,727,147,453,529,641,742,617,225,770,778,288,760,1961,355,719,774,804,649,783,772,636,779,226,718,830,647,832,800,299,859,289,300,519
695	287,289,288,21,290,455,497,598,1045,1812,1810,1147,1161,1014,1790,238,1344,1368,379,1013,1022,1473,1382,1515,1549,1550
696	1099,658,872,1214,1271,1839,372,663,1538,1075,1091,1491,997,1552,1695,1490,1433,1454,1605,1706,2132,1073,2200,1982,2249,1922,2263,2267,2317,2305,2350,1125,1923,2377,2381,2382,1738,2370,389,2339,2187,416,2440,1462,2412,2429,2432
697	90,96,496,264,629,600,644,593,743,288,630,287,516,586,601,806,2024,830,2025,289,855,596,2026,606,2027,871,1119,532,1159,452,1467,1519,1049,1177,1192,1426,1382,2098,1873
698	1100,496,495,571,570,597,1049,1177,396,1461,1426,1509,1511,1498,482,1600,1614,1674,1878,1745,2285,443,389,2388,2416,2397,2423
699	542,544,246,672,974,694,152,494,154,155,158,1927,1306,1000,200,206,44,349,1135
700	604,1794,1795,160,161,711,710,162,169,170,168,171,176,178,710,894,166,1797,1798,1799,893,173,174,1796,566,289,570,599,1803,602,918,103,681,1812,89,88,1012,1813,1012,984,1163,1253,1924,40,1351,2134,2136,1507
701	97,96,127,129,133,216,245,545,546,555,565,590,629,635,637,673,678,700,706,803,832
702	590,12,495,499,555,565,592,735,593,640,587,812,938,17,1,1,369,903,122,1147,1887,1123,199,451
703	90,1960,1012,2145,2146,309,1231,2144,529,1420,1440,1865,1916,1868,1096,1598,2140
704	127,1027,1421,1855,1415,1446,1190,133,1487,1235,1377,1511,1885,233,1273,1418,2386,2316
705	1974,1975,1976,1977,667,703,291,1977,906,946,728,756,182,761,792,854,299,300,320,301,302,742,768,958,2027,802,917,224,579,578,622,1978,801,306,1044,1962,336,2019,2018,998,996,623,862,688,686,672,2020,1966,1967,2021,843,321,975,1112,1116,858,932,1117,1151,547,1145,2022,2056,1299,1850,1423,1281,2140
706	721,124,891,1966,1967,1124,1968,1189,1015,1224,1825,1614,2357,389,2100,2388,1835,2416,1906,2421,2071,2191,2124
707	2260,1273,1670,2311,2312,2403,407,1515,2424,1549,1550,1742,2404,2253,513,2336,1901,2405,2426,2425
708	61,67,68,203,69,201,44,1996,70,71,305,325,326,2449,2174,72,75,2353,77,78,480
709	1930,131,675,145,785,896,295,564,1006,1428,2202,2204,2293,2283,2324,2348,2360,2371,2381,2395,2402,2407,2419,1374,2428
710	1515,1635,1636,1647,1718,1731,1643,1762,1741,2307,2308,2309,2310,2311,2312
711	590,264,146,512,47,750,227,48,757,226,593,515,224,578,579,356,129,920,545
712	1469,1077,663,659,1091,1075,1778,639,653,1076,549,1776,679,661,650,655,656,1628,1088,1090,558,1086,1087,680,727,770,1434,1092,642,1033,646,1683,1845,1082,652,648,2303,1591,1593,1081,2331,2351,2364,2362,2377,2394,2398,2408,2432
713	543,630,609,863,843,653,1069,1147,1161,1887,378,474,1087,1086,1089,1322,464,1373,1412,1487,84,2048,106,472,1541,1576,2002,1984,1822,1668,2053,59,1985,1768,1986,2050,477,479,1987,2175,2099,2302,478,1596,2365,2100,2193,1906,2190,480,2191,36
714	197,1357,1434,410,1415,1251,1446,1441,413,1461,1469,1492,1480,2040,1494,1472,535,1517,2011,1516,1519,1513,1552,1539,1530,1542,329,1287,1540,472,55,1567,1541,1563,1885,1433,1597,1454,1490,1521,642,1610,559,1777,387,1627,2437,388,1615,1622,1632,1631,1843,1310,1629,2438,1621,1653,1657,56,1646,437,2439,1822,1686,368,1315,1688,1693,2440,1676,1711,2242,1707,1701,1316,1712,2441,1723,1739,2442,1759,2197,1751,2208,1750,1735,2220,2279,1919,442,2151,2267,2304,2244,444,2292,2347,2337,2386,2422,381,2374,480
715	637,5,58,245,590,683,96,616,136,501,691,223,503,759,779,1970,1971,1972,457,943,484,708,555,565,630,792,596,562,719,774,859,891,831,1064,1007,570,1068,1067,507,323,1110,958,1044,959,1129,751,1121,879,961,852,1034,1035,1101,1204,862,931,979,845,351,360,1170,1124,1189,996,1297,1296,1302,1391,1390,677,818,954,1050,1884,2329,1528,488
716	1350,1357,1349,1256,1842,1861,493,330,1926,2048,1882,418,1115,106,1701,2132,2098,2097,917,2276,443
717	245,566,624,629,127,133,733,225,297,677,766,518,698,810,519,783,818,590,880,457,767,355,719,864,298,968,1045,633,275,273,274,276,376,452,569,597,596,813,867,893,925,984,1014,1015,1104,1128,1164,1163,1236,1272,2117,529,658,1021,1147,1161,1683
718	1348,1394,1458,2018,2017,1371,1443,1450,1461,386,1518,1620,1686,1710,1744,2208,2220,2222,2353,2389,2264,2411,2342,2412
719	111,374,102,1790,1261,1282,751,1172,1321,925,1104,1236,369,1850,1390,1391,586,1368,1869,1270,388,387,1848,1070,633,1237,1851,1852,1711,1030,446,1103
720	168,690,176,605,44,291,600,601,615,541,541,138,509,537,538,196,790,602,455,842,184,324,510,603,693,568,16,17,20,456,626,189,1927,667,703,668,2116,2115,378,761,792,854,958,1044,302,99,841,191,1004,1998,1845,1229,1375,1375,1929,195,1392,2000,1866,1334,1433,2129,332,1490,1472,1508,1521,1205,1575,1572,2002,1434,1605,33,1628,1070,1661,1675,1738,1349,284,285,286,2234,1447,2072
721	496,1803,570,1799,1792,1796,1798,1801,159,1804,290,625,116,1049,1960,1289,1319,1876
722	1329,1352,1375,1393,1392,1414,1428,1437,1430,1438,1450,1006,1460,217,1474,1476,1499,1469,1508,1488,1514,1518,1285,1284,1526,1513,1286,1539,1287,1288,1540,1582,1586,1572,1601,1769,1627,1618,1630,1628,1632,1310,1649,228,1608,1311,1725,1661,1675,1312,1313,1314,1726,1707,1710,1705,1316,1723,492,491,1739,2207,1747,1759,1754,2208,2213,2222,2202,1485,353
723	1006,1055,675,1171,1268,1275,1432,1442,1264,1422,1257,1259,1503,1504,1565,1568,1470,1493,1510,1488,1527,1485
724	554,1304,1485,1405,658,660,1093,1467,1256,1367,1422,1442,1470,1511,1524,1563,1308,1617,1239,1533,1561,387,1640,234,235,1639,1637,1702,1691,1699,1743,2186,2397
725	1931,590,689,714,593,630,812,596,597,994,1107,633,1172,1159,1021,1321,1022,1396,1583
726	495,496,874,886,895,901,915,921,926,935,1009,1054,1119,1953,1954,1955,1142,1148,1149,1021
727	1960,1208,1847,2013,1865,1418,1486,1095,1536,1096,2014,2184,1616,2015,1556,2137,2185,2197,600,601,2105,615,2016,2186,2134,1557,2136,1558,1507,447,2187,2107,445,2139,2410,2138,2188,2414,448
728	770,453,811,528,815,722,1775,2217,791,776,245,566,624,810,636,100,727,837,927,364,947,455,1004,102,1108,1070,948,1150,1139,456,1231,1242,801,1387,1444,1498,55,56,443,2288
729	673,700,629,15,41,245,644,708,699,287,722,127,610,664,685
730	295,1352,1378,1428,1437,1430,1657,437,1735,1754,2223,2293,2324,1571,2348,2381,2402,2395,2419,2428
731	704,738,1940,994,864,975,1053,1939,196,216,546,925,1932,562,575,1934,1933,287,891,1945,870,1139,1066,125,842,2027,666,697,769,721,360,777,948,150,103,681,288,299,300,320,321,1789,1744,1948
732	1194,241,339,377,1213,1225,1248,1256,1270,1322,1344,1161,1334,1231,1850,1277,1841,1463,1417,1459,1840,1451,471,1321
733	1256,1247,1276,1045,1334,1380,1842,1440,1869,2142,1522,743,1960,833,424,677,766,1570,1022,1511,1882,2184,406,2184,387,1614,1405,421,1531,1638,1669,1880,1662,1667,1674,1190,1303,1344,1874,1875,425,1876,600,386,2185,434,15,649,216,245,566,1703,482,2186,2237,2284,435,1213,2335,439,1693,513,1853,1854,313,2187,436,1136,138,2188,1888
734	163,248,304,291,278,326,262,2032,674,917,206,2034,673,1998,700,325,1208,2074,1250,263,349,303,875,1536,1402,1616,1859,1860,2053,1698,2075,2079,277,1981,1757,416,1685
735	1331,1434,1974,1075,1526,1617,1632,1080,1982,353,1724,318,2245,2279,1308,2364,1094
736	808,722,834,370,584,851,780,289,920,552,163,1171,1288,329,1575,1771
737	515,645,541,256,538,537,904,153,941,952,652,653,1271,655,1090,1076,663,1085,1082
738	818,220,797,356,822,894,628,2062,378,1840,1461,1426,2142,1449,1524,317,318,1084
739	159,170,146,162,160,161,169,171,711,529,616,168,587,585,600,636,174,287,288,176,297,512,112,113,810,710,178,601,598,854,880,710,1792,1794,743,575,298,1795,873,143,173,166,702,1797,289,1798,596,918,1799,300,299,929,1796,935,1800,842,958,1801,960,1802,644,1803,597,1804,860,993,950,1044,911,1045,102,101,100,1805,998,1806,103,681,654,1807,980,320,1808,1809,46,1810,1122,1811,2010,1812,1117,116,1124,117,633,1012,1154,1145,104,260,179,310,1813,1131,1203,1859,618,1012,1210,1209,1039,1814,1229,1249,2011,1253,1809,118,1231,1098,239,1368,1994,1538,761,2101,1541,2098,1667,2071
740	356,356,93,94,95,48,46,47,217,1774,228,1779,1784,960,708,749,894,944,674,738,1332,1169,817,888,355,175,723,765,998,1117,1351
741	15,147,223,292,803,815,820,539,712,807,7,615,17,111,854,761,860,350,642,1969,885,898,454,453,1156,187,260,786
742	160,496,495,511,594,711,710,820,515,517,726,176,605,166,174,173,497,585,588,636,89,88,178,616,617,1775,2217,109,268,506,670,734,763,159,512,604,610,624,90,91,109,110,146,504,566,571,576,589,590,1791,162,161,169,170,168,171,744,825,502,503,501,691,692,287,288,289,874,886,895,567,601,612,615,702,814,269,587,693,771,856,245,356,566,570,619,595,927,46,356,842,941,962,1803,1800,1799,1792,1798,1794,602,224,579,578,103,568,606,607,611,621,623,620,622,625,627,631,681,751,753,903,1062,92,117,455,454,453,644,1049,1109,456,532,1029,1154,959,116,369,586,596,628,102,101,100,452,493,597,626,684,593,630,1012,1015,1191,1253,2108,1240,105,1023,1051,1147,1161,1256,1267,1292,637,811,1016,1192,1322,965,1013,1338,1282,1373,555,565,592,1024,1119,1426,2093,2092,1159,1347,1412,1853,1854,1844,2114,2118,1495,1368,1870,2095,1483,1232,633,1882,2094,2122,465,1625,1871,1025,2096,1667,1878,377,379,378,1872,1877,1455,1843,59,614,478
743	199,588,592,215,279,280,589,826,666,864,697,769,281,742,829,708,282,916,110,27,868,796,973,488
744	287,288,167,354,879,289,937,951,529,908,960,1039,1063,1059,1132,1140,1144,597,1859,740,1860,618,1188,739,1867,1446,2180,2098,2250,2329,1342,2109,2100
745	566,355,617,636,1086,287,288,802,89,584,583,582,790,88,497,139,496,708,354,15,493,842,923,804,289,751,736,454,761,181,828,903,2017,967,938,927,27,22,692,567,693,566,455,602,912,994,1045,965,1044,1062,1147,117,349,595,1124,456,594,378,606,607,1819,625,980,1036,843,626,865,1038,2011,627,1206,1322,2012,372,1016,1351,2144,1409,855,1425,1373,2094,2173,1821,1865,1013,1544,2141,2014
746	641,129,635,723,743,806,824,871,908,909,19,934,125,960,907,1043,998,256,236,838,393,727,770,637,811,383,384
747	1109,1000,2236,2252,2331,2351,2194,2194,2055,2361,2389,2339,2408,2342,2418,2412,2432,405,404,440,1898
748	616,484,515,555,565,245,264,722,495,590,674,708,261,493,583,582,604,775,751,739,624,16,753,617,767,771,804,601,630,842,614,606
749	356,1265,1273,1343,1403,386,1477,1499,1472,1464,1285,1543,1581,481,1586,387,388,1618,1456,1649,1637,829,973,1661,1619,1670,1313,1682,1726,1690,1711,1714,1713,1721,1766,442,2214,1746,1833,1293,2255,2204,2282,2267,1827,2294,2357,389,449,2382,2367,2384,2396,772,2340,1114,1888,2345,1907
750	172,1974,742,768,938,453,313,979,845,1087,1086,454,1010,1186,1194,1088,934,197
751	542,544,572,667,703,217,574,672,686,688,2020,1784,1785,1783,2007,2021,2022,2008,411,412,1492,1337,1340
752	1776,679,610,246,585,299,639,661,873,587,657,908,982,1997,993,889,336,653,349,965,812,838,975,1109,1065,1127,378
753	496,171,717,716,750,159,617,584,583,582,166,808,297,1792,1794
754	846,982,12,813,735,837,256,882,978,1008,1963,518,1071,458,5,751,369,1139,1010,1147,1134,1162,2062,456,1181,1965,1156,452,1252,649,877,1243,1266,1247,229,1098
755	551,87,135,300,299,320,561,919,1976,1978,1977,1974,1975,103,681
756	557,2452,213,214,512,679,758,44,511,1033,646,941,652,648,919,663,861,1082
757	575,166,176,808,178,833,812,741,787,840,1792,571,710,1794,779,212,1795,797,873,1797,891,905,920,942,322,115,1153,393,1479,1535,1570
758	587,588,97,161,585,584,109,245,166,610,599,91,710,787,611
759	825,962,505,453,844,455,126,474,534,311,1236,312,1108,850,1277,2145,2146,1999,1092,2147,965,1098,2074,2143,1097,2173,2077,1451,1861,2075,2176,471,2142,476,1487,2121,1528,1481,1555,51,106,1576,2002,2014,1622,2122,2076,2174,1621,470,1589,2140,1656,1655,422,1822,2080,1095,1096,1602,1677,1663,1673,368,2257,1506,2078,2137,1711,2003,1715,665,1719,1760,1758,2123,1768,2212,2135,477,2239,1832,2267,2259,2016,1226,2175,2280,2277,2299,2134,2005,2302,2083,2136,2278,1634,2357,1507,2356,2118,2365,2006,2365,482,389,2287,2448,2399,2193,2406,2139,2390,2413,2431,381,2431,2190,2138,2427,1893,1894,1638,1888,1889,2191,2124
760	1962,365,366,367,452,408,1288,1511,1614,1674,1405,1641,1771,1640,2262,2316,407,2397,2423,2171,782,805,822
761	698,704,792,854,873,677,766,356,958,668,728,892,838,946,287,996,1241,398,1345,1850,1869,1615,810
762	1633,2184,1702,2216,1228,1717,1546,419,1713,1845,1985,1748,1767,1446,2206,2254,1311,2232,2183,2185,2250,2247,442,2258,1640,2262,432,2329,2316,2355,2416
763	88,129,587,590,635,682,39,495,673,496,593,596,1931,103,681
764	285,284,283,286,15,1995,821,904,1996,1997,1998,1999,2000,83,2001,84,106,2121,2118,2002,2114,2119,2117,2003,2004,2005,2190
765	1508,1571,1675,1683,1316,1734,1738,1749,1759,2236,2223,2240,2249,2241,1823,2272,2269,2289,2286,913,2295,2305,2319,2321,1837,2325,2346,1770,2369,2055,2402,2418,2430,2343,1890,1895
766	1174,2129,2449,1234,1462,1469,373,793,1590,1668,1222,1700,1716,548,1465,2380
767	1298,1307,1348,1423,1363,1394,1408,1341,1359,1461,1542,1909,1523,1910,1555,1559,1609,1620,233,1686,1682,1912,1744,1715,1750,1758,2220,2289,2304,2295,2305,1914,2347,1923,2337,2389,1915,2422,2430,381,2391,2374,2427
768	287,289,288,300,299,320,802,882,940,998,1974,1816,1815,643,651,336,1018
769	2011,2009,826,147,876,1278,1193,1434,1420,1514,1518,1453,2148,1582,1465,1601,1769
770	545,689,245,97,96,495,528,562,575,496,604,587,90,610,624,600,593,555,565,592,605,630,216,242,571,546,515,516,642,596,606,637,637,811,589,612,92,566,1100,945,619,570,842,924,597,251,252,995,607,890,19,103,681,1119,1029,2010,504,576,1152,633,1156,821,904,1003,1159,1147,452,458,459,595,1041,1042,1175,1021,621,378,760,1324,1023,1015,1197,1328,473,1098,1389,1373,1429,198,1867,1457,1022,1478,2014,1685,1165,1471,1077,665,1598,81,2365,2421
771	2133,1746,2205,1750,1829,2086,2087,2088,1591,1613,438,1592,2227,2274,2273,2292,1830,2320,2323,2330,514,2357,2355,1594,2361,440,2399,407,2193,2339,2107,2288,2387,415,2085,2054,441,2412,2422,429,1905,2195,2374,1894,1897
772	2032,2035,2036,262,2039,2038,2042,2040,2043,2048,2045,2047,1822,2049,2053,1733,2051,2046,794,2291,1596,795,302,301,2054
773	1515,1549,1635,1550,1636,1647,1718,1731,1643,1762,1763,1741,1664,40,1742,2404,2405,2426,2425
774	649,774,255,256,350,356,819,931,657,984,996,1044,1124,766,1145,1167,1106,1276
775	160,170,176,166,178,1795,708,1792,1798,1794,1799,885,2027,133,1053,888,2102,1846,1858,1554
776	507,245,590,15,1931,699,140,712,600,261,604,11,714,749,1086,792,256,869,341,181,962,925,2031,1103,1119,1105,633,1152,1949,1190,1321,1273,1293,1344,1449,1755,2259
777	885,613,678,967,1817,947,596,963,603,973,1029,1231,1334,1197,1098,1424,1276,1880,1663,1819,2284,1667,1828,2069,446,1585,389,2070
778	1132,1859,833,1160,1039,1144,865,1038,349,1200,1207,1187,1236,1051,1247,1255,397,1262,1790,1282,1295,1272,1103,2106,1231,2172,1409,2173,1427,1446,1483,474,1522,1982,1598,2174,1646,1688,1679,1709,2230,477,1881,2175,2273
779	1343,1601,1474,1518,2129,1433,1454,1605,2130,1862,1434,1514,1654,1670,1861,1312,1482,1588,301,1911,1706,1698,663,2268,1246,1099,389,415
780	301,709,694,542,544,1644,331,332,302,1977,663,880,1171,216,1193,1216,1251,1230,1980,1091,1458,335,1512,1473,1722
781	223,939,1969,1970,50,841,460,2450,1471,1854,1564,1650,1709,59,1703,2225,319,1835
782	90,555,565,676,503,673,583,678,587,245,369,515,590,707,261,616,708,751,592,610,624,753,630,457,804,842,2068,597,1818
783	1356,1069,821,349,904,1043,1003,54,736,2104,454,1165,1147,1859,455,1194,1161,1860,339,327,2092,1839,842,1015,1048,1089,751,1304,1999,1322,1016,863,2093,843,1410,1997,82,1122,1471,83,2001,1412,84,106,2095,1587,1870,2096,2004,491,2006,1871,2190,480,2191
784	289,607,290,362,1044,287,288,625,2021,1115,305,54,1124,1866,1990,204,205,663,626,2022,325,2086,655,2087,2088,1168,1184,2033,1820,1210,1205,2008,659,326,1196,2089,841,2108,2102,207,2032,1981,1873,2147,2082,1091,228,1779,1784,1785,2007,217,1774,2035,2074,1369,2039,411,1090,2077,2038,2075,76,1075,2041,1781,2109,1076,309,311,312,2144,2141,2048,412,2182,2044,1541,1604,1611,2046,1982,1598,2076,1080,1500,1499,1085,2078,2051,1767,2081,2210,2050,2113,2285,638,2329,2083,2416,2340,2085,2054,55,56,1094,2037,2129,2072
785	1508,1526,857,1572,1632,1608,1648,1183,1661,1680,2216,1707,1710,1315,1838,1728,1739,1747,1761,2208,2211,2218,2224,2231,2236,2252,1823,2281,2272,1773,2303,2297,2331,2347,2338,2351,2358,2354,2249,2364,2362,2369,2385,2372,2394,2398,2408,2415,2417,2430,1898,1903
786	216,1126,1318,2093,1390,1391,851,1074,1369,1210,1115,1124,2251,1592,2374
787	555,565,592,630,637,1,811,666,689,597,562,570,1197,1321,1328,1018
788	1716,1723,1749,1754,1761,2213,2202,2218,2223,1913,2240,2221,2248,2272,2269,2286,2293,2297,2301,2283,1222,2325,2319,2324,2338,2321,2348,2354,2360,2369,2366,2375,2381,2395,2402,2409,2407,2418,2419,2429,2428,1895
789	801,260,510,278,325,99,663,248,659,326,1990,2449,489,1937,2082,356,49,287,289,288,1281,2092,1668,2355
790	1774,704,738,888,817,1779,1784,1785,969,1053,2103,1846,1952,1084,1418
791	679,200,201,549,558,152,494,153,639,1778,154,155,661,206,156,43,157,158,164,510,653,655,1090
792	356,707,732,803,799,885,1817,1974,1975,1976,831,1064,1115,1059,253
793	1510,1374,1518,1488,1527,1910,1286,2055,1546,1553,1606,1586,387,1911,1309,1607,1604,1611,1618,1630,1649,1661,1626,1658,1312,1691,1699,1710,1316,1912,1743,1764,2206,2210,2222,2236,2254,2243,2258,2281,2295,2305,1914,1833,389,2178,2340,1404,1577,1633,1702,1767,2059,2179,388,1711,2267,1888
794	193,772,887,842,936,1049,562,195,540,1366,335,760,1924,2091,1256
795	89,128,108,790,86,582,860,889,487,619,620,621,1998,1336,476,1074,2001,477
796	5,590,46,644,496,213,214,585,724,637,637,129,641,593,453,682,636,691,98,989,992,990,991,164,601,516,1123,454,1126,1074
797	2033,2034,2035,2036,2039,2038,2042,2040,2043,2048,2045,2044,2046,2047,1822,2049,2051,2050,1591,1596,2264,2193,2054,2037,36
798	1781,1779,127,686,87,89,88,129,495,635,133,587,744,733,130,249,102,360,1104,1126,843,1236,2011,230,2016,971,1445,1220
799	189,326,1048,238,2103,1485,194,1329,1787,2102,1350,1352,1348,1863,1375,195,1392,1097,2143,2082,1403,1477,1343,1265,1948,1456,1461,1283,844,1284,1846,1285,1539,1287,1425,1526,1010,1135,392,1586,1052,1153,33,1618,1627,2091,1141,1411,148,1310,1649,1608,1228,1657,1675,1556,1690,1707,1723,1728,1424,1716,2207,1739,1735,2213,1683,2236,1557,1771,1833,2281,2221,2293,2328,2324,2346,2348,2368,2378,2384,2392,1299,2396,2407,2411,2340,2341,2418,2419,2415,2029,2428,2435,1890,1902,1896
800	1974,1976,57,1978,547,902,1133,548,163,861,553,556,132,552,551,1195,663
801	167,879,870,872,125,930,776,101,946,1020,313,797,800,951,962,853,940,914,958,801,1121,1219,1302,345,1188,1396,1666,434,475,1030,1755,1455
802	575,799,630,255,256,592,593,767,811,1958,111,814,350,608,724,744,827,269,596,885,1959,1957,1956,496,613,842,27,751,570,597,804,2028,1051,1029,1817,1818,495,571,812,1119,1122,1049,237,1109,1134,1960,633,1172,1159,1187,1152,1177,1012,1208,1191,697,769,1051,1256,933,1021,930,1321,6,1328,1192,1338,1367,2131,1396,1427,1407,1426,345,2183,1018,533,1495,1511,2011,2184,1667,1674,2185,2132,1819,2133,2186,1017,2316,2352,2187,2188
803	1250,2131,1098,1424,1387,1022,1479,1495,1865,1519,2101,424,813,999,1164,1320,1541,1875,425,1650,1677,1687,1876,1709,1719,426,1209,2097,521,2230,2233,2133,2284,2273,81,2393,427
804	142,187,495,563,149,498,108,1001,370,371,823,893,101,185,313,992,999,455
805	216,587,498,694,452,1040,1336,2155,1843,1984,343,1640,475,2203,413,2095,81
806	585,817,594,704,888,288,287,1937,969,754,595,1053,1945,1946,1127,1787,1947,1938,537,344,2102,1948,1274,105,1949,2103,2153,1331,451,1366,1863,2156,464,2157,1864,1530,1537,1858,2160,2161,1084,1703,2276,1595,389
807	260,797,843,1045,922,2019,842,751,753,812,1060,596,864,930,961,1114,507,493,1122,316,313,748,798,1041,1042,980,597,378
808	2034,2035,2039,2041,2040,2126,2043,2048,2044,2046,2127,2047,1670,1822,2049,2128,2050,1591,423,1596,2052,2238,2193,2054,2037
809	452,1206,1262,1232,1446,1483,1854,1555,387,1666,1711,1756,2262,2267,1486,2335,2357,389,1906,2431,1888,1889
810	356,678,707,720,732,803,799,885,129,356,635,641,1859,590,593,596,630,731,1109,1818,597,1860,452,1154,1212,1021
811	680,714,90,690,725,128,630,590,1,596,215,769,1100,930,127,133,597,870,684,903,186,1056,1119,1172,376,1321,1078,2446
812	2008,1952,709,1862,411,2038,31,1861,2042,76,2041,301,1420,2036,2090,2130,1453,412,2182,398,1465,2014,1135,2047,1580,1642,2051,2048,32,1418,1404
813	49,224,776,1374,912,940,1034,1035,1963,1204,1965,1210,105,229,1256,2091,391
814	159,179,267,1797,885,1798,778,361,1796,943,968,362,115,843,1812,2086,2087,29,2451,76
815	1644,331,1422,1432,1442,1470,1331,1376,1258,1503,1504,1493,1510,1527,1565,1568,1308,1610,1911,1626,1658,1691
816	484,497,575,716,264,146,600,214,604,714,708,171,565,592,990,283,737,169,15,796,624,162,159,285,170,641,647,168,691,166,174,778,176,605,797,771,178,809,1791,1793,371,640,692,783,813,1794,1795,1785,1797,606,567,1796,596,1799,807,712,898,936,1100,806,824,871,693,717,566,948,1800,92,1801,570,927,185,970,1803,597,812,607,995,1154,1029,1049,1122,2011,1021,1098,914,1371
817	587,109,136,566,708,264,722,629,90,453,796,742,815,594,864,967
818	1061,1953,1954,1955,915,1186,126,921,926,929,935,1228,223,1969,1970,2030,1271,1354,1402
819	1410,1865,1560,1570,744,1456,1637,1276,1669,2160,1314,1838,1455,1700,2237,2282,445,2125
820	812,1938,842,933,953,1062,1058,1944,1056,1945,189,344,848,1194,273,2116,238,195,1396,1679
821	330,331,667,652,363,550,648,861,655,661,2129,73,646,291,1088,745
822	777,788,1055,375,1974,1979,1146,872,1245,2443,659,2444,1091,1377,2445,1207,1235
823	1002,278,1040,617,1817,979,845,1045,1004,568,15,17,16,22,562,575,1121,625,1931,20,245,503,566,592,596,624,853,1029,706,454,8,621,7,591,532,597,1154,456,1318,21,142,9,187,188,192,191,1250,493,1512,194,2091,1609,1760,479
824	287,288,457,937,994,1059,116,658,2106,1369,1201,1395,1867,1446,1868,1481,1720,1455
825	1866,1514,1926,1546,1597,1653,437,1619,2058,1316,1759,2213,2226,2236,2223,1582,2243,1823,2204,2270,126,2291,489,1840,2306,1389,1016,1015,1870,1373,1871,1872,631,627,1023,633,2402,2411,2418,2344,1890
826	2036,2035,2039,2038,2042,2041,2040,2043,2048,2045,2044,2046,2047,1822,2053,2049,2051,2050,1591
827	2149,2102,1864,2103,1846,2148,1858,1224,1833,2151,1116,1145,1857,1827,2249,1293,2382,449,1594,2150,2192,2340,1084,1595,1221,1856,415,414,2345
828	90,89,88,590,576,496,600,644,592,245,566,502,271,90,624,254,253,637,255,272,811,17,860,791
829	979,845,1345,106,1622,1633,1646,439,1750,2244,2333,2300,2337,440,2125,441,2422,2413,2374
830	629,249,639,516,589,755,840,294,356,942,273,947,596,1815,1816,1119,956,82,994,1022,360,1156,2183,405,2437,1083,1548,423,2442
831	489,31,32,33,283,284,1545,35,1642,2111,1678,34,1169,2190,2266,36
832	140,1227,1190,1244,1948,392,1269,1307,194,1348,1355,1394,1343,1403,1497,1542,1416,1909,1477,1436,1500,1492,507,825,1581,387,1308,388,1711,2267,2294
833	594,515,91,603,1963,382,1965,1860,1820,1338,1625,2260,478,1507,2139
834	636,537,965,188,195,1325,1410,1425,2119,1411,1449,1445,405,1562,2132
835	167,879,951,1063,1117,1115,1859,335,1303,1302,2106,1293,1342,1346,1344,1277,1365,28,1857,1380,1421,1867,410,1451,1446,413,416,1475,1869,1479,1487,1509,1874,1868,1856,1885,1345,2184,1545,1038,1650,1656,1824,1875,1669,2080,1709,1991,1768,2230,2105,2247,1613,2280,444,2302,2329,2083,2300,2357,2365,443,1677,2393,2107,2416,2406,1906,2413,1989,2188,2112
836	413,1502,1486,851,1670,2058,1690,1715,1758,1464,1543,2212,2279,1713,2304,2347,2356,2386,2059
837	1169,1948,1252,1278,1307,1118,1329,1340,1463,1379,1423,1414,1419,1458,1399,1437,1436,1482,1461,1500,1499,1283,1284,1535,1539,1287,1546,1586,1769,1618,1620,1631,1311,1661,1619,1686,1707,1710,1705,1316,1744,2220,2222,2228,1913,1771,2290,1914,1834,2376,2386,1915,2401,2340,2341,1891,1902
838	40,1187,1200,1256,831,1064,335,1208,1218,238,323,490,666,344,1281,1051,842,240,779,1056,848,1271,1273,1305,1128,1107,1346,1341,1338,971,1220,1098,1380,1408,1405,1427,1445,1441,1018,1479,1173,1511,2126,1524,1481,2446,1719,1634,1435,1520,1729,1755,2201,1986,1019,430,1987,1022,1531
839	600,287,288,1935,1935,1936,1932,2009,1938,1937,969,1939,1940,1941,1942,1943,1944,1945,1946,1947,2011,1948,2093,1341,1273,1359,1408,1523,2014,2212
840	1416,1413,1430,1436,1497,1460,1476,1514,1283,1285,1284,1286,1539,329,1287,1288,1582,1586,1309,1618,1379,1630,1310,1649,1311,1661,1312,1628,1683,1314,1313,1707,1708,1739,2208,2213,2236,2249,1833,1771,1770,2271,2268,2281,2269,1823,1773,2328,2321,1834,2353,2358,2377,2382,2385,2378,1450,2400,2402,2340,2341,2343,2436,2435,1890,2345,1902,1896
841	1287,1648,1725,1183,1660,1661,1670,1573,1680,1673,1665,1726,1315,2216,1707,1700,1838,1710,1705,1728,1316,1721,1739,1759,1764,1766,1751,1761,2208,2213,2222,1329,2218,2224,2226,2236,2214,2249,2240,2252,2243,2261,1823,2270,2289,2282,1773,2295,2305,2303,2328,2331,1837,2325,2338,2346,2349,2351,2353,2358,2364,2368,2372,2366,2369,2377,2189,2370,2398,2411,2415
842	46,245,526,528,555,565,590,645,43,12,93,160,547,566,587,711,710,1956,90,133,577,708
843	1004,1062,1070,1120,1122,1146,1859,1152,1160,1164,383,1860,1177,384,1208,1213,1212,1236,1229,1051,1247,1256,1248,1790,850,1303,1320,872,1231,2106,1336,1334,1342,1232,1338,2093,1369,1371,1404,1400,1855,2094,1867,1440,2001,1398,1233,1495,1868,833,51,1846,2014,1600,1599,1625,1640,1667,1666,1692,1696,2096,426,296,1756,2198,479,2105,1881,2262,2352,2069,2070,2107,1904,1906,2420,2071,1889,2072
844	61,62,63,64,203,67,68,69,202,70,71,126,72,73,208,75,74,210,80,77,78,211,79
845	711,710,162,47,578,225,176,226,842,454,597,1803,224,14,452,1177,1814,1425,1842,1059,521
846	50,818,1162,1193,1214,1230,1237,1243,1184,1251,1007,1323,1329,1339,1349,1358,1401,1393,1416,1284,1851,2249
847	90,947,1966,1997,2060,916,888,1053,628,2103,1366,1372,1864,1479,387,2065,2064
848	1874,2048,424,1562,1570,1577,1533,1561,1882,2079,1525,1875,2067,2446,482,1617,1615,1614,1625,2127,2174,425,431,1038,1669,1880,1662,1667,1602,1674,1876,368,1697,1524,1709,665,1030,1022,1473,1883,2440,1019,2230,2198,2233,1732,1881,2186,432,2175,2277,2275,2298,2320,2323,2316,2336,2069,2287,2367,2187,2070,2288,1746,427,2397,2390,2423,2273,2422,429,2071,2427,2374,2072,480
849	1044,1124,670,792,1210,1945,1622,342,890,1138,842,1254,1346,519,778
850	779,778,809,281,842,125,1045,1068,1129,1143,327,1041,1170,1946,534,1189,1297,1511,1554,1825,1826,1441,1667,2267
851	159,227,748,802,880,874,882,757,886,778,915,921,1799,356,926,2017,2018,929,935,960,1803,704,1009,60,2021,1953,1954,1955,1151,1184,1927,1198,1227,1241,1243,1269,1263,1337,1329,1355,1352,1378,1401,1423,1413,1428,1430,1508,153,1587,1539,1540,2055,1610,1657,2082,2013,1735,2249,2263,2346,2194,447,2378
852	147,637,992,453,778,590,593,813,810,787,1793,2027,968,1154,1176,1174,695,843,1217,363,1161,1994,1440,1524,2250,2392,1577
853	600,109,610,585,496,630,807,1788,1789,596,898,595,356,945,830,611,545,936,967,855,1054,1029,633,628,1017,452,2009,1021,812,2103,1256,1192,714,1250,275,277,841,1426,1018,2176,1495,2121,1548,745,2157,1937,2153,1947,1945,1377,2122,2169,343,1478,2123,2175,2284,2201
854	1969,90,151,820,1123,1972,1995,861,606,180,885,1973,567,1996,918,566,183,693,962,2007,1035,706
855	663,1996,1995,1285,1516,1284,1535,1552,1286,1472,1539,1287,1288,1551,1546,1540,55,1586,1309,906,1205,1584,1601,1627,1618,1566,1630,1632,2076,1648,1649,1311,1660,56,1661,1670,2080,1680,1312,1314,2078,1707,1705,1991,1728,1739,2207,2081,2208,1735,1453,2279,2228,2214,1155,1998,1999,2246,1833,838,1992,1770,2271,2243,2281,2304,1536,444,1823,1773,2005,638,2328,2083,1834,2347,887,2353,2358,1952,1951,988,2362,2368,2372,1997,2359,2377,2084,2379,449,1350,2003,2333,2400,2085,450,2265,2436,1981,2266,1982,547,548,669,494,2191
856	499,574,771,555,590,365,185,613,1147,15,367,1122,1206,1197,311,912,2141,1498,1522
857	206,301,1230,1497,1500,1461,1251,1475,1869,1499,1532,335,1288,949,1856,1579,1345,1651,1740,1884,1899
858	1376,917,1442,1538,1565,1553,1606,1607,1447,2114,2122,2118,1626,1437,1433,1454,1743,2206,2123,1835,2124
859	122,1177,1199,1813,2443,474,1998,1814,1189,1210,191,534,451,1385,1277,2145,2146,1999,1215,2147,476,2445,1079,2148,1466
860	1939,145,1940,1941,1942,1943,2019,1944,944,336,623,321,950,587,619,1945,2010,1150,1866,1950,278,305,1946,1172,1787,452,1947,9,666,697,769,2011,1948,1242,1169,1274,1949,1208,1305,1980,2153,1321,392,292,2082,1156,2154,2012,1366,2155,2013,2156,1022,597,555,565,592,2157,590,593,630,596,1029,633,1021,1119,1159,1328,1487,2158,1846,1530,1537,1583,1465,2014,2160,1576,2161,2162,1756,2016,2276,2163,447,2107
861	2449,1170,1297,1296,1434,1505,1439,420,1288,1329,1648,1673,1665,1314,1726,2216,1316,1753,1752,2211,2110,2231,2214,2113,944,2243,1770,2261,1823,1716,2333,2303,2331,1837,2325,2181,1742,2394,2398,2370,2408,2417,2432,1891,1900,1903
862	452,1196,590,1064,1185,1108,1267,1292,1147,1161,1322,2092,2093,766,818,1050,1237,810,1849,1045,1359,973,1179,518,519,928,963,1130,1201,2073,1291,1265,481,2257,426,2406,1656
863	247,747,1927,227,1183,745,291,1956,304,2082,306,678,1424,906,1102,1928,831,1780,1925,1370,1512,424,1887
864	90,1102,801,287,288,289,575,879,736,951,674,974,602,875,455,1002,212,290,947,603,994,1780,975,1137,2010,116,943,1160,1045,456,1167,1202,1207,1229,1131,1203,860,993,1247,1255,1845,2011,1070,1231,379,1334,1361,1841,464,890,1409,1447,1842,417,1079,1856,1567,1882,1615,1843,465,475,1712,1642,1701,1274,1366,1530,1537,2014,2198,2151,1881,1406,1384,2072
865	569,568,693,2074,1354,1166,1419,234,1740,235,1579,1227,1340,422,1105,1899,1857
866	175,355,354,1008,356,357,452,888,1847,1463,1066,1230,1458,2296,1908,2261
867	218,219,779,225,946,616,617,918,709,1815,917,1945,1007,408,760,757,1067
868	24,1466,1525,26,1843,1545,2180,2122,465,1602,1580,475,25,2096,1642,1745,2135,1678,2105,1836,2186,2134,478,1507,2100,2187,2107,2266,2188,1897,2124
869	146,159,162,160,169,170,168,171,711,710,166,176,178,1792,1793,1795,1797,1794,1798,1799,1796,1800,1805,1804,1806,1808,1807,1810,1809,1811
870	652,1139,1193,2129,1230,1228,225,1158,1298,1307,1092,1862,1348,1463,464,1383,1394,1090,1419,82,1925,1424,1437,2000,1482,1452,1074,1363,1461,83,471,466,476,2001,1491,1495,84,1926,1588,1533,1928,1960,2183,424,1569,106,1577,472,1342,1561,2002,234,2184,1825,1599,1633,235,425,736,2080,1673,1702,2185,1692,2003,1991,1744,1767,2197,2081,1751,2004,477,1992,2186,2277,2005,2329,2006,2187,2448,427,2416,1904,2190,2188
871	975,1112,1388,1434,1500,1461,1499,1514,1284,1287,1505,1288,1582,1575,1586,1618,1620,1649,1311,1628,1312,2058,1708,475,1753,1744,2220,2236,1833,34,1770,2268,1823,1834,2355,2382,2386,2389,1604,2368,2411,2340,2415,2415,2343,2195,480,36
872	590,593,812,111,630,17,313,580,342,596,454,818,455,963,956,597,1056,1564
873	526,791,111,853,1933,1932,1934,1937,761,906,914,918,897,900,985,1067,946,1940,1956,1939,1941,1044,890,1942,984,1943,1944,977,996,986,1116,1180,1138,1012,1163,1203,1012,474,385,462,1231,850,1330,1347,1405,463,1447,405,1487,417,1827,2336
874	991,713,728,734,604,990,744,624,763,255,784,780,761,815,820,852,107,807,100,799,101
875	854,787,748,798,906,905,564,914,918,893,931,940,674,946,932,304
876	293,765,146,762,109,594,264,545,933,936,930,870,1107,1152,376,2117,241,1321,1367,684,1368,1790,1351,345,2173,1842,1022,1495,1078,1520,2122,2121,1625,1679,1756,2123,2399
877	742,768,1196,849,902,1195,357,558,1819,1820,1015,1023,363,1147,2066,1089,1016,1373
878	1204,914,918,1139,826,1034,979,845,721,1101,1218,1190,1224,1319,1303,1048,1226,1302,1344,1403,40,375,386,86,292,1477,1512,1409,1435,1520,1341,1581,1421,1475,2065,387,388,1638,1634,1874,1876,1670
879	287,288,289,908,320,321,738,1129,1945,1146,1117,116,1143,1154,1946,1787,2102,1250,2103,1863,1377,1441,1842,1233,1846,424,1843,1641,1640,1692,1711,2099,2069,389,1904
880	812,1538,1869,1512,128,1067,1462,1522,199,317,1363,346,1851,1667,431,2060,387,1479,314,2199,2262,2273,1703,1086,2235,319,1906
881	1,1,199,791,796,672,686,833,834,554,542,572,267,356,174,1796,177,1800,968,550,551,573,671,163,919,966,1804,1803,200,44,1976,1975,1908,1099,1052,1153,1139,558,1778,639,653,487,1270,357,2108,1405,1380,387,1073,1614
882	43,542,544,572,491,492,1244,1275,1223,1268,1608,1257,2223,2221,2293,2283,1428,2324,2348,2360,2371,2381,2346,2395,2402,2407,2419,2428
883	637,809,894,540,1797,1799,1800,1801,1817,184,1812,54,1318,2091,2234
884	553,577,90,676,682,486,134,137,245,590,689,683,702,213,712,285,287,286,836,1280
885	730,1006,1037,1068,1055,980,1007,1815,956,1052,1131,1106,997,1953,1153,844,1158,1162,2056,1261,1327,1071,1383,1401,1403,1341,1359,1431,1434,386,1441
886	1940,1941,1939,1937,1942,1943,1944,1126,1945,1968,1153,1157,1066,1162,1946,1181,1193,1947,1948,1274,1949
887	700,637,146,617,164,778,799,815,812,820,348,864,875,918,2027,924,183,922,996,2028,1109,1116,614,1124,1158,1145,452,1281,1321,23,1231,379,1293,1217,1266,29,2451,1349,1353,1381,1369,1389,1857,980,1036,1046,1370,1406,1421,410,1840,1842,416,821,904,1003,1165,1471,1106,1475,2142,1077,1491,1865,2141,1856,1569,2029,1095,2091,1576,1096,1615,1598,1843,2174,1070,1659,2140,1655,1646,2098,1031,1685,1084,2015,1506,2137,2097,1032,2135,2198,1613,1881,2134,2151,1827,478,2136,2323,1507,2365,2069,449,795,2100,2070,450,2139,2071,2138,2427,2374,2188,2072,1897
888	1150,375,534,137,139,2042,1916,197,330,1283,851,1274,2048,1360,329,1287,2117,2044,535,1707,1739,2208,1661,1828,1829,1830
889	146,710,166,174,176,178,687,1791,1792,710,1793,1794,162,160,161,169,170,168,171,711,1795,1797,1798,1799,1796,1800,1801,1802,1803,1804,1806,1807,1808,1809,1810,1811,1812
890	483,486,313,776,289,612,898,914,374,947,1086,761,854,611,455,977,1044,631,308,753,375,1968,1964,2443
891	1424,1459,1479,1008,1150,1196,1570,1095,1623,1598,1096,2140,1669,1506,414,2137,1766,2081,2135,2105,2263,2134,2152,2136,2336,1507,2192,2288,415,2421,2139,2138,109,110,1901
892	664,133,5,187,188,193,220,666,192,196,515,493,696,566,575,775,617,640,1934,832,953,654,1114,1341,1993,334,1018
893	93,1791,287,1045,949,928,1116,116,1145,310,309,1066,877,112,113,1421,1353,1381,1475,2184,1960,1633,291,1702,974
894	330,1862,2130,1351,28,9,21,1093,1861,1420,2148,1580,1642,765,1067,1678
895	606,853,245,567,797,828,761,109,566,821,904,842,712,453,454,971,114,994,678,1058,116,1147,1165,645,456,313,626,1161,339,1267,149,2088,2086,2087,117,1212,1217,1048,1015,1304,120,338,1231,1873,1322,868,1790,1373,1389,195,1197,1425,967,1459,1443,402,2013,1842,1478,1480,1412,1574,1598,1870,612,1871,1711,1720,1016,1014,1663,2168,2169,1455,2101
896	507,543,245,517,726,109,676,744,733,220,221,769,718,772,780,754,279,280,609,917,7,866,868,887,596,282,181,86,962
897	495,504,576,565,515,109,590,680,676,97,261,369,757,245,562,575,629,496,12,214,610,604,593,617,98,605,288,630,18,226,712,355,175,354,807,289,899,92,566,596,356,994,1194,452,1272
898	987,812,294,777,788,498,596,903,121,898,1087,933,597,983,1045,343,2010,1495
899	1949,1238,888,1327,1348,1352,1343,1378,1383,1394,1416,1421,906,1430,1436,1431,1497,1461,1500,1460,1403,1489,1472,1551,1573,1620,1566,1705
900	68,276,275,274,69,277,510,204,2114,205,99,70,2116,2115,2116,71,2117,1229,73,207,1089,1997,1015,1016,489,2118,2119,31,1440,2001,2122,2120,2123,77,1835
901	317,1461,1039,1512,1646,1697,1702,1655,318,316,2132,1767,1307,2365,1833,2187,2416,1768,2188,1907
902	802,529,48,137,127,599,133,733,842,2060,623,840,1040,1787,2102,888,1053,1351,965,2157,1668,2134,2136,402,2099,2100
903	600,630,812,869,842,596,597,633,570,666,697,769,848,344,343,1017,971,1256,1192,1367,1347,1372,1022,39,2013
904	624,762,797,813,601,807,823,864,111,606,863,898,943,184,1512,318
905	2032,2035,2036,262,2039,2038,2042,1036,1046,1786,2040,2090,2043,2048,1928,2148,2182,2044,1584,2046,2047,1822,2049,2053,2051,1755,2135,2050,2151,2052,449,2193,2054,2037
906	43,590,109,645,698,705,141,143,528,512,702,109,582,583,584,724,258,257,1086,527,616,617,778,87,90,90,297,593,764,279,280,15,630,495,787,342,869,518,519,555,565,761,842,298,920,792,854,924,356,125,496,324,943,964,596,866,86,928,963,994,958,130,130,249,281,282,1045,1056,360,13,597,945,1109,1997,563,1044,1115,889,2010,985,65,264,147,876,2068,562,575,515,812,570,1049,146,159,16,618,17,20,1187,810,1849,1130,1201,1172,1177,1124,1191,2011,110,1270,1210,1949,193,335,1021,1207,341,930,2154,1993,230,231,232,1072,399,838,1548,400,2446,1081,1984,1495,1848,536,423,1667,2015,1985,1746,424,1986,1256,610,1987,1829,1293,1367,1594,429,427
907	288,355,175,130,130,249,829,223,610,832,1969,1970,696,752,1972,354,804,751,753,842,937,1051,1122,1059,1860,1051
908	67,202,70,71,72,73,208,75,74,210,80,77,78,211,79
909	1086,507,516,7,278,851,8,305,1887,9,126,1088,2131,31,33,35
910	273,276,955,714,994,277,2239,15,1254,12,495,2121,842,2446,2117,1022,376,580,40
911	606,842,350,2020,885,212,870,341,180,297,298,920,949,322,323
912	846,1010,982,680,986,1887,549,1776,679,1218,1395,401,1617,1746,2263,2320
913	818,882,791,790,878,260,786,172,1931,810,918,800,1930,1050,1782,984,1957,310,346,347,743,806,824,871,1995,1996,746,1849,339,2027,1214,717,842,1237,301,975,1202,1326,1147,1161,957,864,1560,1667,1240,441,1905
914	576,90,140,575,744,825,903,570,994,184,1124,2062,1190,850,2144,1455,2280
915	1779,370,7,148,375,2444,1228,1231,738,1842,912,1306,1883,1084,1907
916	136,644,690,288,571,829,17,1795,1798,973,455,20,1805,1810,276,1426,1564
917	504,563,1956,490,220,5,528,245,649,641,743,251,260,617,640,746,767,647,783,786,272,778,800,987,256,179,836,119,571,630,797,810,813,818,121,696,752,180,369,718,1100,764,933,936,955,970,597,952,343,999,1156,1159,1176,344,1220,1225,238,1256,1338,1074,1022,1561,1851
918	159,1804,1802,707,732,799,678,885,1806,1810,166,201,200,687,1791,1800,1808,1812,1799,1809,1796,1807,1801,1814,1839
919	644,708,43,735,689,262,1644,801,247,765,748,798,947,937,60,971,263,1389,1424,975,1402,1482,1928,1254,398,2079,1717,309,273,1862,1614,2130,2053,355,1234,537
920	491,90,46,1777,88,89,641,635,815,808,356,842,1056,848,126,753,1461,1538
921	48,46,47,89,93,90,88,94,97,98,101,96,100,95,141,143,267,266,287,292,289,288,356,493,496,495,555,562,565,571,575,592,584,583,582,716,750,787,808,855,864,1
922	836,1436,1535,1546,1540,1571,1601,1680,2216,1722,1734,1752,1754,2218,1913,1833,1922,2255,2447,2248,2272,2293,2306,2297,1914,2196,2229,2283,2317,2325,2338,2349,2332,1923,2369,2359,2448,2392,2407,2419,2428,1890
923	1304,1993,410,1512,1048,1226,2184,86,2048,1960,2183,2185,1760,2299,188,2234,1829,1830,1828,1340,1419,1746,415,2415
924	1098,1495,1537,1554,1529,1246,1486,1555,1562,1826,1874,1875,86,1667,1451,59,1876,1703,1701,2245,2276,2280,2285,2347,1652,2260,2388,2352,2253
925	1005,947,1004,1070,1132,1144,865,1010,1163,1262,1335,1051,229,1361,1274,418
926	553,1339,1352,1375,1378,1392,1414,1428,1430,1437,939,801,1460,1508,1198,974,1716,2274,2293,2283,2402,2407,2419,2410,2428
927	108,107,1521,1433,1454,1950,1538,2203,910,1113,1249,1690,1592,2290,1667,1536,1664,2401,447
928	27,123,802,817,888,949,980,1005,1036,1046,1052,1053,1068,1816,1942,1940,1943,1941,1944,1939,695,1168,1228,1265,1990,913,1419,1456,2245
929	87,90,17,820,2024,2023,2025,2027,724,856,959,1124,1102,1010,555,565,592,630,1119,1159,633,593,596,1029
930	510,305,663,1979,659,2082,1091,2074,2077,75,31,2075,32,2079,33,2076,2080,2078,1991,35,197,2081,292,1992,256,2083,2084,2085,480
931	273,580,563,274,649,640,630,1934,833,1123,601,813,293,119,587,842,111,289,877,275,889,936,953,930,1176,1136,429,2124
932	90,686,672,743,146,159,457,297,298,920,873,322,2021,2022,217,1110,934,630,851,710,1302,215,2082,849,1399,783,330,1067,1184,1929,1283,2023,1330,1222,1416,590,1311,2355
933	698,674,724,1086,892,814,910,827,2030,856,1087,1113,1035,959,1134,1134,1155,1249,1301,1740,1899
934	709,291,540,1044,559,1786,1099,1171,330,332,331,2129,1244,857,195,1433,1454,1861,2091,398
935	1234,1364,1462,452,2017,2018,2019,1547,2148,663,659,1091,1075,1590,1080,1694,2057,2058,1704,2209,2269,2289,2295,2305,2318,2321,2380
936	253,700,158,87,163,716,750,164,165,1974,222,177,725,652,548,262,678,224,361,362,291,998,975,1112,1008,648,2086,2129,295,838,2027
937	842,868,866,962,985,2028,887,988,324,843,1045,308,1121,1104,1071,517,1114,1122,1945,309,310,936,1138,684,999,1164,2062,1161,505,2092,376,277,1051,863,1289,1292,390,391,1320,1231,404,1098,1368,1349,1363,2118,781,1398,24,2119,1451,405,1449,1480,1481,406,1544,1564,482,2122,26,1625,425,1634,1654,1677,475,1717,1719,25,1748,1729,2232,438,2284,2273,2278,389,440,2399,1835,441,2410,429,1905,2433,2414
938	62,202,325,2033,73,2034,2082,270,508,208,2035,2074,2036,262,1090,2039,2032,2042,1076,2040,2043,2048,2045,2044,2046,2047,1822,2053,2049,2051,2050,1591,794,2291,1596,2052,795,2193,2054,2037,1989,36
939	749,751,753,271,272,930,836,842,779,238,1254,533,1120,1299,1346,1098,1359,633,1449,470,1030,2410,2433,1625
940	689,517,726,550,552,551,573,132,557,2452,561,560,547,548,669,151,769,163,52,53,165,249,177,553,668,758,270,903,919,1962,748,798,953,856,870,983,1644,801,694,742,60,975,1112,966,652,648,902,1047,152,494,153,156,155,154,157,158,164,297,1966,1967,1968
941	686,134,137,740,1781,759,775,864,897,125,922,994,1945,2022,481,1557,2410
942	287,288,371,873,289,356,125,570,356,290,597,596,1049,571,1100,116,2108
943	807,519,518,370,371,15,119,1972,864,17,842,529,1996,1995,967,949,185,780,2068,1002,1174
944	1549,1550,1636,1647,1718,1731,1643,1762,2196,2229,1742,2363,2308,2307,2309,2310,2311,2312,2313,2314,2315,2403,2404,2426,2425
945	287,288,356,882,968,1799,1792,1798,1794,1801,160,161,290,711,978,1803,1802
946	141,495,517,629,726,112,600,714,271,506,670,734,604,580,740,739,555,565,592,610,732,527,507,227,268,737,690,716,750,123,593,617,129,635,641,1086
947	288,287,354,289,167,879,951,322,937,1059,360,1063,654,357,728,756,1154,618,1212,1188,2108,1140,1342,383,384,1524
948	2140,2185,2238,507,1455,744,825,962,1819,1820,388,1711,2267,387,389
949	798,761,792,716,750,808,147,601,812,748,632,6,270,728,743,806,824,615,294,854,356,1789,340,341,920,938,597,930,1045,570,927,365,237,1125,366,563,1154,981,797,1167,367,19,1194,912,1040,1057,810,1849,607,1147,1161,1247,1242,587,520,117,1363,1598,1634,336,25,2273,1828,1829,429
950	745,1241,1252,1337,1485,1339,1350,1379,1428,197,1399,1438,1283,329,1284,1526,1733,2291,2194,2195
951	147,855,960,200,645,1337,554,216,1959,1786,1592,238,1859,2433,445,1086,1087
952	1125,1139,1946,2055,1182,1201,1234,1360,1459,1439,1447,343,2445,1462,1479,1532,1517,2126,1570,106,1856,1609,1615,1623,1614,1590,2127,1650,1646,1669,465,1677,1687,368,1694,1697,2128,1709,1712,1579,1740,1755,2197,2201,1750,1879,2209,1671,2239,2186,2282,2244,1827,2318,2298,2320,2323,2336,514,2352,1594,449,2388,1291,2187,2380,407,403,445,450,2422
953	503,604,271,512,624,693,568,625,1109,1124,264,30,1478,2090,1412,1420,2182,2091,26,1646,1031,2011,25,2374,2422
954	65,66,90,120,495,1120,1236,1276,2009,396,865,1038,1108,1267,1292,559
955	152,494,52,53,154,155,1781,156,216,546,39,686,672,149,109,157,90,582,65,637,1959,587,707,245,134,137,529,139,136,506,670,1957,566,538,140,187,188,192,193,610,493,1931,760,164,779,1958,852,812,100,776,2009,181,925,101,962,994,102,2028,189,1166,1245,1190,191,1603,1445,1604,1611,1659,2210
956	107,2,41,41,41,1781,52,53,153,152,200,494,694,201,686,87,554,154,155,1644,90,156,492,1962,93,491,46,828,304,540,844,1967,131,675,785,715,126,1968,1425,1544,2075,1246
957	473,1974,1515,1549,1635,1725,1632,1673,1726,1550,1690,1516,1731,1477,2200,1643,1762,1763,2302,1741,2303,1742,1336,1456,2392,2403,2426,2425
958	662,1208,1218,1295,462,82,1424,2000,1603,83,84,424,106,316,1858,2002,425,470,1652,2003,2004,1418,2005,2006,2277,427,2190,480,2191,448
959	493,833,100,864,1356,1087,101,776,838,1783,1997,2060,1052,1942,1940,1943,1941,1944,1153,353,842,1939,1012,120,2063,2064,2065
960	597,596,1021,633,938,751,842,1051,753,1051,1256,1022,930,1440,1233,1495,1498,1522,2117,1334,1882,1231,1625,1667,39,1696,488,1025,812,1030,714,933,238,1883,424,1755,2201,2198,1881,2220,1756,2227,2302,2277,2329,2352,2069,1056,2070,2334,2253
961	1388,1057,1250,1295,1389,1097,1404,1424,1555,1574,2093,420,1095,1303,1715,1720,426
962	1434,2157,2001,1514,1502,1479,2160,1610,714,2161,1628,1704,2159,2162,2203,2245,2003,1833,2163,2261,1637,2164,1548,2347,2382,2005,86,1190,1344,1855,1874,1876,2165,2415,2166,2393,2412,2220,1670,2280
963	154,155,156,157,722,855,289,356,597,1029,1065,1119,1122,1338,1022,1701,1079,1019,2175,1595,2334,2070,429
964	979,845,865,184,309,843,1121,2010,1161,311,396,195,1387,1398,426
965	39,1886,262,44,263,1782,510,793,202,126,33,2047,2049,35,77,34,36
966	15,97,96,590,502,630,601,256,44,287,289,290,116,118,1206
967	969,964,215,903,217,994,508,1941,684,1942,1053,868,1943,1944,2060,1945,1946,1787,287,1947,1218,2102,1948,1949,2103,1327,2154,1863,1366,2156,2157,2153,1864,2158,1846,1530,1537,2159,386,1858,2160,1040,1652,2161,1084,1701,2162,1711,498,1418,2163,2276,2260,2164,2267,428,2165
968	664,90,685,562,576,577,590,1775,2217,575,150,673,700,722,246,640,815,1788,832,779,884,1958,783,111,883,1789,643,936,92,651,765,654,1103,1229
969	495,545,499,109,490,800,987,1123,630,936,343,1120,1236,842,1098,1136
970	1334,363,2093,1360,1182,930,1367,2149,1345,1022,1491,1495,1511,1522,1513,2148,1569,1964,1843,1617,1667,379,378,426,1703
971	43,558,828,47,200,61,610,206,582,63,201,291,679,12,497,588,64,44,589,17,8,248,903
972	991,245,1974,496,94,713,600,254,751,990,493,624,16,992,784,255,989,987,815,852,601,140,148,797,864,615,833,608,538,1001,17,541,860,100,853,868,541,706,961,905,761,792,854,918,900,1020,940,1002,20,185,842,1126,1204,1163,104,1167,1255,1319,1385,1567,1836
973	799,113,775,630,249,457,790,664,812,601,1788,804,842,121,1789,827,571,832,903,953
974	708,584,582,288,801,840,87,453,740,739,907,290,843,998,103,681,327,1008,1065,1267,1867
975	742,768,497,886,895,901,915,921,908,926,909,929,935,960,1009,998,1142,1148,1149,1587,1612,1617,2263,2265,2266
976	775,666,1970,829,787,757,855,2023,134,2025,916,900,1788,912,967,973,918,610,842,1179,937,40,1014,1015,489,529,1867,1842,2029,1079,1511,1366,1868,1656,1824,821,904,1003,2257,2095,2265,2072
977	1271,1402,1358,1434,1508,1488,1546,1526,1649,1578,1698,1757,2249,2223,2447,2229,2326,2350,2332,2194,2372,2363,2383,1900,1903
978	801,12,281,812,2017,765,624,940,567,279,863,596,952,968,804,1150,633,1196,595,1238,454,2106,1498,1600,1696
979	323,1071,1963,1479,1188,1858,1190,1050,1081,1208,444,777,956,1441,975,291,425
980	790,289,602,568,1110,1158,1145,626,1167,1131,1221,1255,1281,1293,1592
981	452,71,1364,197,1424,1462,1479,1547,329,1570,1448,1048,1623,1512,1590,1226,1304,425,1635,1617,1645,1669,1831,1566,1694,2078,1702,1404,1577,1633,475,426,1636,1760,1767,1985,2081,2209,1755,2098,2097,2201,1643,1762,1763,2228,1765,2151,1732,794,2277,2299,2186,2318,2322,2152,2329,2326,1741,2083,2336,81,2357,1742,2320,2084,1212,1524,2365,2380,795,2150,2309,2178,2310,2311,2312,2313,427,2416,2315,2179,1901,2405,480,36,2425
982	41,505,1285,1416,1436,1497,1500,1499,1516,1909,730,1581,1343,1403,1477,1601,1380,1479,1254,1299,1346,185,1265,1669,42,1433,1454,1490,1521,1605
983	579,1194,1026,1949,2154,773,2035,909,1366,2012,1379,2036,262,2155,1346,2039,1027,334,2038,1937,1438,2042,1867,1074,2034,2041,2157,1479,2040,2158,1530,2048,2045,2148,637,811,1028,2046,1882,2184,1599,2047,1280,1106,1822,1831,1254,1717,2051,2050,1591,1692,2296,1596,2193
984	199,765,748,798,636,743,172,836,247,1780,1125,117,1127,1145,1115,295,997,296,1205,1241,534,1242,1221,1293,1413,1434,1603,1353,1381,1505,1604,1694,2210,2209
985	801,917,1974,975,395,145,165,1099,730,1102,819,1214,1962,858,1002,979,845,542,1250,1390,937,230,2074,1285,325,2145
986	100,127,130,133,148,507,529,562,575,744,759,134,137,139,150,738,817,893,888,990,101,905,932,358,359,2009
987	873,127,133,733,759,912,836,967,125,356,956,1158,777,1141,452,1273,473
988	2019,1115,1124,1008,663,1188,382,800,1336,383,384,1353,1389,1397,1380,334,1867,1429,2066,1443,1022,82,1479,1456,2145,1865,2141,1868,2148,1570,1574,1095,2014,1096,2184,1623,2140,1824,1669,1545,1506,414,2137,2185,1709,2003,1712,1720,2135,2004,2198,2105,2186,444,2134,1829,2005,2152,2136,2336,2329,1920,2357,1507,2006,1830,447,2187,2150,2107,2192,445,2165,415,2416,2420,441,2166,429,1905,2266,2167,2138,2427,2374,1901,2188,1921,1888,1889,1897,2112,1907
989	245,566,592,624,617,129,174,605,808,832,1795,2025,606,596,566,22,962,607,568,116,1022
990	1068,1129,1017,1790,2011,1480,1494,1825,569,1826,521,1635,1636,1647,1718,1557,1558,488
991	12,273,587,555,565,592,593,600,224,578,579,274,511,630,647,765,778,601,17,397,812,342,275,612,842,908,909,595,779,937,349,349,22,938,457,619,960,611,970,125,129,590,635,641,276,596,277,510,1108,19,998,1029,2449,1109,369,1122,662,1057,1117,1130,1859,1156,2116,1167,658,458,459,1147,1014,1161,1267,393,2115,1860,2116,1200,848,1208,126,1169,2092,1225,1015,2117,1051,1250,1305,1017,462,1322,1341,1338,2172,1993,2093,1367,2118,460,2450,2173,1417,1424,1351,32,464,1373,1513,424,463,2094,33,1625,2122,2110,1025,475,2120,2203,2121,2113,2259,2181,795,1835,2124,36,2112
992	1815,1689,1710,2202,2213,2224,2223,2246,2447,1772,2272,2274,2286,1823,2333,2306,2293,2229,2317,2324,2325,2360,2194,2362,2371,2375,2363,2395,2407
993	588,930,510,843,889,1057,936,620,269,268,152,494,153,621,1107,541,628,1176,343,40,1197,1004,1023,1250,833,1160,1231,2036
994	591,223,604,1778,558,155,156,164,52,157,154,158,53,639,222,361,181,707,720,732,799,885,1817,608,803,650,1776,679,661,549,184,362,206,200,201,44,54,1818,653,1819,2086,2087,2088,262,263,2089,322,333,2034,2032,2040,2047
995	330,1786,301,1135,338,1929,398,979,845,2129,1861,865,1924,1433,1088
996	1377,1380,1603,1516,1546,1604,1611,1627,1632,1848,1578,1313,1705,1722,1752,1698,2213,2236,1771,2290,2400,2436,1896
997	108,502,586,593,630,714,731,832,111,199,816,596,930,904,973,279,455,597,280,281,282,1003,994,14,607,1051,614,1056,1122,133,1147,1165,633,458,456,625,1176,575,626,965,1015,1194,1256,1108,1021,1367,1844,2118,1398,1396,1161,666,697,769,1495,1522,488,314,2093,1078,1373,1667,1679,2122,459,1303,1641,1640,1022,848,2357,2352,2334,2262
998	1503,1501,1504,1510,1527,1258,1259,1257,1264,1376,1422,1442,1470,1493,1568,1565,1607
999	916,57,57,60,652,306,668,452,723,959,1389,1859,1860,2106,694,1274,1366,1530,1608,1311,2097,81
1000	1232,408,1240,1444,535,2168,1498,1224,1564,1081,1641,1640,2169,536,658,660,1093,1290,1447,1468,1615,1696,426,1878,1879,2262,514,2357,1594,2359,2379,2388,2399,403,1906,2421,2434
1001	1241,1140,1260,1008,167,1251,1263,1230,1337,879,1007,1278,1298,951,1307,1294,1325,1234,889,1329,1331,931,1339,1103,1414,1388,1463,1925,1394,1434,1437,1436,1439,1415,1438,1461,1462,1542,1460,1474,1477,1489,1283,1514,1518,1472,1516,1072,1517,2126,1587,1926,1284,1535,1286,1547,329,1287,1551,420,1582,1581,730,1198,1586,1309,1584,2057,1573,1421,1769,1627,1618,1617,1620,1630,1628,1632,1590,1608,1621,1649,1661,1670,1831,1578,1673,1686,1084,1694,1726,1707,434,1708,467,1739,1733,1744,1751,2209,1563,2202,2222,2219,2214,1765,2221,1591,2237,2263,2269,2281,2272,2289,2333,2295,2291,2305,2293,2318,2229,2294,2328,2332,2353,1923,447,2384,2396,2383,2424,2195,1892
1002	1416,1437,827,1497,1500,1474,1469,1476,1499,386,1492,1514,1283,1285,1516,1535,1284,1910,1533,1539,1551,1287,1546,1536,1540,1575,1582,387,1198,1586,1563,1561,1309,2057,1601,234,1609,1616,1627,1566,1632,2127,1826,1641,1640,1631,1649,1608,1645,1657,1725,1670,1664,2439,437,1822,1672,1711,2128,2441,1707,1737,2058,430,1676
1003	1102,162,148,113,873,575,614,891,515,922,1005,1045,776,946,996,1120,925,1104,1109,534,1303,2011,813,867,999,1164,1367,1290,1341,1359,1344,1343,1403,1855,1397,1396,1451,386,1853,1844,488,1562,1078,1677,1687,1495,1667,1711,1679,439,1825,1826,2267,2134,2136,971,1220,1445,1418
1004	61,62,63,203,67,68,69,204,202,70,72,205,73,75,74,210,80,79
1005	1009,1953,1954,1955,1142,1148,1149,532,1241,1243,1252,1269,1278,1298,1323,1339,1393,1458,1587,1708,2268
1006	1875,1623,1669,1876,2205,2170,2233,1256,2267,2227,432,2238,2275,2320,2327,2329,2336,2352,2346,2357,1884,1039,1212,389,440,2393,433,2416,1904,2171,2413,2427,1901,1888,1907
1007	1470,1493,1510,1527,1223,1553,1606,1607,1626,1501,1257,1691,1699,1432,2206,2254,1375
1008	909,908,950,960,779,870,912,912,994,1040,343,947,1045,1942,360,842,812,1194,296,1051,2011,2013,1356,1522,1715,428
1009	58,495,664,555,565,127,3,3,10,499,500,526,245,587,517,590,685,213,214,676,15,133,604,720,731,732,522
1010	600,708,1959,716,617,769,225,773,605,825,601,801,596,772,887,602,1816,2060,1051,1114,633,1071,1173,1051,1272,1307,1372,1466,1836,2284,2134,389,2397
1011	586,286,1934,199,111,110,809,1935,13,1936,1995,596,289,288,1938,19,578,292,356,1782,1939,1940,1941,1942,1943,1944,1945,117,1117,116,847,456,20,1947,9,1012,569,1015,1274,1949,42,120,2153,23,1873,2147,1147,1366,28,1347,1322,24,1821,2156,1447,2142,84,2158,1453,1870,1530,2101,2159,1519,2094,1564,51,1615,1871,1701,2003,1872,1678,1920,2166,2190,2266
1012	949,587,619,125,1120,1945,2068,1141,1170,994,1098,337,1502,1456,1555,1559,1585,1573,957,2251,2016,1136,2070
1013	874,886,895,901,356,915,921,926,944,1009,1054,1953,1954,1955,1142,1148,1149
1014	314,1043,329,387,1587,1519,843,2091,55,1239,1869,971,1445,1984,409,1883,446
1015	694,948,719,1045,1109,849,972,1185,660,1887,1252,1271,1108,1089,1147,1161,1273,1339,1156,1463,1393,1351,1859,1139,385,1514,1518,683,1539,1546,2014,1631,1342,1311,1675,1578,1316,1739,1738,1698,1764,1757,2236,2252,2447,2227,2204,2281,1834,2330,428,2357,2382,2448,2125,407,2416,2171,1906,2413,2431,2427,1888
1016	39,495,555,565,562,109,3,637,1931,526,580,515,369,590,244,591,719,261,136,701,699,264,751,496,600,271,507,731,744,610,498,16,812,864,842,863,240,100,897,101,870,114,1017,1994
1017	757,52,261,741,714,723,765,961,181,934,958,349,930,1113,1034,1044,397,1204,957,1040,842,1945,237,1124,2030,189,847,2031,1135,314,1946,1887,1177,126,9,1208,2092,376,1229,2011,1147,1231,1322,202,1276,1334,1192,248,2093,2012,1993,1098,1372,28,1369,1382,1395,1366,334,1367,2013,1440,1426,1869,1412,1870,2101,1882,33,1600,1871,1695,1082,2334,2070,429
1018	87,90,290,947,1004,903,596,842,1070,1120,1056,1180,357,116,1218,1189,834,1256,1022,864,1522,2198
1019	606,766,818,289,342,642,454,252,566,920,928,19,1983,954,933,945,1817,941,597,842,911,963,937,322,1050,568,1132,116,180,1859,1201,1212,1878
1020	979,845,1007,1246,1219,1048,1226,1270,637,811,533,1158,1254,1304,1299,1321,1274,1156,1346
1021	67,68,69,64,201,202,70,71,72,2032,73,2035,2036,75,262,2039,2038,74,2041,2040,2048,2045,2044,2047,210,1822,2049,2053,2051,80,2050,77,78,2052,211,2193,2054,2037,79
1022	1635,1549,1550,1636,1647,1718,1731,1643,1762,1763,1741,1742,2307,2308,2309,2310,2311,2312,2313,2314,2315,2403,2404,2405
1023	225,246,579,967,90,944,969,622,912,623,321,452,1181,306,2102,1977,1787,1026,2449,872,1997,2082,473,1027,304,797,1375,1392,466,1858,1846,1028,1863,1356,81,1831
1024	1327,1550,1704,1266,2111,937,1059,1912,1722,910,380,1884,1919,2303,2305,2319,2274,2299,636,2412,2435,2282,1052,1153,2427,2434
1025	1099,1171,1504,663,1978,1565,1111,1157,1568,1139,1162,1066,1214,1216,452,1257,659,1230,1223,1151,1184,1227,1243,1258,1244,1259,1264,1908,1269,1268,1278,242,398,1178,1275,1980,1981,1091,1376,1323,1350,1463,1332,1423,1399,1401,1260,1294,1325,1331,1422,1442,1470,1493,1510,1438,1283,1497,1500,1436,1499,1285,473,1527,1488,1432,1461,1552,1910,1075,1286,1908,1287,1553,1288,1516,1606,1448,1586,1911,1309,1542,1308,1607,1610,1618,1620,1343,1403,1477,1581,1982,1626,1628,1434,1630,1310,1265,1649,1651,1080,1658,1311,1661,658,660,1093
1026	359,453,545,529,596,1068,1129,1170,620,378,273,597,590,1256,1271
1027	53,644,860,260,179,918,49,332,1151,546,663,216,659,658,941,1240,660,1087,1086,1088,1248,398,331,377,1091,1222,43,547,669,372,1471,1542,1075,940,1255,1167,1409,992,989,1514,561,1567,409,1366,1615,1668,1231,1883,2301,906
1028	134,137,139,150,225,630,797,804,457,829,712,807,1788,615,453,740,739,370,811,17,110,864,862,754,2024,2023,1815,772,813,878,853,1789,842,288,606,219,348,612,39,495,545,574,2,498,87,90,500,664,898,914,374,940,693,948,567,860,1802,691,597,1002,1997,956,982,891,952,971,868,568,1065,1125,1134,1136,1154,185,2092,2117,1188,1220,277,273,276,1197,366,367,365,1790,569,241,1127,1226,1229,1949,1048,1231,1326,1368,1098,2144,1395,376,1441,1449,1994,1022,1445,2142,1073,1484,317,2121,482,1639,970,1681,313,1715,1655,439,521
1029	802,730,288,772,777,590,716,371,864,1815,887,878,260,837,677,810,868,125,953,922,988,1816,307,971,1052,1114,1146,1151,1162,1184,2056,1186,1220,1178,1307,1328,957,1391,1390,1413,1445,1276,335,1523,481,2160,1629,1672,1550,1676,1715,1670,1758,388,2384,1345
1030	1784,1951,751,1785,777,872,1908,287,289,891,730,864,892,962,487,1045,881,1068,1204,1129,1945,116,1170,1181,1189,1241,1297,1441,1909,481,1911,233,1682,1682,1912,1913,1922,2255,1914,1923,1915,2367
1031	811,596,570,938,1974,597,994,1058,103,681,1056,2017,116,1040,1248,1790,2011,376,1342,1371,2183,1544,976,1095,1600,2097,2201
1032	645,1957,225,226,289,288,777,788,870,891,912,983,994,1816,1815,942,360,1051,125,307,493,804,833,878,943,947,1997,1104,1146,1479,1495,1512,1554,2235
1033	564,196,103,681,1010,54,844,1974,1975,2086,2088,2087,520,396,1425,1538,1446,76,1960,1544,2091,1480,1494,477
1034	1946,1947,1937,1935,888,1948,1274,1949,1938,2153,2154,1366,2155,2156,1533
1035	130,130,249,1785,457,792,835,740,739,840,46,47,48,127,287,289,288,356,2007,949,975,453,103,681,855,520,1112,452,1202,2008,1998,1997,1780,395,65,2009,1040,473,908,960,343,344,1916,1457,1456,412,1079,387,2090,1245,1274,1975,1366,1537,1530,1976,1977,1406,1978,1612,1980,1917,1982,1979,2001,1999,2000,736,1652,368,1870,1646,1918,82,83,84,388,1711,889,1057,2003,1545,1642,1707,1739,2208,2212,1420,1465,1580,2004,1919,2245,2236,1885,2442,2440,521,2110,2113,2267,2244,2276,2260,81,1920,1525,1602,2298,1507,2134,2136,1882,1842,1883,1880,1233,1203,529,1921
1036	1438,1460,1283,1514,1516,1284,1535,1539,1287,1546,1540,1575,1586,1584,1309,1601,1610,1769,1627,1620,1632,1608,1310,1653,1725,1657,1660,1661,1619,1670,437,1680,1312,1578,1313,1314,1675,1686,1315,1726,1690,1707,1708,1705,1714,1716,1728,1724,1316,1722,1713,1912,1734,1739,2207,1698,1749,1317,1759,1764,1766,1761,2208,1735,2211,2213,2218,2245,2226,2228,2231,2236,1441,2240,2252,1833,2237,2243,1770,1823,2281,2204,2268,2269,2282,2304,2270,2333,1773,2290,2297,2294,2328,1837,1834,2347,2368,2361,2189,2376,389,2382,2386,2394,2264,481,2398,2396,2401,2340,2417,2431,2435,1891,1888,1902,2345
1037	1293,1041,1349,29,2451,1857,1351,2011,2014,65,2009,66,1843,2143,2147,2146,1768,1482
1038	1315,1690,1710,1716,1722,1316,1815,1724,1721,1912,1734,2207,1665,1985,1317,2200,2231,2297,2286,2325,2338,2354,1770,2255,2347,2361,2375,2376,2084,2386,2189,1681,2264,2339,1988,2370,2401,2411,2085,2342,2343,2059,2429,1890,1989,1895,1903
1039	1974,822,882,978,1061,1241,1252,1337,1251,1339,1375,1432,1514,1508,1526,1582,1572,2216,1689,1724,1723,2293,2325,2338,2354,2407
1040	1790,1076,473,1867,1868,1824,937,1059,1859,1860,2106,2441,2440,2437,2439,2438,1753,2442
1041	1719,842,1440,459,458,460,2450,2267,2273,2284,389,2125,1853,1854,1844,1988,2399,1904,407,2424,2431,1892,1989,1888
1042	709,704,145,247,667,703,541,872,66,668,557,2452,541,163,837,260,57,395,801,745,1927,301,53,373,1241,302,758,262,2082,2074,2077,1399,1438,209,1283,362,1073,1358,663,1088,849,349,353,1728,549,1754,1776,76,1434,679,661,1929,2213,650,416,2032,1900
1043	497,585,1932,1933,1934,12,13,797,356,108,355,590,708,749,842,826,812,2011,994,1172,628,595,627,237,1021,965,2010,596,42,1092,2013,1051,1447,937,1022,2012,238,597,309,310,311,1865,20,2141,2009,2155,1274,1095,1885,2014,1096,2184,1366,2140,1530,1425,2015,1506,2185,2137,2176,1097,2143,2135,2105,2186,2016,447,2187,2107,448
1044	255,350,454,630,637,649,678,732,734,760,824,885,182,756,871,770,992,990,183,789,839,867,946,970,977,735,596,814,856,950,959,236,1065,1180,1000,1859,2062
1045	578,260,225,736,786,266,579,226,179,267,395,1325,55,56,1067
1046	483,218,1961,219,918,566,597,692,670,1158,23,1109,1206,1282,138,138,142,1051,568,1371,1058,1021,24,610,349,1200,1022,22,2,1842,2101,1782,1886,12,18,13,14,594,1615,2173,2091,2098,2169,1696,938,1070,25,1424,1004,1845,2097,1449,1389,2099,1429,1457,1478,1872,2100,2421,1685
1047	216,546,706,504,576,157,156,154,153,158,152,155,494,644,362,181,849,2089,195
1048	585,584,288,610,112,113,175,287,355,696,752,804,354,289,864,927
1049	542,703,792,854,797,842,853,688,812,940,943,958,1966,911,979,845,1908,1044,888,980,1036,1053,843,1937,1932,264,730,550,966,1008,1041,22,2068,865,918,986,1927,913,1228,310,1202,534,1174,1390,1603,1454,1474,1604,971,1220,1445,2210
1050	2449,1323,1352,1378,1423,1401,1345,1430,1450,1460,1542,1492,1869,1552,1539,329,1434,1610,1310
1051	1961,506,734,763,616,617,287,288,825,790,175,355,777,457,218,226,493,541,497,823,804,872,776,495,100,292,313,874,862,858,912,908,348,842,931,967,260,587,780,925,937,759,1034,979,1035,102,1121,1104,1120,1356,1204,1996,1151,393,1194,1190,86,1303,1439,1300,1529,392,1563,2126,1536,1616,1722,1737,1451,2245,1071,380,1670,1370,2267,388,1095,1096,2069,389,1677
1052	1740,1734,2207,1698,1317,1761,1764,2215,2218,1757,2246,2223,2252,2240,1823,2272,1135,2303,2306,2301,2229,2319,2331,743,2321,2338,2351,2354,2364,2366,2369,2394,2370,2400,2383,2398,2235,2413,2247,1891,1900
1053	662,408,1338,1225,1417,1405,1491,1435,1520,2126,1512,1533,1561,2073,1511,1072,518,440,403,441,2237,1905
1054	356,1184,1214,1362,1345,1391,1421,1475,1434,2147,1532,1121,1289,1651,1330
1055	289,287,288,1873,116,238,237,239,127,133,297,920,322,323,2101,1416,1287,1229,1486,1555,1511
1056	2115,955,1321,1211,1322,313,1212,1334,1098,2172,1960,1371,1396,1397,2119,1324,1156,1389,1424,2121,1533,1561,425,426,2205,2238,2275,427
1057	1334,937,748,1425,2094,1865,1868,537,1882,1541,1598,533,46,414,1356,237,475,415,2192
1058	213,214,698,724,765,880,814,827,934,950,959,1134,1150,856,1196,1238,1242,452
1059	566,604,698,606,245,571,590,601,630,814,567,624,243,566,2028,92,544,555,562,592,602,607,597,596,691,856,568,625,1029,532,575,585,598,626,633,693,452,533,1021,1159,548,1013,1022,1119,1192,1328,2026
1060	1033,646,1446,310,309,312,1250,1295,1229,198,1842,1138,1212,1333,1233,1960,1045,260,786,1059,1859,1860,2106,1334,1957,424,453,1453,1598,1882,2065,2064,425,971,1538,426,2057,1883,2247,1418,1652
1061	1246,1842,1322,1819,1821,1585,614,378,1882,379,1841,1877,1615,1598,1843,1147,1161,1628,1880,475,17,1712,2251,870,983,1865,1496,1624,1750,1646,482,438
1062	273,1440,2121,317,2093,1615,465,1544,821,904,2122,1471,1165,1704,1882,2096,2098,2097,2120,842,426,1452,2123,1018,1829,318,1077,438,1703,1830,2413,2071,2072
1063	577,587,529,261,245,139,566,12,724,737,750,728,756,762,783,249,1,295,903,5,814,549
1064	2028,455,912,277,1051,192,621,610,612,1122,273,585,753,115,633,189,1056,456,628,2116,1014,92,2115,541,1015,191,187,149,2011,539,1021,194,193,1016,195,2121,1022,1537,1548,1564,2185,1703,2186,408
1065	604,507,744,624,825,327,1021,269,268,1093,1324,284,465,1965,1963
1066	495,526,685,528,545,590,88,529,566,4,592,268,527,90,39,640,812,288,596,827,580,289,924,245,92,593,855,565,114,87,90,103,681,1100,378,1136,2172,1083,81
1067	1234,1867,1577,2140,414,2177,2276,2083,2322,1547,1920,2069,2365,2100,2187,2178,440,2070,2192,1274,415,2416,2265,2171,2266,1524,1921,1921
1068	763,992,453,508,255,989,1971,2020,761,792,854,497,585,497,598,594,599,642,152,494,153,247,918,944,958,351,1817,619,356,964,977,905,1001,949,996,1005,1035,1034,1044,890,1101,1818,357,1110,620,621,1204,1116,236,1105,1115,1012,1043,736,1145,1205,1210,1302,126,489,1012,1253,980,1036,1046,1347,1857,1434
1069	1147,938,1058,1099,1043,1162,1185,1193,1213,1256,1088,947,1266,1271,1277,1298,1048,1459,1869
1070	979,845,1121,843,309,865,1136,1068,1129,1170,940,1138,1211,2114,376,310,863,311,238,1272,312,1859,1860,1276,1256,2443,375,2444,1326,1161,1231,2144,1341,1359,1863,1229,2118,1343,1410,513,1425,2176,1446,1440,1495,1477,2126,387,1846,1581,1536,1616,1480,425,1292,1690,1711,1663,1114,1755,2201,1872,1484,2445,389
1071	109,529,287,289,288,918,947,103,681,876,1515,1550,1731,2209,1763,81
1072	1256,1270,1271,1280,1319,922,1109,1332,1298,313,1282,1348,1342,1206,1463,640,229,1847,1232,981,1335,2012,1367,1361,987,938,1194,1217,1266,1254,1863,1208,2131,1394,917,1088,1400,1406,649,1371,1305,657,316,1190,1299,1363,891,86,1073,545,1276,1405,1538,125,1479,662,386,1495,1456,1524,1511,1512,644,317,314,315,410,343,1083,1218,2280,318,2010,439
1073	15,591,1959,1957,644,629,708,629,112,264,146,213,214,271,109,624
1074	1646,1095,2140,1096,1506,2137,1760,1750,2135,2244,2299,2134,2136,1507,2337,2139,2422,2138,2374
1075	146,159,168,767,564,1886,644,166,1793,864,347,346,1782,384,1276,1467
1076	1243,642,238,1217,229,364,1304,1182,1463,1231,408,1870,1524,1615,1880,1667,446,407,2427
1077	87,90,90,174,880,7,1798,1801,1799,1800,667,703,15,16,17,1804,1796,1966,1967
1078	940,812,1002,797,1124,1137,1167,1174,1244,1255,1268,1281,1319,1000,1369,1432,1567,1650,1709,2230,1592,2292
1079	761,98,825,799,864,842,873,144,962,1044,890,971,847,1863,1846,1455
1080	555,666,580,685,590,689,12,705,592,641,593,251,832,842,596,343
1081	53,52,157,222,362,1112,1990,1196,2129,1238,2089,224,1026,2130,1027,466,1028,467,1831,468
1082	88,528,593,91,571,130,130,249,888,1281,1863,1053,2102,40,969,1479,2117,198
1083	740,710,1795,166,725,877,1796,922,851,911,1803,907,979,845,1044,1806,2129
1084	131,1362,473,1371,463,24,1444,535,536,1084,1918,1703,2233,2327,2278,1920,447,2165,2420,2166,2390,2410,2167,1921,1889,2414
1085	1055,1006,1568,1214,1157,1257,663,1259,1151,1264,1278,1485,1553,1607,1501,1743
1086	980,1156,225,1997,1147,1139,1231,185,1229,2155,497,111,1544,488,1479,2384
1087	183,930,934,1002,843,184,863,627,369,893,586,568,115,780,539,138,1126,117,1137,1020,103,633,681,189,1138,628,1167,1165,1163,570,1049,626,109,1207,191,1255,1256,867,1164,1282,1320,194,1176,195,538,1409,473,1821,1074,1461,1495,1127,1567,2091,396,1367,829,973,1179,1667,1688,2257,140,537,1832,193,1592,563,2292,2225,2234,1842,2329,2387,408,541
1088	256,1785,823,128,1088,1264,2103,1332,1908,1250,1470,386,2155,2157,2156,2158,2091,412,1875,1563,1626,1658,1691,2189
1089	41,589,107,710,512,511,371,152,494,634,454,453,751,842,146,1796,678,707,720,732,885,1817,575,941,1802,455,545,936,640,619,1801,110,41,710,815,884,900,1793,1792,1794,178,612,1775,2217,1006,1037,1055,620,1818,625,689,1045,621,945
1090	1495,1524,1582,1586,1570,1623,1649,1311,1645,1661,1669,1667,1670,1682,1303,1344,1726,388,1707,1708,387,1711,1316,1715,1739,296,829,973,1764,1179,2257,2203,2212,1254,1299,1346,1380,1479,1832,1833,2267,1656,1418,2242,2260,2336,2336,2356,887,1906,2431,1901,1893
1091	996,1116,1146,104,979,845,1205,1249,1118,1199,105,1302,1339,1477,1579,422
1092	507,324,493,1048,1204,1226,1304,925,1104,1236,1451,1512,1746,1455,1568
1093	1571,1575,970,2057,1601,1620,1608,1641,1648,1653,1725,1657,1660,437,1578,1680,1312,1675,1665,1686,1313,1314,1689,1315,1726,1700,2058,1714,1722,1316,1728,1724,1316,1723,1912,1734,1736,2207,1744,1698,1752,1317,1759,1735,1754,1764,1761,2200,2211,2213,2215,2202,2218,2220,1757,2224,2226,2231,2236,2249,2223,1913,2246,2240,2241,2221,2252,2243,1922,2248,1823,1770,2271,2447,2272,2270,2289,2274,2286,2291,2295,1773,2293,2306,2303,2305,1914,2301,2229
1094	515,554,590,134,137,707,695,89,243,529,88,484,616,139,245,566,720,12,600,689,796,885,608,91,792,842,854,1974,1975,7,936,1109,797,382,1260,1209,1294,1325,1331,55,56,2279
1095	722,250,600,1033,724,287,727,218,593,617,718,770,282,376,633
1096	90,738,817,888,1053,2102,320,321,1967,1968,2183,980,1028,1984,1704,387,388,1711,1667,1674,1739,2203,1846,1858,1084,379,2137,1833,1452,1487,2236,1712,1615,1447,2014,32,1418,1652,2260,2010,1595,466,468,2316,2189,2416,2262
1097	288,822,301,761,792,854,860,876,180,1995,996,46,439,994,2178
1098	1026,258,460,1354,2450,1336,462,1300,463,1487,472,1620,1653,1686,1744,1441
1099	1945,1932,1933,704,1938,1946,1936,1939,1940,1941,1947,1942,1943,1948,1949,2153,397,2154,2172,2155,1274,239,2173,2156,2174,409
1100	61,62,63,64,203,67,68,69,202,70,71,72,73,208,75,74,210
1101	502,576,486,245,610,123,992,691,792,806,824,86,124,692,854,842,871,1001,876,180,905,864,961,924,934,632,351,914,994,1051,186,946,977,996,971,308,1122,190,1147,1015,1197,230,1299,1303,231,1344,1372,232,1855,1072,399,1114,1874,1425,400,2014,423,1717,1748,2197,2232,444,1893
1102	387,677,1343,1403,1477,976,1190,1089,86,1303,1254,1299,1346,1380,1479,1570,1669,2267,2168,1222,2294,1265,1441,2251,2335,2233,447,1851,1852,2014,1693,1853,1844,1854,2396,2424,1629
1103	551,151,43,177,861,206,902,919,1975,975,1047,1133,548,1195,1091,1080,638
1104	763,1974,453,95,636,287,288,266,784,819,605,892,884,835,7,90,858,837,454,862,906,910,493,100,932,938,914,1113
1105	1109,1809,1274,1194,2011,66,1444,2009,1356,912,1334,283,1246,1388,1433,1484,409,387,388
1106	1704,1918,439,2197,2203,2220,1919,1719,2320,1920,2126,440,2393,441,1905,1921
1107	2032,2035,2036,2039,2038,2041,2040,2043,2048,2045,2044,2046,2047,1822,2053,2049,2051,2050,1591,1596,2052,795,2034,2193,2054,2037
1108	17,1342,455,456,1266,864,987,316,315,314,274,2121,2118,388,2170,1213,475,478,440,319,1835,2416,377,379,378,1843,480
1109	607,1070,904,308,1065,875,1109,983,237,1049,1180,1127,830,117,1164,1279,1282,239,1865,1019
1110	710,170,146,168,255,166,162,160,161,169,171,711,176,178,687,748,798,789,1792,710,1794,1795
1111	515,1778,679,639,661,577,247,550,551,552,556,573,132,671,673,700,883,152,494,153,821,904,1086,1087,587,650,248,652,557,2452,653,200,44,60,843,1069,1065,1043,838,648,663,655,373,1194,656,50,1266,646,1271,1023,1295,1358,1000,336,678,803,1349,29,2451,1388,1404,875,334,549,396,30,1462,314,1073,1076,707,316,315,1498,1509,1058,1425,1544,1449,424,106,317,1882,425,1566,1578,1633,1081,33,1695,1705,558,1085,2177,1744,1696,1883,1414,1730,2184,1433,2263,2277,2133,2229,2290,2228,1920,2329,514,1594,833,2069,1881,2389,389,2363,2178,319,2070,2383,2288,2107,2416,427,2100,1239,415
1112	617,287,288,289,103,681,54,116,1059,631,344,343,118,1873,1640
1113	181,189,656,1121,1219,1289,194,2091,2079,1828,1829,34,1544,429,36
1114	1963,1965,1219,575,865,927,1038,1124,1147,1161,1167,1964,2011,1132,863,1255,576,1108,1015,541,408,1410,1409,23,1446,12,18,1440,1051,1425,317,1544,454,453,455,1267
1115	550,547,544,645,673,700,1011,88,546,242,851,931,1020,780,835,797,865,1035,1034,1045,1101,917,892,1121,1002,979,845,1151,940,1289,1390,858,1410,1038
1116	355,288,113,354,289,612,356,364,453,947,964,596,103,681,597,116,310,1012,238,1256,392,600,601,1347,372
1117	841,1334,1434,1415,1517,1916,1522,1926,1418,1519,424,1347,1466,1604,314,387,1541,1563,1911,1858,1997,1882,2160,1611,1208,388,1620,1917,2122,2437,1847,1629,425,1652,2438,1656,2110,2080,368,1918,421,1676,1711,1701,1991,1712,1684,1744,2111,1729,2197,1276,2081,2212,2220,1919,442,2219,2214,2113,1833,1992,2267,1836,2277,444,2260,2335,428,2181,2357,381,2355,2359,389,2379,2389,2386,2384,2391,407,2165,1693,427,2166,2412,2424,2431,2431,2167,1892,1921,1888,2112
1118	452,1394,1380,1281,1404,1026,1363,463,1431,401,386,1461,1435,419,466,397,83,471,1869,394,1479,1235,476,1420,842,1489,1076,1495,1486,1487,1514,1496,535,1509,1511,1520,1271,1587,1524,1523,1477,1560,1519,417,2149,2048,1555,1536,1559,1570,420,1464,1543,730,461,1095,1541,1563,1256,1573,2064,1096,2184,1609,1627,2184,2067,1825,409,388,1616,1617,1620,1615,1623,1632,1625,1625,1633,421,425,1624,1826,470,1589,1984,1637,1824,1670,1662,1667,1672,1674,1673,1695,1534,1702,1690,2120,1700,434,1711,1713,1715,1713,1721,1760,2177,1746,1755,1758,144,2197,1751,2203,1767,2205,2201,1671,2212,2220,1730,1872,2245,2230,2199,2214,2236,2250,1833,2256,2267,2261,1836,2016,2186,2175,2304,2277,2299,438,1599,1692,435,2273,2301,2320,2329,2323,2300,2330,2336,2278,2347,2352,2357,638,2366,389,2189,2373,2386,2384,2187,2178,436,2399,2396,2416,1906,2171,2390,2410,2179,2431,1094,1901,2434,1888,2414,1907
1119	1132,1262,1405,1446,2142,1511,1567,1875,1615,1640,1637,318,2235,2259,1828,446
1120	1586,2015,994,1361,2064,2065,2062,2016,2063,2060,1641,1640,1595,1667,2262,447,1367,389,2352
1121	1369,2010,87,1389,1429,1457,1476,1869,1478,2029,2148,464,2101,2180,1611,1659,1603,1604,1700,1031,2098,1032,1865,1884,2105,2106,2026,287
1122	1055,1565,559,1006,1037,1504,1568,1503,1501,1216,1257,1223,1258,1244,1264,1392,1432,1470,1493,1510,1527,1488,1553,1606,1607,1626,1658,1691,1699,1743,1738,2206,2254,2258
1123	878,1146,1960,1319,394,1341,1560,1609,1616,1662,2185,296,1737,2256,2373,2384,2187
1124	1194,1443,1447,1077,397,801,1479,1570,1481,1524,1212,389,2389,1620,2125,2416,1901
1125	803,625,268,597,596,812,846,216,1128,1247,1022,1018,1538,318,2183,2096,1031,2220,386,1881,2247,438,2099,2100,319,2070,1835,2120,2416,2412,1642,2069,2071,1750,2337,1894,2266,2188,1888,2072,1907
1126	1869,387,570,1231,1270,1848,1882,2116,2115,1081,1468,315,1851,1852,1711,559,1777,2251,2250,1103,2259,2285,446,319,2069,2124
1127	495,87,89,88,353,550,552,551,556,574,672,686,217,228,1774,1779,96,97,591,673,700,134,137,139,245,566,12,775,561,216,706,146,529,546,1784,109,159,61,15,16,716,1974,1011,43,1976,1785,247,2020,98,1793,704,883,166,842,596,668,590,630,496,571,916,1783,812,703,925,131,675,694,715,1087,1086,709,801,974,119,748,678,2007,57,395,60,2021,103,681,570,273,1049,2022,1927,1996,1995,1127,452,2008,785,896,582,583,667,372,560,1177,1192,1437,520,412,1526,2117,2119,2121,277,276,1178,1618,1951,1952,1930,331,42,1929,1980,1975,1977,1979,1982,902,1978,1414,1433,475,1981,32,387,81,2017,2018,1406,2123,441,2029,1905,2440,406,1226,1304,2299,1888,1896
1128	616,722,512,757,4,584,580,698,724,617,767,666,769,731,771,636,96,778,637,649,123,214,287,1959,779,138,987,138,112,113,198,746,632,773,600,293,294,279,280,240,504,50,453,760,258,257,259,737,2017,48,289,274
1129	63,1422,1442,1470,1493,1510,1527,1553,1606,1607,1626,1658,1691,1699,1743,2206,2063,2065,2061,2254,2113,2258
1130	530,692,743,806,1020,736,871,606,1121,870,607,1088,647,771,937,1360,1182,1918,1819,875,2079
1131	1188,1052,1153,1140,167,1208,879,951,1218,1300,1060,1063,216,546,1304,383,384
1132	1968,663,393,1196,1193,452,659,1227,1238,2108,1260,1252,1294,1325,1331,1335,1515,2057,1549,1635,1512,1683,1550,1636,1647,2058,1718,1734,1838,1760,1731,1643,1762,1763,2299,1741,1742,2307,2308,2309,2310,2311,2312,2313,2314,2315,2403,2404,2405,2426,2425
1133	287,624,741,749,752,775,610,698,724,991,990,453,123,641,761,992,288,636
1134	223,529,140,828,713,537,1969,1970,601,840,812,188,864,181,1110,1056,1945,2022,1236,1455
1135	331,293,2056,1485,330,1339,1514,1582,1631,1930,1605,1178,1708,2246,2268
1136	147,876,2068,1045,1131,834,833,1134,1160,327,1203,1229,2066,1842,2067
1137	1443,2157,1916,1457,1478,1453,1928,563,1574,229,1611,1659,1288,2074,2077,2079,1711,387,338,1580,1952,1880,1683,1720,2161,2160,2162,1734,1883,2135,1642,353,1496,1624,1678,1836,2163,600,601,615,1684,419,337,420,245,566,624,1014,1015,1016,1373,2164,1364,1462,1547,1590,1694,2209,2318,604,605,606,607,625,1551,424,2029,81,1586,86,1190,1833,1344,1875,1874,1876,1855,2092,2393,2093,2096,2095,2150,2287,1843,1233,2099,2100,1307,2057,2058,2111,1433,1454,1490,1521,1605,1706
1138	195,930,1136,1062,1425,1867,2013,1022,1018,812,1548,314,1729,1173,2284
1139	1601,1769,1620,1608,437,1675,301,1689,1927,1723,2207,1724,1752,2272,2293,2297,2224,2338,1771,2354,2317,1923,1578,2332,1698,1757,2392,793,2415,2344
1140	673,109,757,47,585,722,750,624,48,801,780,741,776,1020,1005,971,1669,422,1875,1740,2387
1141	287,288,289,812,597,1003,640,114,930,1056,1122,1051,1338,1396,1220,1022,842
1142	687,702,134,137,710,711,243,587,160,720,161,728,146,65,555,590,757,90,159,166,246,604,605,496,829,787,503,501,692,175,355,354,637,811,201,206,200,722,815,553,885,674,884,269,268,112,113,883,150,1789,1788,797,853,689,1817,973,922,958,2068,900,960,643,651,907,356,570,596,1002,66,2009,510,927,287,288,289,842,875,1931,103,681,1818,843,712,807,898,2031,986,567,693,568,667,703,2104,654,117,293,294,1049,181,1124,1043,487,1131,600,615,512,1179,212,613,1819,1860,1859,751,452,1140,1210,1230,1191,1015,1167,945,947,1004,1255,1997,1839,2093,1821,2257,2406
1143	283,758,177,1971,1102,1972,356,365,356,668,1151,1008,1950,1866,1131,1109,1206,1269,1270,1278,1298,1271,1232,1348,1458,1461,1483,1535,1516,1552,1910,1911,1909,1620,1310,1184,1682,1666,1407,1610,1183,1912,1744,1883,2220,1913,1922,1923,2389,1915,2364,2420,2412,2432
1144	356,1008,1150,1183,1196,782,805,822,1238,357,2108,882,378,1276,338,377,379,1208,980,1036,1847,1841,462,1404,1447,1443,1842,1474,410,1630,1682,1733,368,2291,2195
1145	1515,1549,1635,1550,1636,1647,1718,1731,1643,1762,1763,1741,1742,2307,2308,2309,2310,2311,2312,2313,2314,2315,2421,2403,2404,1921,2405,2426,2425
1146	1778,549,1776,206,284,285,283,164,679,508,639,765,270,661,397,923,669,874,874,1995,886,821,1996,524,248,1033,574,650,597,373,373,982,596,843,707,720,803,732,799,1817,680,342,778,503,502,501,691,260,204,198,637,590,222,902,2449,338,1069,1818,129,647,911,278,305,303,646,653,304,117,662,641,635,648,633,205,15,1047,99,16,202,1133,17,510,655,20,325,1887,22,385,474,1087,1086,1998,656,237,207,1089,1108,1267,1043,1839,1999,1147,1092,326,1161,813,867,999,1164,7,1354,8,464,1090,21,1347,1292,209,82,2000,466,83,1348,557,560,1394,476,1075,135,861,1077,550,551,2001,2001,552,556,573,1076,132,84,835,1374,1385,1505,472,106,31,32,126,2002,2002,489,1121,1124,24,1982,1369,26,1322,1080,1651,55,663,659,1564,56,1091,29,2451,30,1819,387,1820,1668,1031,910,1085,9,2053,28,1082,1589,1975,1001,1711,2003,1980,51,25,1985,2131,2132,467,541,468,2004,1986,537,477,1593,1727,538,2267,2005,638,2225,539,540,608,195,2234,1987,794,469,2006,1882,925,795,493,1236,1451,2190,1677,1687,1190,1094,1888,480,2191
1147	6,5,102,11,453,456,496,495,105,493,707,720,732,761,792,854,947,958,1044,1210,1818,464,559
1148	1812,1990,1133,295,1195,1196,303,1813,7,21,9,1980,659,1091,1075,1006
1149	245,590,600,1886,928,603,100,1012,42,187,1347,559,780,1519,1541,1622,1755,1703,2201,1836
1150	287,288,830,15,86,483,507,744,825,289,696,281,924,1983,181,150,1788,1789,930,866,111,182,914,938,797,853,940,962,365,925,821,904,293,903,366,597,986,981,979,845,994,343,1002,760,1039,1045,1051,1058,1062,971,1056,1121,1103,357,746,912,1104,58,1119,813,779,999,1120,1122,237,116,633,1164,1152,1167,493,101,1065,955,344,865,848,1206,1213,1208,662,1236,1176,1017,1248,1790,105,1136,1320,1098,1190,2012,1272,1396,2141,1095,2014,1096,2184,1530,2015,1506,2137,2135,1083,2016,2186,2134,2136,1507,1538,447,445,2139,2138,2192,1894,448
1151	322,323,1201,1066,1230,980,1036,1046,1221,1949,1228,710,1388,1448,1119,1985,1981
1152	1792,711,162,160,169,170,710,178,146,159,166,710,119,370,371,1795,161,168,171,176,267,266,1794,880,1797,1793,287,288,289,356,1974,1798,1976,167,879,914,1796,918,1799,506,670,734,763,820,893,453,454,374,1800,173,174,1801,944,951,557,560,2452,561,135,861,547,548,356,669,455,550,551,1803,552,902,1802,573,132,671,163,1804,2017,2018,984,782,805,822,968,882,300,299,320,2019,1805,1806,1063,978,321,1812,1163
1153	715,785,553,896,1037,1055,1139,1501,1503,1162,1171,1504,1193,1568,1216,1257,1066,1230,1223,1258,1244,1259,1264,1268,1278,1331,1463,1376,1422,1442,1470,1493,1510,1527,1553,1606,1607,1626,1658,1691,1699,1743,2206,2279,2254,2258
1154	515,590,529,616,96,629,220,221,139,719,245,15,566,215,562,575,495,629,496,250,666,634,670,506,737,705,584,527
1155	90,634,601,583,89,584,582,710,287,288,983,508,512,511,1036,537
1156	1147,1366,1853,1844,1271,1388,1854,1870,1584,409,1465,1590,2177,1082,2209,1593,794,2318,478,795,2380,2150,2178,2179
1157	1339,1500,1499,1464,1543,1287,1551,1540,1586,1618,1649,1725,1700,1713,1713,2222,2281,2322,2368,2366,2376,2389,2410
1158	61,63,64,203,67,68,69,202,70,71,72,73,208,75,74,210,80,77,78,34,211,79
1159	675,217,709,1779,1784,286,810,1952,1785,222,761,854,2020,873,289,1044,1111,116,1124,1157,1145,1214,1289,422
1160	916,181,27,812,184,947,1122,633,343,890,1119,1159,537,191,666,697,769,1197,1172,335,1021,1321,194,1396,1022,1078,1583,2091,1790,1083,1548,1756,755,640,1051,360,230,231,232,399,400,2234,2016,2014
1161	2159,1533,1561,2160,1843,2169,379,338,1443,1574,413,2170,2163,2276,2164,478,2152,2165,415,480
1162	1303,872,1874,1875,971,1505,1220,1445,1536,1616,1664,1737,925,1104,1855,1451,1677,1687,2256,2280,2136,2134,1507,1876,2139,2138,2393
1163	136,712,566,517,146,731,527,159,250,767,168,251,225,810,160,711,710,808
1164	868,2,1781,1485,857,1178,1306,1135,542,544,572,1260,1294,1325,1331,1433,229,1099,2319,2341,1900
1165	1238,1271,1787,356,1269,2149,1974,1975,1492,1977,1284,1552,1867,1868,1666,2105,2150,430
1166	649,739,500,967,947,1004,1070,626,949,1005,1208,980,1036,1046,1168,1845,1302,1294,377,1847,1421,797,1855,1842,419,1440,912,1505,2442,479,2440,2441,2253
1167	1956,2056,1118,1228,1188,248,1239,1261,1026,1327,1924,1352,1383,2149,1027,1925,1430,466,1460,1926,1584,1028,234,235,467,1831,1686,46,1701,1733,468,2151,2296,2152,469,2150
1168	356,22,128,310,382,674,746,757,813,891,925,964,984,994,999,1000,1039,1041,1061,1107
1169	955,138,509,142,181,189,541,541,541,537,538,539,540,187,188,192,148,149,140,184,193,2062,1220,534,191,1303,1320,343,194,1873,2147,345,1367,1445,1022,1579,1756
1170	61,63,1201,1015,858,1302,1424,1441,1440,1453,1854,510,472,1882,422,1651,1852,59,1713,1464,423,1883,1767,1646,77,2277,2071,1897
1171	788,217,1951,1952,550,552,163,671,1783,942,891,703,2007,906,946,977,996,738,817,1068,2021,1116,1945,1129,1937,1936,873,2022,1145,411,215,416,375,2444,2445,371,370,374,2443,412,1205,1856,1846,1858,230,232,399,400,423,2162,1637
1172	127,133,515,245,58,46,528,292,198,708,12,1886,733,590,593,216,18,630,172,109,1123,92,2027,15,570,1782,597,14,1045,7,308,978,1126,8,505,1960,117,277,274,275,196,1319,997,1348,1850,1993,1396,2119,1407,1203,488,587,1844,369,39,1405,1867,1994,128,1229,2183,1247,1880,2120,1825,1826,2220,1881,1307,2070
1173	297,764,287,288,340,5,298,761,792,789,839,920,167,836,322,1956,842,1182,1512
1174	971,1045,1050,120,1231,1343,1850,1853,335,1403,1425,1440,1479,1522,1548,1854,1844,1870,1869,1544
1175	245,590,39,261,5,515,243,139,566,149,689,751,720,10,136,705,722,610,714,732,842
1176	526,515,529,484,528,555,592,796,852,1961,866,454,1996,100,531,530,906,1113,455,843,844,456,241
1177	88,1931,490,498,563,133,96,580,714,287,289,1045,116,1276,1873,1334,1395,1380,401,2445,1511,1519,1893
1178	1523,1519,1528,1466,1616,1622,1633,1848,470,2140,1664,1477,1702,1672,1737,1879,2135,2199,2233
1179	1183,1700,2058,1714,1716,1780,1733,1736,1744,1317,1747,2220,2236,2289,2295,2305,2301,2297,2325
1180	632,833,44,515,610,842,891,889,92,953,927,981,843,1059,2028,1069,1109,1147,627,628,126,1217,1292,1322,1400,1384
1181	903,1062,1039,1109,1070,930,1132,1144,1859,1860,1212,1845,1282,1290,2106,1232,1407,1404,401,1446,1447,1867,1483,1524,1868,1577,1633,1641,1640
1182	1874,417,1519,2048,1079,472,1573,1616,2437,1629,233,1621,2438,1664,1695,2128,2199,1836,2280,2296,2278,2349,1920,2359,2382,2367,2379,2391,2387,2340
1183	582,590,604,512,757,691,761,692,811,881,645,567,256,607,568,625,1049,236,626,1688,1884,2292
1184	313,316,507,893,108,1952,1951,15,17,16,455,1045,834,833,102,888,842,1118,2017,2019,310,314,1319,864,453,1178,971,1220,1445,1308,1096,1874,1495,2136
1185	12,696,752,834,788,86,2023,111,2024,2025,925,327,847,328,1190,1536,1616
1186	176,659,1388,1434,1461,1575,1198,1620,1653,437,1686,2058,1733,1744,2236,2241,2194,2264,2339,2342,2411,2412,2343,2195
1187	492,1959,593,610,799,196,491,630,7,923,815,868,883,181,92,541,541,142,537,999,2444,994
1188	236,751,760,846,938,952,1051,1107,1115,1122,1124,1150,1950,1963,2104,1070,1866,452,488
1189	160,707,885,541,1045,541,1978,1979,659,1976,1977,1975,132,163,552,556,573,671,919,145,151,165,177,550,551,557,561,560,663,861,1974,2452,135,1332,201,200,645,206,1091
1190	125,595,395,1103,504,1131,1945,602,505,117,1012,1997,1194,452,2092,393
1191	505,1161,1227,1322,1463,1458,1343,1403,1265,1477,1472,1544,1581,1585,1601,1882,2110,1690,59,1684,2251,368,2113,2197,438,1894,2230
1192	49,768,19,693,1045,1101,846,104,714,1849,1184,378,213,1787,2062,1194,1950,1212,1236,2011,858,932,392,1960,841,1224,1319,1274,818,2117,851,580,624,120,569,1231,42,316,315,823,1844,464,1396,2073,1425,2013,597,1853,1368,537,539,1440,319
1193	1006,2031,1037,131,715,785,896,1055,857,966,2030,829,973,1011,1990,1162,1171,1179,1193,1216,1223,1244,2449,1061,1268,128,675,145,1375,1392,1450,1927,1277,1508,1526,1432,1488,1572,1572,688,686,672,1675,2257,1656,916,1738,1738,1832,291,2356,2406,1337
1194	1,97,96,590,12,721,495,141,143,696,245,566,708,604,670,90,752,641,581,518,225,515,249,224,1782,1681
1195	1728,1761,2218,2240,1823,2271,1773,2325,2338,2358,2354,2362,2369,2377,2385,2400,2409,2436
1196	872,383,1035,102,568,625,196,925,1126,1120,1204,1115,1118,327,1166,1199
1197	617,2105,1640,1641,1765,2016,2262,2275,877,1256,533,2352,2357,389,2388,2069,2397,1906,2423,1907
1198	172,812,1123,119,523,294,788,640,589,854,2017,797,17,813,762,816,867,13,807,876,342,891,596,821,904,912,181,260,695,1996,903,577,924,524,92,566,339,930,967,936,613,950,947,595,1086,1087,365,585,933,938,619,541,349,955,364,351,455,645,597,269,986,114,912,994,982,981,541,843,1997,275,276,1044,1045,373,863,545,842,2019,627,1066,19,1062,375,1029,1056,1069,620,277,1126,1120,621,115,1180,1125,849,237,2114,1147,633,844,1819,1003,754,1165,189,117,1152,456,525,537,99,1136,594,2116,1176,1887,1161,1194,1267,2115,2086,1860,1859,980,1036,314,378,868,311,1213,1209,474,2117,396,313,376,587,1229,315,538,539,1051,1197,312,1256,1248,1122,1960,1015,1023,1089,453,1021,14,846,316,850,120,229,1012,1012,1253,292,126,1295,335,540,1013,1232,505,2063,1348,338,451,2061,1949,1372,2118,464,1373,408,1282,1389,543,609,1458,1407,82,1400,2119,2173,1425,463,1427,1424,372,2094,1022,461,1483,1512,476,1077,1484,458,459,460,2450,1495,84,1865,2121,1522,1868,1544,2048,424,317,1564,2064,106,472,401,2065,1096,1600,2122,1625,425,2174,1078,1634,470,1081,1828,1654,1396,465,1667,1663,1083,1506,2120,2137,1082,1719,426,25,1684,1760,1666,1755,1703,1729,1030,2123,2135,1829,318,438,479,1593,1591,1836,2277,2175,2134,1830,2136,1507,2234,2069,389,2287,319,440,478,1595,407,1835,1594,2288,2420,2139,429,2138,2253,1894,1889,2124
1199	946,1137,1140,309,310,1177,311,1820,1219,1225,312,118,1302,1322,1342,1463,2144,195,2142,1854,1022,644,2134,2225,1507,2069,2187
1200	2030,1403,1477,2176,1581,387,971,1220,1404,1265,1538,1138,1480,1960,416,1340,1386,777,1670,1106,1956,1676,125,393,2307,835,1065,2098
1201	500,237,456,568,217,228,455,626,797,853,940,964,1045,1774,1779,1784,1938,1934,1933,1936,884,900,948,569,451,1263,864,1319,1008,1999,628,82,2000,464,2001,1535,1576,2079,1627,1240,943,465,536,2003,2133,2004,1765,2005,514,2006,2365,2412,2266
1202	1546,437,1578,1675,1714,1716,1722,1724,1912,1734,2207,1749,1752,1698,1317,1761,2200,2218,1757,2224,2248,2447,1772,2272,2306,1914,2196,2229,2317,2325,2338,2332,2354,2383,2344
1203	1045,309,1108,308,1209,396,1213,2144,1994,1448,1360,2126,2235,2300,2413
1204	1337,1339,1393,1428,1413,2148,1420,1769,1627,1706,1670,1708,414,587,1501,2271,1772,1504,1673,2152,1833,2362,1490,447,415,2192,2282,1302
1205	764,789,1185,2056,1181,1186,1188,1241,1140,167,879,951,1063,398,1329,1339,383,384,1352,444
1206	107,495,187,188,216,546,491,555,142,562,538,149,90,557,561,2452,132,671,507,706,135,542,544,572,673,245,493,591,483,566,712,145,496,744,151,624,604,163,772,165,819,825,605,1123,457,177,807,761,100,540,887,215,906,564,101,946,127,977,133,988,996,102,1048,1110,1114,1116,1145,104,1205,1226,1190,1254,1221,230,1304,1303,231,1293,1346,1372,1857,232,1380,1072,416,1479,1512,399,1874,971,400,1875,1669,1717,1441,1760,1748,1671,2232,2151,439,2336,449,440,1893,1901
1207	873,287,288,777,788,891,942,887,772,797,988,956,922,994,1815,1816,1114,1002,1137,360,971,870,983,296,376,1071,343,344,1190,1279,1208,1305,2060,1256,337,1945,964,1372,1386,408,1410,1343,1403,1408,1045,925,1104,1236,1451,1441,419,383,1464,1456,1477,453,345,1523,1543,420,1581,1502,1609,1825,2446,2065,461,2126,421,233,1826,1637,1670,1875,1876,389,2373,440,2284,436,2334,2391,407,2397,441,2423,2410,2431,1905,2433,1893,1888,2414,1907
1208	243,981,15,610,624,1964,1209,1218,1229,1039,27,2011,1143,1045,390,965,1533,1561,2016,2275
1209	495,555,562,565,664,90,96,1931,109,543,97,369,258,592,257,744,593,616,617,734,779,804,605,800,825,718,820,852,259,866,842,596,110,324,985,963,831,1064,1062,1122,1138,343,344,1215,1209,812,1360,1398,1435,1468,1520,1513,1533,1561,234,235,1599,1641,1640,1634,1639,1692,1719,2239,2238,2262,432,2273,2322,2399,2391,433,1904,1906
1210	579,622,1159,2108,1021,633,592,1042,1272,1022,1398,1790,1239,1548,1846,1858,1028,1533,1561,1614,1622,1250,1295,665,2296
1211	1188,1140,167,879,951,1063,383,384,1273,1341,1857,416,1715,2003,2212,2004,2382
1212	532,1845,464,1447,416,466,1018,1233,1487,1292,1425,1519,1576,1028,1882,33,2079,2067,2095,1615,1652,2140,1656,1095,465,1822,1831,2257,1506,1025,2137,2003,1712,35,2081,1730,468,1872,1593,479,1832,1418,34,1836,2134,1827,2260,2302,2136,428,1596,1507,478,2356,469,2006,2365,2100,2193,2107,2406,2139,2138,480,36
1213	15,97,90,96,264,484,483,529,562,616,716,720,698,724,112,600,750,617,1933,113,266,768,777,1934,852,119
1214	1281,195,2148,330,317,2091,316,1081,1634,1240,318,1828,1829,2137,423,2446,1830,1136,1842,2186,429,2300,2187,2374,2188,1897
1215	90,127,779,1086,487,813,826,842,867,66,788,836,891,912,918,1147,1012,82,1541,59,2225,2355
1216	515,133,708,566,141,717,287,610,617,1086,778,812,712,370,842,823,943,870,983,1045,1122
1217	786,1261,1294,352,1234,1327,391,404,1345,2035,1364,1389,1431,1439,1457,405,1462,1489,1478,406,1573,1531,1615,1081,2078,1746,536,439,2355,403,2427,2112
1218	1,967,949,946,977,994,996,324,666,1119,769,1116,849,1040,127,2010,199
1219	499,635,500,502,576,96,637,526,503,221,253,590,566,214,250,141,604,698,283,728,735,143,778,605,806,1067,783,871,863,279,743,824,2017,261,999,1147,1271,1098,2235
1220	1974,902,678,707,880,548,1241,330,331,996,560,1181,1976,1977,304,980,1981,1979,395,1683
1221	255,6,256,821,939,15,859,22,1067,869,340,341,343,1182,360,2131,1022,1136,2132,1031,2133,813,999,867
1222	562,575,595,1119,1328,2154,1452,1446,1424,1511,1272,1466,1481,1465,2101,425,1882,1842,1233,1880,1876,1746,1684,2098,2097,2277,541,2069
1223	1575,2057,1597,1620,1653,437,1578,1686,1733,1759,2213,1757,2220,2240,2241,1772,2270,2274,2229,2325,2332,2354,1770,2363,2389,2189,2448,2392,2368
1224	1803,938,941,963,907,979,845,764,178,516,519,636,693,692,710,763,790,801,809,813,820,853,854,867,888,897,900,958,974,989,1788,1799,1796,1794,1795,1801,1817,993,1002,1804,999,256,607,906,946,977,996,1044,843,1005,1010,1045,351,949,1059,1108,1805,1806,103,681,1066,1121,944,1818,327,375,625,457,678,877,143,173,570,773,783,787,791,828,830,871,1109,179,260,786,1116,1118,1204,236,998,1131,838,1124,1137,1812,1130,1132
1225	39,41,58,523,100,543,92,524,102,525,104,105,119,999,1164,2225,2092
1226	1145,1199,1204,1210,1205,1214,1219,1255,1269,1221,1323,1355,1289,1419,1482,1492,1588,2091,1856,2279
1227	198,515,588,590,15,220,616,496,512,600,604,732,724,109,592,11,218,624,150,637,763,735,593,617,769,743,773,251,636,219,779,799,806,649,630,287,288,608,885,252,918,712,807,1158
1228	127,133,686,1951,1952,249,777,788,130,870,359,755,287,289,288,983,973,125,878,971,1170,343,842,1129,1789,942,393,1007,1189
1229	1970,1971,1972,979,1121,845,1205,1254,1299,1380,1385,1536,1616,1664,2256
1230	1736,2213,2215,2220,2218,1757,2224,2236,1913,2246,1441,2240,2241,1922,1823,2447,2248,1772,2272,1929,2274,913,2333,2286,1773,2291,2293,2306,2297,2196,1914,2301,256,2229,2283,2321,2331,2325,1416,2324,2338,2350,2351,2348,2332,2358,2354,1770,2360,2194,2364,2362,1923,2371,2366,2369,2377,2055,2361,2375,2363,2381,2385,2389,2386,1915,1681,2448,2392,2394,2346,2264,2395,2398,2400,2368,2401,2383,2408,2407,2409,2411,1769,2341,2417,2418,2419,851,2249,2412,2343,2428,2059,2432,2429,2436,2344,1345,1542,1890,2195,481,1895,1900,1597,1903,1896
1231	796,976,1166,1199,1256,1270,1280,1340,947,1419,1491,1403,1588,1875,1854,482,537,2234
1232	596,555,1321,697,488,1548,1548,1583,812,461,1615,1670,434,665,1756,2205,1729,435,2320,2391,2434
1233	1397,1486,1341,1359,1484,1559,1672,304,1555,1273,2242,1715,1758,1764,1730,2235,2170,2447
1234	288,741,289,855,212,1974,356,787,949,907,877,550,165,177,242,968,508,1230,659,1091,452,906,1399,1438,370,374,2444,2445,1080,2398,2364,2059,2417
1235	1515,417,1549,1826,1550,1636,1647,1731,1643,1762,1763,1741,1742,2307,1833,2308,2309,2310,2311,2312,2313,2314,2315,2059,2403,2404,2405
1236	1102,94,739,775,594,1788,826,873,888,1789,602,994,1053,103,681,473
1237	1236,2117,1229,2011,1250,1256,533,1277,1023,1322,1324,379,2012,1367,1844,2118,1396,1400,24,1407,2119,1425,1451,1415,2176,1424,1483,1420,2001,1487,1865,1877,1453,1870,1498,2121,424,1576,1882,1600,1465,1871,2180,465,1663,1843,475,25,1019,2273,1835,2265,480
1238	483,90,136,497,734,5,485,639,249,6,539,809,7,523,100,8,855
1239	1234,2340,1923,337,421,435,436,637,811,1178,1308,1343,1403,1477,2193,2219,2245,1765,2333,434,1459,2427
1240	528,590,93,94,526,90,593,95,796,987,457,242,680,630,473,299,300,320,321,81,2149
1241	152,494,1,495,499,39,199,555,1,87,129,635,590,610,714,640,221,250,453,273,2017,965,339,343,1108,1119,633,627,2115,1246,1322,316,1022,32,31,33,319
1242	1438,1350,1283,1514,1582,1393,1586,1379,1309,1649,1661,912,1739,2208,2236,2353,2368,2411,2435,1902
1243	2127,1008,2134,2437,2136,2338,2355,1507,2369,2368,2288,2411,2421,2139,2138,1895
1244	716,629,750,90,640,691,127,808,718,606,812,842,596,597,115,1021
1245	265,640,666,769,791,712,6,778,1086,807,773,833,760,761,792,854,111,453,504,576,814,842,13,751,2025,606,180,831,342,827,596,899,287,288,289,804,172,260,786,179,863,58,909,936,374,1087,943,958,812,866,975,240,657,602,455,490,985,114,912,994,1108,14,959,375,1056,1109,1112,1120,1122,1131,662,1138,369,914,456,1164,821,904,1003,1167,15,1161,1267,339,1202,1859,1860,848,2443,1065,1141,2092,925,1236,1229,1225,930,315,241,1051,1256,777,312,850,1282,1320,1231,1000,1333,2093,829,1098,464,82,1417,1334,1427,1867,1212,335,1389,83,1842,1994,1440,2168,1412,1531,1522,1524,1498,1868,1528,1544,317,1577,1246,1039,1882,2002,2184,1963,1964,1615,1965,1633,1625,425,401,2169,1654,2140,1824,2098,1663,1702,318,2097,1755,1574,1767,1883,1703,2186,438,2141,2284,1830,2329,2352,2357,446,2100,2187,429,1906,2416
1246	671,529,90,164,1970,95,672,145,802,745,287,288,166,1976,741,176,817,808,178,852,87,90,789,222,741,177,710,89,91,88,687,1792,1794,258,257,259,206,278,550,551,552,556,1795,573,132,557,560,2452,561,135,1797,1974,1975,1977,861,547,548,669,888,223,1969,1972,1973,1971,1798,356,1799,944,1796,1962,704,1800,969,127,133,733,708,894,1803,224,578,579,622,1804,801,284,782,805,822,978,968,2018,2019,147,876,1061,944,103,681,1977,902,1047,998,508,270,623,838,1866,1644,1117,1950,336,1908,2086,2087,2088,1195,130,452,1245,663,659,1966,2056,1967,1968,1227,1142,1148,1149,52,53,54,1278,473,1406,1287,1284,1515,1549,1550,1636,1647,309,1731,1741,81,1742
1247	264,715,721,667,703,1969,1781,346,1970,243,785,630,256,1971,1972,864,100,873,347,1006,1037,1171,1216,1244,1268,1275,1927,1930,1361,1432,1434,1488,1526,1928,419,2261,709
1248	1956,288,800,110,603,1122,376,1021,1873,1098,1368,1373,1395,555,345,1022,1018
1249	355,1503,1504,659,1376,1470,1075,1493,1343,1403,1477,1510,1527,1606,1981,1607,1581,1337,1982,2258,1080
1250	1239,2156,2142,1420,15,2158,1530,2159,1096,2160,2140,1646,1506,1053,2163,2134,2164,2136,2138
1251	624,604,593,256,779,778,254,350,869,875,743,842,934,351,570,519,994,360,1056,343,236,1122,633,1100,261,344,1224,1291,1136,1368,86,1371,937,1018,1869,1022,1511,2132,2133,2284,429
1252	644,364,1137,1201,1010,1318,1240,1124,1210,309,1255,1839,1281,797,1302,375,1391,1390,2154,2444,1369,464,1409,2073,30,1854,1870,1868,1079,1547,1481,1856,1567,1585,1590,1688,1694,2251
1253	274,187,273,776,842,540,754,868,275,885,181,1356,912,185,277,812,994,677,843,1046,971
1254	359,949,975,1113,1005,1105,360,230,2145,335,1358,1388,1857,1571,1389,418,1620,364,1040,2216,423,1912,1734,2447,1772,2272,2306,2297,1914,2196,2229,789
1255	987,1250,1329,1339,1350,1352,1393,1399,1430,1438,1460,1450,1474,1476,1508,1514,1518,1526,1540,1287,1575,1572,1632,1648,1689,1716,1723,1761,1754,2236,2268,1922,2283,2321,2325,2324,2348,2360,2371,2369,2381,2395,2409,2419,2429,2428,1900,1896
1256	168,178,687,1791,1792,710,1793,1794,159,166,212,702,839,1795,1798,1100,1801,964,1802,1804,1809,1813,1814
1257	216,538,198,140,541,751,369,512,496,565,268,580,1123,835,813,540,179,979,845,1039
1258	1204,1173,1219,1236,1190,850,1301,1344,1201,1097,2141,1274,1366,387,1916,1096,1038,1652,1650,1875,1506,1711,1709,2135,539,1750,407,2139,2138,1888
1259	1228,301,1329,1336,1924,1375,1379,1392,1393,1925,1438,1443,1074,1909,1283,1271,1910,1928,1911,1561,1700,1912,2177,1913,1914,2301
1260	15,16,159,763,133,279,733,246,1970,778,219,852,1971,493,100,789,313,86,873,862,878,1973,842,931,1644
1261	1189,1343,1232,1341,1357,1359,1386,1403,1411,334,386,1441,1467,1464,1477,2126,1523,2101,1554,1562,1543,1536,1559,1519,1581,387,1616,1825,2174,1641,1640,1652,1664,1556,1672,1693,1690,1711,1713,1721,1684,1729,2219,2255,2267,2262,1836,2016,2186,432,2134,2260,1834,2349,381,389,2189,2382,2187,1988,2396,433,1906,2431,2431,1888,1907
1262	968,252,273,938,1782,677,766,818,1045,1050,595,627,971,1058,1945,1048,1194,299,2011
1263	492,1011,1432,1244,1268,1275,491,1728,1723,2202,1223,2223,2221,2283,2324,2348,2360,2407,2419,349
1264	580,127,39,58,495,198,499,5,369,729,555,500,565,129,635,641,590,586,284,697,340,591,89,604,624,827,66,528,501,596,453,278,946,567,1125,995,814,658,568,2117,1197,1017,226,190,569,1324,1093,660,1341,1015,1072,1840,2055,416,1916,1452,810,2118,454,1495,1870,1373,2121,1418,1274,335,1587,1366,1525,1248,1612,2174,1697,1083,2251,23,2198,846,1963,1844,1853
1265	810,834,1,968,947,364,1065,1120,1945,1194,378,1424,2067,1609,1666,318,315,2070
1266	287,288,289,979,845,290,651,654,1121,116,595,1873,1519,1541,1573,2180
1267	87,600,1033,90,90,649,637,724,245,566,624,778,495,198,833,554,159,865,167,879,727,570,947,912,967,677,1004,766,818,1050,103,681,597,1070,1859,1049,1849,378,1177,289,288,596,1860,930,569,1231,1850,1192,1022,1426,1867,1869,1868,1851
1268	1587,349,1439,1708,1723,1315,1316,1645,1754,1761,1306,2202,2218,2249,2221,2240,2272,1833,2297,2293,2229,1730,2283,2324,2338,2245,2354,2360,2351,2348,2364,2369,2371,2375,2381,2386,424,2140,2395,2398,2408,2407,2417,2419,2411,2418,2429,2432,1890,1895,1898,1903
1269	570,1282,418,2141,597,1524,106,1095,842,2002,1096,1614,1615,1960,1637,925,633,1674,2441,1511,665,1486,1555,1758,2439,2267,1021,1109,1559,2280,2349,2150,1273
1270	1515,1549,1635,1550,1636,1647,1718,1731,1643,1762,1741,2307,2308,2309,2310,2311,2312,2313,2314,2315,2403,2404,2405,2426,2425
1271	100,370,1815,881,150,454,961,931,101,504,962,1034,602,985,1035,1044,2060,102,1045,887,988,1101,971,375,1121,977,1818,1116,1945,1137,1138,1622
1272	922,1004,948,1356,596,974,1070,943,1139,979,845,1143,1160,458,459,1194,15,801,1209,1219,1169,1230,1229,1250,1278,1295,889,1212,379,390,391,1231,404,1334,1463,1144,2093,1841,292,1351,1389,1458,1225,1290,1435,1457,405,1468,1420,1487,1877,1520,1324,1424,614,1513,1533,424,1845,406,1577,1561,1465,2095,1843,1545,425,1634,1641,1640,1639,1656,1417,1447,2439,1880,829,973,1179,633,1580,2257,1396,1025,475,39,439,426,1642,1478,468,1678,1040,2262,684,479,658,1453,2277,2442,2275,843,2273,1703,2357,1528,440,2447,2448,2399,2406,1906,2421,441,1905,2266,1904,2427
1273	616,718,610,270,497,289,643,912,924,651,912,994,1045,125,1119,2116,930,458
1274	591,593,779,13,340,341,950,933,1119,1152,1042,1209,1208,1321,121,23,1147,1281,1338,1098,1841,1842,1440,1555,665,439,1684,1563,1756,2099,1599,1692
1275	1138,1151,185,1157,1859,810,1849,378,1010,2104,452,1947,1227,914,396,1240,1974,1263,1274,377,1278,1251,1162,1088,1294,1271,1161,1147,1322,379,1329,1552
1276	46,145,212,946,906,977,600,601,615,123,996,322,994,1940,212,1005,931,65,66,2009,1941,1942,1943,1944,103,681,979,845,1041,1121,603,870,1110,1116,1049,1105,1945,1146,1155,532,116,1150,1042,1145,858,323,892,333,122,1052,1153,1177,1946,1245,452,1947,1205,1219,872,1191,1249,1175,1221,1289,118,1301,533,1949,1948,1300,1873,1293,1192,835,1362,473,1218,1208,1305,1857,1355,1401,1410,2154,1330,1365,416,1426,380,1532,1492,1111,1157,1214,1323,2101,1579,1856,422,2180,2098,1740,2097,81,1512,1760,1048,1226,1304,2299,450,1617,1899
1277	206,62,541,63,799,457,838,1971,493,854,608,797,278,540,188,885,912,313,50,1983,541,541,67,967,949,940,149,931,68,958,455,939,979,845,100,650,8,21,964,1005,843,184,1044,893,777,1043,1818,1126,140,196,911,1118,1006,1037,1055,305,1066,2007,189,15,1171,1166,332,1206,452,659,1223,1167,1319,1458,1482,2168,2091,2140,318,1592,2096,2171
1278	507,486,515,566,140,744,1102,192,825,797,540,346,853,356,181,940,1002,383,184,1044,843,1124,1207,1245,191,1255,1218,1089,1346,195,335,1479,1567,1656,1179,2257,426,2356
1279	2243,2245,2230,2270,2286,2277,2229,1369,1210,2338,2214,2354,2358,2375,2376,2389,2384,1657,2264,436,2368,2398,2342
1280	1723,1754,1493,2202,777,217,1785,2269,2272,2286,2295,2305,2325,2321,2324,2348,2360,2255,2371,2381,2346,2395,2407,2419,2430,2428,1403
1281	49,858,932,1105,104,1145,2092,23,1349,1857,24,2013,29,2451,30,1511,2048,26,447
1282	1786,1786,216,1866,972,1927,1061,663,1052,1153,1195,338,262,745,1216,2008,1223,1244,2449,809,44,1275,326,1783,1198,1358,1234,1332,1185,719,774,859,1428,1462,1488,2076,2080,2438,2437,2439,1694,2078,2440,1710,1728,1716,2441,1642,2442,2081,2209,2271,2347,34,2084,2069,2380,2178,378,377,379,1841,1877,1843,614,2085,2420,1781,480
1283	526,527,265,297,827,2026,708,749,894,920,1100,2027,856,570,812,991,990,992,989,905,597,907,2028,322,995,994,959,323,103,681,1049,1134,1119,596,1029,333,1159,5,1177,473,365,334,253,1426,1293,587,621,1233,1870,111,1869,2029,431,1871,400,1655,1667,2132,2131,1022,2133,714,245,566,624
1284	1863,195,2119,1449,1457,586,317,1574,1654,465,1480,2098,1663,2120,318,1720,2251,2123,2099,2284,319,1060
1285	1213,1086,309,1256,402,1274,801,930,1125,648,1424,273,308,293,294,397,1395,1831,994,1239,188,1389,2123,1466,387,2186,2296,2178
1286	570,995,1029,1119,1049,666,1159,1021,496,495,1177,1100,1191,1192,1426
1287	335,1615,1843,479,2170,2186,2099,2302,478,2323,2234,2184,2183,2185,2365,1594,2187,1324,2427,1894,2188,480
1288	1775,2217,87,90,484,483,486,562,575,720,146,264,600,732,1969,1971,1959,1958,1957,596,1029,21,621,620,628,810,890,1012,1049,1122,1154,1644,1996,452,1177,103,116,290,356,532,611,627,631,681,1044,1051,1210,1960,9,496,495,555,565,570,1051,1191,592,118,1253,1956,377,379,378,533,1013,1873,1281,1229,1841,1231,841,473,1347,1349,1369,2183,2184,2185
1289	590,592,593,246,617,630,873,596,1100,570,1805,1049,28,1604,2338,449,2355
1290	707,719,722,604,171,146,169,698,724,624,610,771,1958,176,799,113,790,601,820,1067,912,967,343,1204,1134,1347,912,2185
1291	864,310,1132,1203,1245,1146,1212,1262,1845,1059,289,1319,1303,1302,1344,1386,124,1524,1633
1292	873,838,289,920,781,958,893,1817,356,984,322,996,1044,323,1116,1118,1105,1124,1145,333,1604,1856,2210
1293	160,168,715,782,170,176,265,264,805,822,710,882,1799,1800,1801,1803,1807,103,681,1808,1811,1812,1813
1294	698,264,724,506,670,734,109,220,742,1086,768,777,788,814,891,950,959
1295	1518,1535,1288,1447,1585,1627,1615,1660,437,1578,1675,1710,1714,1716,1724,1712,1912,1734,1738,1720,2207,1738,1749,1752,1698,1317,1764,1761,2200,2222,2218,1757,2437,2249,1913,2246,2240,1922,2447,2248,1772,2272,2289,2304,2295,2306,2196,1914,2186,2229,2317,2325,2347,2332,2354,1923,2363,2386,1915,2448,2264,2392,2383,2415,2390,2344
1296	326,2146,2147,730,1235,1265,1516,1288,387,1660,1312,1314,2211,2213,2220,2231,2252,2241,2271,1773,2303,2331,2351,2364,2362,2377,2386,2394,2398,2408,1915,2436,2432,1898
1297	289,1141,1129,1170,1245,534,1146,1189,1241,133,733,1211,1297,1289,1296,906,1384,1383,1343,1937,86,1477,1472,1554,1874,1581,1946,2145,1875,1825,1095,1096,1826,980,1285,307,1512,1270,1731,1453,1847,393,2321,2233,360,2189,2393,2396,1060
1298	1777,145,913,1323,1391,1390,1501,1966,1626,1553,1503,1257,1258,1264,1690,1682,1705,2206
1299	1416,1497,1430,1909,1476,1500,1815,1285,1516,1284,1535,1551,1287,1288,1540,481,387,1705,1759,1726,2243,2290,1837,1896
1300	264,90,265,562,575,746,288,124,2024,2023,354,788,812,119,811,780,289,2026,127,842,133,1983,125,779,101,942,962,356,937,596,1936,1938,597,1045,994,1059,1959,1957,357,1132,971,1945,1029,532,847,1859,1946,115,393,1860,1947,1948,2011,1262,1949,2153,2154,1366,40,2155,1382,1370,82,513,463,462,1867,2156,1254,1299,1346,2157,83,198,1380,1479,84,2158,1531,2013,645,1868,1530,1560,1537,394,1570,2159,1536,2126,2160,1616,1620,1623,1614,2174,233,425,431,1652,1589,1984,2140,55,1824,2110,1664,1669,2161,1674,1697,1846,1858,2185,1446,2128,439,1701,665,1509,426,1760,1737,2111,1878,1985,1745,2162,1746,1032,1768,521,1986,1919,1678,1765,2105,2247,2113,1667,2256,1987,2163,1836,2227,2186,2175,2276,2277,2260,2302,2298,2164,2152,2300,2316,2278,2181,2330,2336,381,2352,2357,2250,2359,2365,2106,447,389,2367,2388,2187,438,407,1988,2396,2107,445,2165,387,415,2397,427,1906,2171,2166,441,2390,2413,429,2139,1905,2167,2422,2433,2138,2253,2427,2434,1989,1894,2188,1901,1888,480,1897,448,1907
1301	1626,1080,1658,1691,1006,1037,1055,1171,1216,1223,1244,1268,1432,1699,1275,1488,1082,1743,1738,2254
1302	529,585,1102,129,253,254,299,297,5,457,256,741,298,350,864,930,383
1303	1033,145,151,177,225,226,777,788,645,554,740,739,840,227,1102,710,1804,1802,159,1908,287,289,288,290,888,1053,969,1068,1129,1997,1864,1846
1304	1818,919,362,1975,520,1003,117,53,54,646,68,76,1088,1086,2182,656,663,1094
1305	915,921,889,926,181,929,935,1009,1054,1061,373,1057,1953,1954,73,451,425
1306	659,849,1908,2011,1332,1198,1342,1140,396,1234,2079,2015,1918,2439,2111,409,2178
1307	528,1290,1790,1407,1405,1439,394,1479,937,1059,1496,1865,1867,1868,1095,1960,2183,2184,2140,1824,1670,1624,1662,1667,1674,2185,434,2137,1713,1745,1729,1766,1640,2105,2262,2186,435,2285,2136,1507,447,2388,2187,436,2391,2107,445,2397,1906,2139,2420,2423,429,2253,2138,2188,448
1308	787,855,150,596,842,924,597,751,753,1051,943,1122,1187,1229,1051,1247,1021,1334,1338,1407,1483,1079,662,2446,1598,1511,1701,1719,1881,1435,1520,2070
1309	947,1004,89,757,838,742,748,552,504,576,1977,966,781,708,979,845,827,679,655,656,1910,1911,653,353,2149,1536,1914,2145,1915
1310	1977,1231,2101,1682,1925,1449,1994,2228,368,1884,1077,1678,1471,1165,904,1459,2330,1239,423,821,1904,2323,2096
1311	266,246,1974,1976,1975,572,728,756,764,652,224,579,578,1935,297,298,267,225,1977,226,855,287,288,289,547,548,669,920,1977,842,1796,934,89,88,91,167,879,951,1978,322,290,1047,1063,87,90,103,681,1979,1133,1140,116,648,663,1195,452,1188,659,975,1112,1202,333,1980,118,1981,1873,334,1842,1440,1045,1229,1420,1233,1334,1870,1868,1079,2101,1982,1882,1871,1231,2098,1668,1580,1695,1082,1465,1404,423,1642,2097,1577,1633,1702,1767,1883,2198,1293,1678,2250,1881,475,2099,81,2069,2100,529,2070,2107
1312	593,198,493,555,637,835,718,1937,1935,356,596,182,92,613,842,1445,1022
1313	515,555,287,761,453,744,1961,784,288,791,790,605,812,740,746,1792,692,860,606,866,993,2116
1314	53,554,12,575,581,528,214,287,641,288,272,801,790,852,543,637,637,111,608,830,98,863,6,289,269,610,866,595,938,1817,804,980,596,622,21,1997,1036,309,1044,1046,843,1121,1069,1119,793,237,190,1117,1130,1138,1194,54,1231,2012,1844,1821,1466,472,1519,1564,2128,25,1745,2110,521,1881,1880,1883,1594,403,445
1315	243,729,584,731,737,610,227,265,123,774,16,590,593,763,617,769,779,600,113,249,800,820,18,586,601,807,615,830,91,256,240,340,124,259,111,859,814,350,871,875,883,606,876,837,121,180,864,855,342,827,612,252,924,914,566,613,595,27,937,938,619,570,351,611,455,994,607,1956,309,1051,959,1044,631,632,1059,627,323,625,1103,458,382,1180,237,2010,1960,1859,456,633,626,1042,1014,1020,1173,618,1187,1860,1208,1213,1207,1212,376,1017,569,1015,238,2011,1051,1023,1248,1305,1021,462,1326,1334,2106,2012,1993,1371,232,513,1405,2013,1018,1441,1444,1994,1495,399,1480,1511,1524,1870,1498,2126,417,1418,1846,400,1858,1600,1825,2446,1871,2127
1316	1969,799,571,829,1972,884,100,855,2030,885,1973,101,973,2031,103,681,1110,1116,1124,1158,1012,979,1121,845,1145,1012,1205,1211,1219,1210,1249,1221,335,1253,1289,1301,1330,1362,1410,1857,1856,1740
1317	694,762,1062,1109,1180,1407,1022,1548,39,46,87,90,258,497,529,554,585,889,705,737,983,1639
1318	1526,1601,1682,1675,1683,1680,1578,1689,437,2216,1700,1707,1710,1714,1716,1724,1316,1734,1739,1736,1738,1747,1317,1759,1764,1761,2208,2213,2215,2222,1757,2218,2224,2226,2236,2223,1913,2246,2240,2252,1922,2243,1772,2281,2272,2301,2338,2353,2351,2332,2354,2364,2368,1923,2369,2363,2306,2448,2394,2398,2402,2408,2409,2411,2417,2418,2432,2429,2344,2435,1890,1895,1898,1900,1902,1903
1319	283,168,174,808,178,601,267,266,1797,860,892,910,1800,1113,603,452,1249,1335,380,1579,1740,1836,1899
1320	566,140,744,1000,363,1056,331,1222,647,970,1021,1276,1321,769,666,697,645,1463,1844,1377,2117,2119,1417,1346,1459,994,1853,413,1367,1449,1495,1585,1502,1615,2116,2121,1071,1670,315,1667,414,1455,2123,976,439,1640,352,1360,1182,318,2259,2262,2152,438,2334,2192,415,1906,2284
1321	264,727,770,590,593,255,6,1067,2023,2024,141,143,630,718,2025,27,827,866,610,587,836,204,619,842,1045,237,633,205,1256,1247,207,1218,1021,1949,1782,1334,337,209,1074,1321,1119,1159,1495,597,1522,1882,1576,238,1619,1254,1299,1346,1380,1479,1570,1669,596,2204,198,446,555,565
1322	504,49,515,158,140,939,283,744,722,761,771,778,1958,825,113,810,244,6,2024,2023,2025,881,86,2026,821,904,924,2028,1000,1997,1035,380
1323	137,740,645,616,515,146,90,796,151,288,249,791,1123,1788,289,891,903,912,125
1324	183,349,968,362,1047,1000,972,2086,2088,663,2033,1195,2089,1819,1820,2034,304,303,2182
1325	174,702,880,1792,1794,267,1798,915,1796,570,968,1802,336,1810,1049,1162,2178
1326	41,42,1873,1218,804,349,1200,751,2172,1363,473,1370,2147,82,1411,411,1097,1235,1559,1273,1486,1949,1945,833,1858,2002,2160,1605,1096,1825,1549,1826,2174,1640,1524,2011,2009,2098,1672,2015,2161,1556,1212,1694,1704,1580,1702,1706,2242,2137,2128,1635,2003,1715,1718,1717,1446,2097,1985,2203,2209,1671,1731,1557,2010,1732,2256,2262,2212,2099,2319,638,2327,2329,1418,1652,2260,1558,2006,2287,389,2308,2309,2393,2150,2310,2311,2288,2312,2313,1904,2314,2315,1906,2410,2139,381,1989,2414,2425
1327	1154,1277,379,1324,1357,1334,2012,1841,1400,1405,1424,1447,1449,1444,1511,1877,1498,1600,1615,1843,426,2323,2357,2171,2422,2427
1328	103,681,757,741,291,2020,2022,1862,1353,1381,672,328,2129,1861,1413
1329	127,90,87,684,133,148,490,744,90,95,249,184,194,1231,1389,488,1233,1858
1330	874,13,882,281,886,895,827,901,915,921,926,929,935,856,918,614,978,21,224,622,1009,1054,1066,782,805,822,374,212,1111,793,1954,843,1157
1331	292,145,151,703,165,873,1783,949,1006,1060,307,1061,972,1152,1501,1503,1099,1008,392,1738,997,1257,1565,1754,849,1337,1896
1332	1115,1098,865,1256,1615,1622,1625,1828,1667,1755,2239,2186,1592,2152,2069,1867
1333	1930,757,725,130,359,130,249,358,295,912,712,1184,1102,1181,1185,2056,1202,1186,1261,1327,1339,1252,1339,1383,1431,1489,1573,1621,1751,2261,2242
1334	1797,289,267,688,1792,1798,1794,166,1796,359,1799,634,1800,958,1801,964,798,944,758,1978,284,802,950,290,975,1044,761,792,854,542,307,838,911,299,300,320,1124,760,1996,1995,972,888,1294,870,983,1279,797,849,1409,1002,1346,1254,1350,836,309,357,215,912,1434,1190,1303,1344,1874,1875,1650,1441
1335	261,729,593,543,609,788,836,313,925,2028,1139,15,17,16,314,599,938,1056,1849,1942,1938,1940,1943,1941,1944,1934,1933,1945,1936,1935,1939,1946,1138,1947,1211,1215,2117,2092,956,829,888,973,1053,1124,1179,1229,1254,1948,2011,2102,1012,1263,1336,1855,1876
1336	954,370,371,766,810,818,1034,984,872,949,1005,1045,1108,1121,922,575,1219
1337	223,1969,217,686,1970,1971,761,792,228,353,922,958,1044,1774,1779,1784,1785,1783,1973,1972,2007,46
1338	1119,597,565,1159,1240,1021,1949,1328,1405,1022,1667,2160,2162,1937,2316
1339	146,159,168,166,246,778,176,284,283,600,529,89,601,687,1791,270,1792,710,123,131,675,715,785,896,945,266,27,267,496,495,570,968,582,373,1066,842,237,1122,293,294,15,16,311,343,452,376,1017,238,1256,2443,91,88,1281,344,534,1338,1395,1445,40,2183,1960,777,299,461,751,753,1051,18,1427,1519,13,14,1079,1541,2184,1614,1625,1634,1911,108,1453,42,1828,804,1051,2185,1418,1684,521,971,1719,296,1019,2151,1836,2152,1652,2260,81,2410
1340	637,676,526,683,600,213,649,285,284,820,811,707,720,799,19,885,1108,841,241
1341	87,134,90,137,139,90,610,138,273,587,590,593,1086,1775,2217,245,566,624,562,575,696,752,761,129,504,635,641,175,355,630,287,288,649,495,497,293,294,496,354,555,565,585,854,289,594,599,1,220,251,596,637,529,571,637,606,601,612,754,842,597,636,812,27,218,290,778,343,395,532,616,1029,1119,1147,130,633,1056
1342	313,172,877,637,289,575,182,949,903,864,870,287,288,962,2027,878,983,938,290,947,956,704,888,1045,647,971,1068,383,975,976,961,890,1040,1129,1945,116,925,1104,642,1173,1334,1098,1441,100,1486,1511,1276,1455
1343	745,1053,1212,1144,328,1342,1402,2032,463,1446,2075,1075,1524,44,1577,2180,2098,1702,2097,1767,2250,2113,2099,638,2329,1596,2100,2193,1094
1344	217,41,542,1231,1911,349,2174,2110,1930,1454,2113,380,309,2069,2265,2266,2172,1897
1345	378,2013,1585,40,580,1881,2262,425,2284,1746,2329,2357,2352,2069,1883,389,2273,2416,2334,1906,2100,2399
1346	41,1252,1105,1980,1139,1278,1005,42,1351,1450,1269,1355,1401,1420,1453,1552,1546,2372,2249,1311,380,1155,1249,1301,1532,1579,1740,851,1900,1899
1347	574,48,584,966,1133,1978,652,663,452,659,1950,1866,1278,1358,1198,980,1036,1046,1061,1168,152,494,153,154,155,156,157,158,164,222,361,362,2089,1366,372,1131,1203,1399,1842,1231,1091,1075,1234,1870,1364,1462,1547,2182,329,1882,708,749,1590,1433,1454,673,700,883,1144,1694,1880,2090,1686,1668,1918,1916,2080,1739,1665,1512,1730,2110,547,548,669,2113,1883,2086,2087,2088,2318,2209,1871,81,2358,1536,1616,1664,2344,1890,2420
1348	595,1061,343,590,550,1112,147,125,1931,854,958,1044,980,1945,520,127,133,733,2019,2017,1866,330,65,66,1127,1136,1160,2022,821,904,1003,349,301,829,973,1179,1067,913,344,1202,378,934,227,201,216,1169,1051,1229,1122,1935,1938,1218,2027,986,1143,959,777,788,942,994,1170,1189,1296,2153,327,328,753,1051,804,1322,1023,965,1363,1368,1098,1925,1197,2066,1369,484,1494,863,887,1544,971,1220,870,1598,1541,1402,1351,1538,2067,1491,1920,1860,2106,580,1951,1605,1802
1349	119,970,633,1208,1225,238,2011,1276,462,1321,1367,1417,402,2013,401,1842,1495,1600,2201
1350	557,2452,561,560,135,200,706,720,547,732,90,742,1011,1975,1974,667,703,1976,652,799,571,630,1977,874,886,895,901,885,915,921,926,929,131,675,715,785,896,935,761,914,918,1009,792,854,958,1044,1054,1953,1954,1955,1142,1148
1351	287,812,167,951,937,1063,998,1059,1045,1132,138,1140,996,1787,1212,1247,2101,2180,1633,2098,2097,2099
1352	32,2048,2033,230,33,231,232,399,400,2047,263,210,1822,2036,35,1786,2034,2051,2043,77,34,78,2032,2052,2193
1353	630,571,601,570,587,1996,1997,596,975,1112,260,117,842,1147,807,627,1191,1197,1246,1294,408,2082,1447,1361,1426,23,541,138,193,142,1271,1182,1509,2117,2091,1553,1606,1607,349,712,1424,1659,1602,2440,1542,1712,1448,2123,277,1434,425
1354	87,640,545,246,293,790,630,507,744,825,86,784,493,852,780,762,134,137,139,260,801,127,227,690,789,819,1932,1933,632,987,245,287,288,294,835,483,484,486,714,872,864,839,100,858,313,541,772,755,862,878,823,767,887,698,1374,906,925,600,931,877,870,949,754,101,903,726,953,587,962,125,610,936,1034,2030,930,975,950,979,845,1005,1035,956,1048,343,219,102,1101,1066,971,1060,570,555,565,596,323,498,1139,1113,2031,181,1041,1162,1166,104,458,1174,1193,1199,1214,1186,1226,1230,1104,1236,1220,1278,1304,1302,1335,1340,1463,1256,1419,1458,1303,1421,513,1405,1945,1385,1367,1482,386,1445,1603,1330,1475,1512,1491,1495,1072,105,461,842,1604,387,1611,1621,1651,1946,1637,1667,1451,1677,1659,1345,1727,1760,1455,1662,2267,388,1711,2280,389,2396,1888,1907
1355	246,369,1956,156,154,155,361,362,1960,633,181,189,2086,2087,2088,1159,297,298,920,322,323,1021,1280,357,2108,134,137,139,1022,2182
1356	139,144,287,288,636,617,616,166,2017,160,1908,293,289,356,893,358,730,359,185,1966,1967,1968,2011,1790,1844,1237,1050,1850,954,1853,2088,1854,1870,1519,1541,1871,1652,1851,1852,59
1357	745,1858,1586,1573,1611,1618,1615,1649,1659,1646,1642,2210,2245,1612,2219,2244,2282,1418,1652,2260,2367,1729,2396,2424,1892
1358	109,96,65,515,666,740,616,566,12,722,600,271,714,273,453,1086,246,778,797,256,807,823,313,903,1058,1109
1359	764,167,879,287,288,289,846,1045,1121,1963,842,1964,360,1180,1182,1965,395,311,632,1208,1218,1229,312,365,366,367,309,2145,2146,2147,1231,1334,2144,1360,1382,2143,1097,2141,1095,446
1360	356,864,937,1045,1059,2060,1040,842,452,1051,1399,314,443,2389,2278,1481,2397
1361	87,740,629,580,264,629,705,610,214,696,641,640,632,842,2030
1362	216,1102,1538,335,1612,1620,1307,387,1190,1686,1667,1092,1156,2365,1563,1676
1363	1254,1231,2066,864,191,1380,1255,1409,1445,842,471,1479,1412,2126,1524,1528,1022,1466,1570,461,1567,1623,1669,1688,1711,1709,521,2230,2267,2259,2292,2336
1364	889,2106,1459,1447,1842,1389,1457,1444,1022,1440,1482,1449,1231,1870,1085,1082,659,1080,649
1365	2126,1870,424,1424,1250,610,631,994,1536,175,354,1096,356,387,1616,425,1479,1825,1826,1129,1170,1189,1664,481,2064,2065,1676,2063,1872,1737,2134,2099,1103,2097,1480
1366	616,90,264,739,215,223,497,1969,579,617,705,740,1970,666,697,249,769,762,594,516,599,1971,91,288,1972,777,788,175,355,354,894,566,245,624,605,864,46,772,704,606,109,604,110,358,123,124,612,65,566,359,942,503,607,568,103,681,623,625,1938,621,1049,532,1129,1945,626,1946,387,1081
1367	496,563,1276,1281,1167,1210,1237,1270,1369,1850,1255,1409,1426,1869,378,1002,1068,1129,1170,1189,1297,1567,1848,1851,1031,1343,1522,1852,777
1368	1061,709,1927,2021,972,1181,1184,2056,1185,2017,1198,1186,1214,1241,1243,1252,2027,1337,1135,1329,1339,330,1929,551,857,1378,1402,1413,1436,1430,1497,197,1508,1928,1306,1216,1223,1006,1244,1268,1171,1630,1723,1736,688,672,686,1257,1037,1055,2221,353,2348,2360,2371,2381
1369	147,387,388,2065,1641,1640,1290,1468,2440,1711,2439,1629,1495,2441,2442,1405,1883,1842,2219,2239,2235,432,2284,1435,2433,440,1889
1370	590,528,555,565,545,507,245,566,592,722,641,640,825,593,630,698,576,596,769,924,936,842,597,1029,637,1119,633,1021
1371	167,879,87,951,1908,297,298,920,366,182,1063,1140,367,1188,831,1064,383,384,408,1909,1910,1911,368,1912,1913,444,1914,407,1915
1372	162,160,166,161,169,170,168,171,176,178,711,710,1795,721,702,1797,1792,1794,864,842,1800,1811,1201,1245,1937,372,1072
1373	1280,1163,1010,2155,1560,1534,1522,1877,84,270,766,1851,1852,2073,1879,658,1906
1374	991,311,1191,569,1070,666,312,1190,1021,2145,1303,2146,121,379,1192,2144,464,2143,864,1097,1446,2168,1096,1615,2169,1506,2137,2135,2170,2134,2136,1507,2139,2138
1375	543,777,980,1036,597,596,1046,1056,1119,1159,1168,2062,144,399,1486,1853,1844,1854,1522,1523,1874,1534,1554,1555,51,1559,2064,400,409,1825,2065,1598,1826,1464,1543,1880,1218,1672,1556,109,423,1715,488,1758,2203,2212,1019,1557,2198,1884,2233,1881,2134,2136,1558
1376	624,517,726,751,753,485,287,259,289,184,947,1004,196,1117,1147,189,453,454,1168,1169,191,1790,1277,1396
1377	333,1250,1295,1218,127,462,1357,1841,1334,1155,380,334,1424,1415,1447,463,1489,1532,1877,1846,273,417,1418,1517,424,1536,1858,387,1573,1612,1616,1615,1843,1629,425,1621,1651,2110,1664,1667,1831,1673,368,1084,1676,1711,475,1727,1712,426,1740,2111,1878,1746,2081,430,2219,2113,2261,2267,1652,2277,421,434,435,2260,478,2181,428,2349,2084,2373,389,2384,1538,427,2413,1892,2434,2112
1378	591,1775,2217,128,112,146,716,453,679,833,812,504,587,167,630,596,1796,930,918,597,395,1045,147,876,336,782,822,1058,1029,307,1008,1119,1109,1069,810,1150,1139,633,1007,2017,976,1945,1162,2062,1151,1946,1184,1159,2056,1185,1203,219,1193,1213,1208,1908,1238,39,1230,950,1252,1294,1949,1325,1321,1329,1339,2154,1847,1141,1125,1363,1274,1366,239,1340,2155,1022,1461,1869,1343,1403,1477,1497,1511,1524,1509,1530,1537,1361,1536,1910,2160,2057,1533,1561,2161,1512,1614,1081,1670,1912,2203,1456,2162,1730,2220,442,1760,2214,2163,2267,388,1711,1671,1704,1431,2261,2277,2276,2333,2164,2294,2237,2175,2330,2365,1780,1256,447,389,386,2178,1060,2384,2245,2165,2396,2255,2408,2435,1896
1379	241,238,240,369,563,586,600,601,637,790,804,863,937,943,1045,1059,1069,1122,1203,1212,1229,843,335,773,1334,1188,1348,1435,401,1360,352,405,419,846,1077,1404,1425,1440,1446,1447,1471,1484,1522,1524,1538,1869,1964,1965,1963,106,406,1095,1412,1519,1528,1533,1544,1561,1577,1882,2002,387,2067,482,1640,1634,1822,414,1883,439,1755,1702,1767,1985,2201,2259,2262,1983,2322,2069,2100,440,2399,407,427,1906,429,441,1905
1380	1285,1421,1563,1536,1516,349,730,387,1461,1200,337,1614,1448,238,1628,2174,2173,1522,1276,1651,1649,1570,1669,1505,1711,1727,838,1424,1256,2175
1381	591,369,555,723,644,93,712,939,600,144,737,527,593,640,225,778,594,842,873,287,289,771,943,455,602,186,309,2061,1267,1218,310,311,1000,1127,1819,1860,451,1089,2106,231,230,1349,463,1435,1520,1095,1633,2140,1083,1704,1702,2250,2099,2134
1382	1194,649,1463,559,1777,1360,317,313,387,1882,385,843,229,644,1711,14,13,2235,2330,439
1383	129,635,217,353,127,133,670,10,526,1775,2217,637,563,590,483,245,97,554,15,644,507,506,198,629,529,616,582,583,686,672,484,486,134,137,701,699,708,991,213,566,12,223,720,939,676,629,722,138,138,509,214,600,1974,141,678,143,734,707,218,1969,559,1777,542,744,544,572,90,624,763,819,761,767,636,219,792,825,810,601,487,1971,797,1104,2280
1384	1608,437,1578,1675,1726,1716,1722,1724,1912,1734,2207,1749,1752,1698,1317,1761
1385	701,699,810,823,872,897,940,925,983,881,759,371,370,369,994,116,1109,916,708,1046,1279,1855,386,1176,1051,1405,1273,1403,1440,1477,230,1303,1344,1846,1096,1495,1512,1957,1858,233,1479,1522,1534,1548,1384,1451,1625,1876,1880,1875,2140,423,1760,1883,400,1581,1560,1669
1386	1660,1276,388,385,1273,1341,1359,1408,1486,387,1365,481,347,1313,1315,1638,1106,1690,1676,1711,1715,1713,296,1764,2212,925,2237,2267,1563,1766,2335,1178,2357,1343,389,1829,1830,1477,2391,381,2424,2431,1892,1888
1387	590,343,800,344,1169,764,1182,677,805,822,1044,1980,1839,1043,1850,797,937,1059,2106,877,940,1511,1574,229,2127,2128,2239,1360,1884
1388	1111,1106,1181,1216,1223,1260,1244,1294,797,1416,1436,1497,1500,997,1499,1283,2279,2281,2305,2341,1403,2114
1389	726,878,930,529,596,892,914,925,842,1237,1276,1570,1511,1001,1405,994
1390	528,590,108,744,767,1781,547,1972,596,7,3,215,629,642,699,994,1064,1254
1391	21,142,138,148,292,330,195,194,28,1929,306,659,1091,917,2129,1110,1116,906,946,977,1205,1221,1856,1569,663,2091,107,1080,464,1911,2029,1981,2225,1928,1920,2234,2130,638,2364,537,538,2417,539,540,509,1921,1900,1896
1392	1959,1958,1983,937,365,938,298,920,366,1782,981,277,1035,186,623,1069,2104,1129,1130,1960,2061,1859,1167,1170,1176,367,1860,658,101,2443,1215,102,534,1207,543,1210,343,138,1225,1189,241,1845,1224,1256,335,1291,1089,947,850,777,788,942,1297,1296,1303,2444,1211,1276,1273,1016,1333,1013,1093,1341,1344,1359,195,1369,1397,460,2450,1408,1411,1417,1867,410,1449,1447,1074,1441,2445,1444,1022,30,1018,1467,471,2041,2183,1480,1495,1486,2090,2168,535,1870,1524,1531,1522,1498,1523,1868,1528,1544,1554,1555,149,1562,424,51,1559,1579,1567,2091,1561,1609,1875,2184,1825,1614,425,1038,1640,470,488,1984,1824,2110,904,1003,1667,2015,1876,423,1709,2132,1696,1852,1715,665,1878,1985,1032,2135,1872,1986,1019,2230,2105,2113,1987,2186,2277,2134,2275,2285,2136,2316,514,2352,1596,1507,2365,2388,2397,2423,2139,2188,1888
1393	306,542,57,1102,1927,549,1776,679,661,650,655,656,558,1778,639,653,1966,1967,1968,1977,1977,1978,1979,1980,663,659,60,1091,849,2032,2038,1075,1981,1073,1928,821,904,1003,1433,1454,1490,1521,1605,1982,1976,1389,1457,1080,1859,1860,2106,673,700,883,277,2119,2121,2117,132,2079,638,2209,1694,2380,1094
1394	710,284,719,726,634,713,716,112,496,644,283,585,604,734,169,11,749,610,624,265,774,637,586,286,770,718,605,113,812,6,1123,457,820,515,821,294,91,811,354,350,894,606,2030,566,930,351,366,1782,607,2028,2031,890,1045,1057,843,1058,987,1126,948,1109,1107,1136,1318,627,1267,1819,1023,238,1321,1021,1022
1395	328,1228,1161,1200,1015,378,1322,1324,379,1229,1390,1391,1841,1204,15,17,20,1452,1440,2086,2088,1233,1487,1412,2029,2101,2093,1882,911,2095,26,1576,1580,413,475,2251,2096,1655,2097,237,238,1768,239,2302,2365,397
1396	2216,1714,1722,1736,1744,1747,2213,2220,2272,2289,2274,2295,2305,2303,2297,2229,2325
1397	749,915,921,926,929,935,1009,1054,1953,1954,1109,1142,1148,1955,1149
1398	587,746,810,748,288,249,812,798,787,571,818,864,340,882,855,341,870,954,252,956,983,959,1045,1051,1053,116,1119,418,1411
1399	90,575,1033,589,840,599,945,619,290,890,103,681,621,646,520,532,122,333,452,1218,1023,533,1873,2012,473,1250,82,334,1426,2109,1870,424,651,1465,425,616,617,2110,1402,1602,2098,1685,1556,1704,1025,665,2097,2203,521,1872,620,2016,2099,81,2287,1867,1868,2100,1208,1305,2288,427,2390,2190,429,2112
1400	1200,1207,1221,267,1247,349,1255,378,474,1293,2172,1335,2131,1409,2173,1427,1479,1646,1750,2175,2337
1401	549,558,1033,146,629,629,698,724,741,593,731,745,661,650,597,1021
1402	495,590,515,616,264,261,600,176,178,632,1791,912,1122,1127,343,627,1015,1321,1089,2013,1368,1511,1666,1591
1403	2000,83,2001,1473,106,2002,425,2003,2170,2277,2005,2006,2171,2190,2191
1404	1710,2216,1542,2098,1736,1698,1317,197,2200,1735,2211,2213,2222,2218,1757,2231,2236,2240,2303,2297,2301,2229,2331,2325
1405	592,698,731,724,779,743,580,813,821,812,111,816,867,871,596,904,814,925,39,609,934,455,1003,2061,532,1165,1154,1164,1187,296,376,1395,930,1396,1445,1853,2064
1406	1142,1148,1149,2033,760,53,54,2036,2039,2035,76,2038,2041,1091,330,2040,2182,1077,2044,2046,1080,2047,1822,2051,2048,1862,638,396,2037,1094
1407	188,216,1931,564,546,483,1644,486,245,493,566,522,590,369,2,100,102,101,58,503,228,1774,523,953,971
1408	250,268,819,251,766,647,810,649,119,954,981,651,971,363,1848,1667,1455
1409	590,15,528,555,565,16,527,17,594,356,566,1100,499,1045,1021
1410	457,293,294,829,497,777,640,541,889,873,287,289,288,366,632,936,133,973,1931,2030,367,912,1179,1139,1208,1218,1972,1173,408,89,368,426,1832,1717,1748,2232
1411	209,40,1427,52,1022,1435,401,1520,1498,1017,868,1634,1719,1625,318,2399
1412	283,915,926,929,935,1086,2086,2087,2088,648,1950,154,2032,301,2036,1388,2038,2041,2045,1577,1695,1082,2346,1928
1413	704,218,817,888,969,453,994,277,976,343,1053,276,2114,310,456,2116,1787,2117,2102,312,1274,2103,2146,2012,1863,1366,464,1502,1530,2121,2014,465
1414	834,530,13,86,874,842,873,313,886,895,855,342,358,901,899,915,921,531,926,929,92,935,359,374,2023,2024,2025,597,907,943,622,114,1040,890,2060,1045,1054,2027,1815,1816,1041,103,681,623,1126,115,1056,1945,186,190,520,1122,1051,1042,522,523,524,525,847,458,459,2061,65,66,1318,343,344,1947,230,1276,1247,451,1072
1415	815,722,900,2018,2017,919,306,587,2019,157,156,154,158,164,155,222,361,362,1866,1950,2088,589,1238,1014,2194
1416	822,764,279,298,66,2009,951,2030,611,610,89,322,363,587,631,338,826,323,508,91,305,920,1014,333,396,1015,1246,312,1023,207,1292,1322,2146,1016,460,2094,2450,2013,1024,1468,1916,1420,335,2043,1874,2048,2047,2053,1720,426,2201,1678,2262,2227,2016,2365,2287,2373,2125,2107,2406,427,2265,2390,1906,2266,2037,2434,480,448
1417	678,707,720,732,799,885,1817,1818,132,135,163,550,556,557,561,560,573,671,760,861,919,2452,1866,2449,1186,812,986,722,815,884,900,1209,2017,1248,349,1281,1197,397,1274,1366,952,748,798,1387,372,1916,1646,1674,1911,1622,1750,1697,1881,2244,2285,2337,1030,427,2434
1418	356,147,300,937,230,231,743,871,2160,1464,1536,587,1022,597,1021,1218,2437,590,1834,2355,1060,1486,1555,1758,216
1419	746,1793,642,903,729,244,689,1938,1940,1941,1934,1932,1936,1154,238,390,1282,2106,352,1367,1863,1366,1407,405,1483,1867,1530,1868,1537,1667,1704,2185,1701,439
1420	906,709,958,977,1113,21,984,1002,1005,149,1044,1786,331,1066,1099,332,1116,1137,1167,2117,474,1281,335
1421	12,112,724,1932,529,225,48,1933,601,119,823,923,827,454,602,455,1050,103,681,603,927,115,1049,985,520,532,847,1849,1177,1120,1225,1237,1128,1021,1273,1850,1377,464,185,1417,1176,1425,1844,1853,1022,1440,1426,1869,461,1473,385,1522,1528,1481,1533,1848,1884,446
1422	162,711,171,169,600,41,159,750,166,1976,176,601,615,1794,1800
1423	714,265,641,777,810,268,808,812,86,609,854,887,269,1938,903,613,933,1017
1424	39,1959,1957,714,992,260,119,374,856,970,827,1134,1960,1334,1396,912,967,1194,1022,1417,1528,1519,1466,317,2142,1848,2445,2098,2097,2198,2232,2259,1836,2242,2316,1507,2069,446,319,2334,2070,2397,2390
1425	140,780,788,854,864,862,878,910,804,893,918,92,954,22,958,984,996,1276,2280
1426	202,99,70,126,71,72,73,489,208,1362,75,195,380,31,1532,32,1579,33,35,34
1427	146,159,716,750,243,1974,1975,166,145,151,165,495,808,575,616,617,1976,571,574,119,600,601,287,288,289,356,678,803,707,247,299,300,89,88,813,867,947,968,610,364,690,114,1004,999,1010,1070,1008,532,1150,1164,115,1196,504,576,452,1274,2027,1845,229,1298,1231,1366,418,1530,81,443
1428	1363,1467,337,420,1347,1466,1173,1519,1632,421,1418,1639,1637,2168,1662,1918,434,1684,1985,1836,435,2273,2300,381,1729,1949,436,2399,1988,441,2170,2434,1921
1429	246,670,485,302,783,145,151,487,581,523,493,550,454,524,278,304,303,843,652,1037,1055,1068,305,1129,1006,1158,1171,325,1170,1216,525,1223,1244,2449,451,2082,902,177,132,552,2074,557,231,232,230,399,400,2080
1430	749,1971,253,255,562,855,287,1973,1974,1977,65,1977,1817,351,927,356,570,455,587,1818,116,504,576,1170,712,898,939,412,1560,24,1532,1579,26,2110,149,25,2113,309,2135,1558,2063,388,984
1431	1449,1514,1433,1518,1454,1516,1865,1509,1453,1521,1535,1478,1286,2048,1287,1551,1288,424,1530,1537,1582,1577,1575,1309,1605,2079,1612,1627,482,1609,1600,1620,1566,1590,1633,2438,1661,1822,1312,1674,1685,1693,1314,1686,1702,2440,56,1707,1706,1708,1716,1724,2441,1728,1753,1912,2207,2442,1764,1761,2220,2245,2246,2250,2214,438,1770,2306,2329,2347,319,2392,440,2416
1432	528,682,526,590,637,616,546,690,136,527,778,639,758,773,863,821,613,838
1433	1584,1674,1684,2133,2184,1538,1883,2117,2119,2198,1730,1884,1881,2267,2186,2284,2357,797,853,940,2070,2288
1434	490,580,682,127,129,133,218,250,261,517,555,565,592,587,590,635,641,666,673,676,697,708,714,726,733,769,244,743,219,800,249,832,348,718,2030,826,903,933,953,1041,1062,1056,1109,1119,340,341,1159,848,1321,1232,1078,1679,2334
1435	625,645,1495,1498,420,1079,2126,383,387,405,234,235,1614,1646,1367,1686,1676,1684,1729,430,442,296,2391,381,1896
1436	1448,1632,1670,1682,1838,1628,1722,1316,1734,1752,2200,1867,1824,2245,777,1256,1765,372,2274,1834,2337,436,2105,2107,481,730,1386,1052,2397,1511,2423,1405,1906,1753
1437	495,504,39,577,499,500,501,502,545,109,666,245,590,708,15,133,680,12,566,108,503,604,506,749,600,129,733,624,507,714,496,636,287,288,842,596,313,515,1107
1438	708,259,257,790,927,993,742,1169,1846,2067,2014,358,2098,2097,2384
1439	250,220,221,496,701,699,587,719,604,112,500,697,737,600,109,127,133,1959,254,744,610,5,12,11,253,264,515,529,616,696,503,752,251,255,605,175,355,812,457,289,596,252,566,324,597,890,843,868,1109,1119,116,516,532,1065,1147,1165,456,343,1170,1003,1107,1159,1172,1194,631,948,955,1029,1068,1129,290,454,912,930,994,1108,1236,1015,1051,238,1272,1282,105,850,1297,533,999,1164,1231,1225,1334,1229,1363,1373,1387,1425,40,1017,1471,1440,394,2183,1022,1531,1870,2121,273,335,420,461,2029,1882,2160,2127,1625,1843,1826,1824,2161,317,1880,2098,1084,2128,439,2097,1755,1703,2201,1883,465,2105,1881,2186,352,2267,2277,2134,2136,1687,2284,1338,2181,389,440,2334,445,441,2166,429,1905,2433,1889,2072
1440	590,528,12,136,264,213,214,698,724,731,717,527,271,708,749,624,265
1441	1979,663,311,659,1205,309,906,312,1221,892,1208,1301,1305,1949,2145,2146,1138,1215,2147,1335,1293,1333,1091,1362,1352,2144,1378,1857,1398,2143,380,1097,1413,1041,1042,1175,1446,416,1460,1022,2142,1480,1155,1532,2168,1494,1865,2141,1868,1856,1579,1095,2183,1096,2014,2184,1612,1622,1276,2140,1824,2169,1619,2015,1447,1506,2137,2185,1960,1714,1701,1712,1985,1755,1700,2201,2135,2212,1986,2279,2105,2151,1987,2016,2204,2186,444,2134,1827,2301,2323,2136,1507,2366,2359,447,449,2379,2386,2187,1988,2107,445,450,2139,2138,1899,1989,2188,448
1442	692,566,947,452,1184,1204,1227,2443,1181,1243,1269,1323,1355,1394,1542,1909,1552,1448,55,387,1610,2279,1693,1711,2267,1615,2335
1443	495,3,109,666,580,58,587,4,600,112,752,1086,123,293,816,938
1444	49,1951,801,857,493,1927,1216,1037,1223,1244,1259,1268,1275,1488,1337,34
1445	1115,2021,2022,2437,402,2440,688,672,686,2020,2441,1222,2442,2205,1700,1099,917,2438,2301,2366,1384,1155,1740
1446	400,2446,1640,1639,1599,2068,1692,439,387,1985,1831,1729,1652,1418,1634,1865,2262,1614,2284,2273,2330,2316,421,434,435,1711,390,391,404,405,2357,1755,2201,1622,389,440,2388,2399,445,1904,1906,441,1905,2433
1447	320,570,1042,312,1175,1221,1272,2145,2146,2147,1293,1332,2144,1857,1398,2143,380,1097,416,2142,1480,1494,2141,1856,1095,1096,2140,1506,2137,1701,1755,2201,2135,2151,2237,444,1827,449,450
1448	1053,1054,217,356,1945,2010,116,1141,1946,1787,1947,1218,2102,2011,1051,1948,1274,1949,2103,1296,2153,1021,1873,378,1231,2154,2012,1863,1366,1351,1363,2156,2013,2157,127,1420,1864,2158,1453,2109,1846,1537,1418,2159,1858,1465,2160,1545,2161,1580,1084,2162,1678,2163,2276,2164,2260,1595,2100,2165,2265,2166,2410,2266,2167
1449	264,1859,2104,1119,590,597,633,1029,1056,812,238,1021,40,646,1033,1328,327,1022
1450	542,544,572,582,492,590,39,109,545,515,704,1123,273,276,1178
1451	630,279,812,356,27,2024,994,1940,1941,395,1942,147,2068,1943,1944,1945,1034,1946,761,1218,1947,597,1948,1274,791,2156,127,2159,2160,2161,1482,2162,2163,2276,2016,2164,2165,2166,2167
1452	612,1792,967,812,842,912,964,994,1966,1125,1202,1256,1240,534,891,1348,1138,2011,1364,1026,1394,1870,387,1883,2234
1453	247,552,758,135,557,2452,1043,1216,1244,1254,1268,750,808,1275,197
1454	303,918,216,546,644,313,316,1116,1931,508,846,1963,2062,1231,1538,385,2097
1455	90,90,598,134,46,594,457,710,65,299,606,245,454,453,566,485,1012,1208
1456	152,494,829,973,2031,1052,870,1039,1179,335,410,1656,2257,1832,2356,2406
1457	576,198,575,4,268,610,90,763,819,636,852,601,606,269,1374,905,1973,6,666,697,769,256,741,757,761,918,914,649,245,892,906,910,566,931,183,101,657,946,27,932,507,825,958,962,351,1817,570,927,973,783,1113,977,602,748,798,996,607,597,713,1034,1035,1044,890,284,285,283,286,87,90,103,681,1101,674,625,1818,957,287,288,290,289,925,1104,1110,1118,1116,236,1049,1124,979,845,1121,532,1139,563,1145,626,1166,1162,1179,1181,1199,1177,452,1193,1210,1219,1111,1157,1214,764,1236,1191,1249,1105,1205,1221,1289,1281,1301,1012,1012,1253,1873,116,118,1192,541,541,541,1278,1463,102,105,104,1330,1365,473,1001,1369,1410,1857,2131,1340,1419,1385,1277,1421,624,604,605,1451,949,1005,1475,858,1569,495,1426,253,672,686,688,2020,2021,2022,1651,1885,633,1677,1687,2132,829,2257,1455,2133,503,502,691,692,567,693,568,743,806,81,2105,2355,813,867,999,1164,1320,1727,1832,2356,254,255,350
1458	543,580,1931,5,637,526,515,685,268,769,760,779,778,852,86,864,842,925,930,943,927,114,1045,971,629,586,1190,1197,1051,105,1303,352,390,391,404,1338,405,83,1519,1717,1985,1748,2284,2134,2136,2357,1507,440,2253,2433,1893
1459	395,1549,51,1825,1026,1826,379,378,1841,1877,1550,1466,1519,1541,1711,1684,2111,1748,1729,1731,475,1643,2110,356,2232,2113,2267,1836,2260,478,2329,1741,2323,2335,2357,447,2373,2309,2308,2391,2310,2192,2311,1693,1742,2312,2416,2403
1460	1930,131,242,1261,1327,981,1383,1393,1428,1431,508,1489,1514,1573,1673,1751,2261
1461	64,203,67,68,69,202,70,71,72,73,208,75,74,210,80,77,78,211
1462	264,344,2106,2154,2155,1363,2156,2157,1865,2158,343,2141,1868,2159,2014,2160,2140,1824,2161,2015,1506,2185,2137,2162,2135,2105,2163,2016,2186,2164,447,2187,2107
1463	392,1278,1018,846,1511,2126,1885,1615,1633,1404,1577,1418,421,1449,1652,1589,1984,1081,1824,2110,1324,385,1662,1641,1640,1434,800,658,1109,1452,1674,1704,2437,1702,1983,434,1524,1869,1655,56,426,1642,475,1985,2203,1767,1522,1666,1760,1768,1986,1730,2198,442,2117,1884,1695,1039,2105,2250,2247,1446,670,506,2262,1256,377,2277,2284,435,2260,2302,1361,478,2259,1178,2365,1308,2239,1622,436,2334,1713,2352,1386,2316,1594,1208,1305,2342,2416,1904,2171,2397,2423,441,1905,2175,381,1066,2253,1906,1246,1894,1887,1889,1907
1464	1974,1979,57,972,1644,1073,60,201,1077,663,659,1091,1075,1080,1358,1198,638
1465	568,1029,337,1103,1847,2012,1367,1863,408,1382,1400,380,1072,1424,1415,1431,1840,418,419,466,1495,1509,1511,1418,1519,1541,1573,2160,234,1525,2437,1633,421,1624,2438,431,2439,1662,2161,2098,1673,1685,368,2440,434,1760,1083,1084,2097,1745,2162,1729,1755,1766,1751,1985,1671,1730,1986,647,442,1081,1765,2247,2227,432,2186,1592,2299,1591,2275,2298,2330,428,2352,443,2359,2367,2386,2187,407,2193,433,2288,427,2397
1466	1044,891,1943,140,537,623,541,116,842,1859,1169,1998,191,1256,118,1873,2101,2098,2097,2100
1467	613,2145,2146,2147,1398,2143,1097,2142,2141,1095,1096,2140,465,1031,1506,1025,2137,2406
1468	555,565,1,39,580,600,213,214,783,507,640,123,101,1045,272,994
1469	591,161,711,162,146,169,802,159,170,168,166,176,178,710,1793,1792,1814,1813
1470	87,90,103,681,357,299,300,320,321,452,1053,969,1932,2102,2108,2153,1863,288,289,1873
1471	418,1420,1453,2143,1506,2140,2137,2135,1746,1592,2134,2136,1507,2139,2138,1094
1472	590,346,246,27,964,1056,1244,580,1396,1022,1853,389,439,2334,2431,2253
1473	473,413,1233,1567,2029,1630,1311,1465,414,1847,1688,2160,1881,2192,2154
1474	1977,2023,831,1306,801,892,557,2452,57,730,673,1358,835,667,1587,972,1418
1475	624,1886,265,264,593,640,630,811,6,587,545,882,596,936,978,597,1782,633
1476	356,817,1101,66,393,2009,1787,1942,1943,1944,1947,534,971,1220,344,969,590,1189,1948,887,1256,333,1021,850,1949,1297,1254,1299,2153,1321,1873,1328,379,1296,1346,1334,1279,1841,1098,294,980,1036,2155,1380,1857,1293,1274,1366,988,1190,1303,1344,1382,1411,2156,1351,463,462,1441,416,2445,1384,1022,2157,1479,1445,1235,1420,1341,1874,1530,1418,1523,1570,2159,231,230,1858,1846,399,400,1875,1825,1843,1826,1652,1625,422,471,1669,470,1880,1672,1876,1495,1667,1367,1556,1715,1758,1883,2163,2198,2165,2166,2167
1477	590,958,712,842,1045,323,751,1252,1299,1380,418,1479,1598,1669,443
1478	245,566,15,713,629,629,495,644,149,562,575,600,722,757,991,670,990,506,734,740,739,214,493,258,257,16,741,141,624,716,750,529,137,139,146,159,763,992,453,145,151,761,616,617,819,767,686,672,743,772,778,636,127,133,733,355,485,718,287,288,271,272,806,175,751,790,753,563,810,812,784,852,255,601,746,824,708,813,256,677,766,615,12,797,804,1067,762,86,89,88,91,457,541,259,350,789,871,873,167,879,842,987,867,864,839,780,240,289,728,756,961,862,587,792,854,853,182,934,297,298,920,760,851,364,957,865,1038,1138,1152,2062,986,504,308,1140,1240,238,1256,1182,1319,239,1361,144,1395,1386,1495,1604,1567,1597,1611,387,388,1615,1659,422,1228,1709,1650,2210,2029,2279,2230,1884,1466,389,2387
1479	1362,1286,1434,1309,1618,1627,1630,1632,1628,1648,1649,1660,1661,1680,1707,1838,1728,1739,1761,2208,2236,2240,2271,2281,2272,2304,1773,2328,2325,2321,2347,2338,2319,2353,2358,2354,2368,2362,712,2369,2377,2385,2386,2400,2409,2411,2415,2415,2429,2436,2435,1890,1891,1895,1902
1480	1219,1289,1362,1233,1482,1588,1532,2029,51,1882,1579,1622,1917,1848,233,467,1651,1589,422,1880,1340,1419,1918,1727,1740,1760,1048,1512,1226,2251,1755,1883,2201,2205,2198,1919,1377,2151,2233,2299,2327,2366,2069,2393,2107
1481	635,528,721,5,264,604,819,243,778,797,773,630,869,342,340,341,657,853,940,952,1002,1064,1060,1137,1127,1167,1052,1255,1395,1529
1482	94,601,610,1792,137,139,710,515,1794,166,110,710,1793,162,160,161,171,711,1795,1797,1798,1799,1796,174,1800,1802,1803,1804,1805,1806,1807,103,681,1808,1809,1812,1813,1814
1483	499,504,221,528,644,685,12,143,250,496,566,575,600,616,666,512,592,719,604,271,11,593,96,251,624,698,724
1484	87,504,616,483,506,507,512,545,576,670,744,96,147,617,636,825,799,767,722,815,1934,226,216,546,798,876,342,454,833,918,2030,484,1817,2068,962,611,950,2066,1156,2067
1485	610,617,616,673,700,912,967,1154,1147,1161,1267,1194,291,1015,339,1322,1873,1253,488,1522,1412,1524,1537,1544,1615,1633,1871,1225,1417,1212,1883,1767,2329,2069,440,352,2397
1486	112,146,18,541,784,852,833,834,601,516,539,820,1123,457,288,615,134,139,453,692,811,493,17,815,884,761,792,854,608,100,540,13,507,860,1936,878,606,910,289,502,691,881,885,1374,454,781,567,566,566,624,605,607,734,1044,1124,705
1487	1559,1486,1555,1273,1346,1254,1299,1570,1623,337,1669,2212,507,2233,2327
1488	242,453,503,567,566,606,691,107,2,455,18,138,93,464,541,195,108
1489	1104,971,1212,1220,1226,1190,1255,1120,1048,850,1281,1304,1303,1344,1098,1404,1844,1408,1855,1451,1853,1444,1512,1194,1498,1534,2048,1600
1490	278,247,801,550,1975,303,304,974,857,902,1047,1133,336,547,1061,548,669,1195,1428,1485
1491	989,992,829,1001,745,751,842,905,961,180,742,914,457,2030,973,2031,1012,1179,695,761,1319
1492	240,943,631,458,543,609,830,2060,328,1165,349,1147,1161,378,870,983,474,1256,1242,1239,335,1279,1225,1021,229,1481,418,352,1695
1493	1231,1334,809,1960,1382,1867,2183,1473,1447,1864,1956,1842,2184,1233,1598,1868,2101,2180,1824,2098,2185,1882,2097,2197,2198,1883,2186,2105,2329,2099,2323,1732,431,554,2359,2379,2187,2100,446,2069,2107,2188
1494	216,146,682,600,162,160,161,173,687,702,711,710,159,170,168,174,166,780,761,178,852,1791,1792,710,1794,1795,1797,1798,1799,1796,1800,169,1803,994,891,1946,518,1479,1391,1848,1276
1495	1285,912,1284,1515,1505,1546,1287,1582,1586,1026,1027,1584,1028,1911,1601,382,1618,1627,1549,466,1630,1632,1310,1649,1635,1648,1311,1725,1660,1619,1670,1680,1313,1686,1726,1550,1705,1706,1636,1647,1721,1753,1718,1912,1745,1747,730,1766,2197,1731,1750,82,2208,1643,2220,1762,1919,1763,2228,2214,1833,2255,2243,1823,2204,2282,2244,2304,2290,1265,2005,2294,1741,1834,2347,1920,2349,1742,2006,2337,2189,2307,2382,2386,1915,2308,2309,2370,2310,2311,2396,2401,2312,2313,2340,2314,2315,2412,2422,2403,2190,2404,1891,2374,1921,2345,2405,2426,2191,2425
1496	1815,979,845,925,949,1104,1120,999,1164,1849,867,1070,865,1038,1219,1245,1236,1146,1301,850,1410,1211,1071,1190,1451,1440,471
1497	526,1775,2217,96,129,581,635,583,582,676,87,90,495,15,528,670,245,92,139
1498	1293,1372,2237,217,386,1208,2199,1599,125,393,2220,2016,1676,2245,1946,2064
1499	679,587,980,1002,956,322,1112,2018,2019,1137,1173,1187,1190,86,1948,1222,1863,1965,1459,875
1500	1977,1980,1960,2183,1403,1477,1874,317,335,1581,1855,420,314,1875,2160,2184,1407,2161,1848,1876,434,2185,318,810,2162,2233,2235,1717,435,2327,81,925,1104,1236,1451,1677,1687,2199,319,2393,2396
1501	2082,1974,1962,1536,1686,1008,1866,491,492,291,1000,355,1645,1433,1135,1454,1115,2303,2333,508,937,1406,1306,1928,396,1605,1862
1502	253,716,678,748,213,214,245,566,624,255,604,707,720,732,528,605,590,1,593,799,350,600,601,615,1356,606,566,630,570,885,1817,596,607,204,846,1964,1131,205,287,288,116,289,290,1159,1965,207,209
1503	812,612,889,657,22,611,453,454,897,16,1045,631,245,566,624,1010,596,597,566,87,90,90,590,356,843,555,630,947,1004,565,2114,1139,1147,633,2062,1136,308,1127,1161,948,1267,971,1200,592,1787,376,1182,1228,378,1017,1932,1933,1014,1015,938,1246,1934,1282,1292,390
1504	334,909,1515,1584,1549,1635,1550,1636,1647,1731,1643,1762,1763,1741,1742,2403,2404,2405,2426,2425
1505	307,346,347,392,228,412,411,1774,1779,1784,1785,1783,2008,2007,1536
1506	610,1977,847,2115,1038,1373,1372,2155,1411,1396,2156,1023,1425,1366,2094,1274,1016,401,1389,1429,1457,2142,1916,2157,1292,1478,1494,1844,1853,2121,1530,1418,1519,1537,181,1868,2141,51,1466,2159,196,315,1024,1097,1453,1577,1870,1404,1541,1465,1633,1702,2176,1767,1750,2123,1919,2250,2163,2244,2329,2357,273,277,275,274,2119,2117,2337,2416,2422,2253,1906,2374,1921,1889,480
1507	452,1239,298,920,1868,1433,1454,1490,1521,1605,1706,1767,2105,2209,2318,2230,81,198,1545,2380,1351,1580,1453,2186,2265
1508	453,741,797,819,297,862,863,557,560,2452,778,342,823,634,877,707,720,356,885,58,677,766,818,947,1964,1222,1256,103,681,1848,1883,649
1509	590,554,680,504,576,93,146,512,584,635,634,90,708,624,641,716,616,617,95,177,1033,799,637,637,89,885,356,289,1818
1510	590,555,46,546,554,740,584,1778,641,545,617,624,109,1974,749,98,639,224,579,716,653,751,1073,804
1511	1061,1246,914,1058,1147,1231,1091,1463,2012,1248,379,1351,2155,1598,1569,1646,475,939,1925,1682
1512	94,93,740,739,257,724,1781,802,714,708,749,87,90,686,616,617,672,700,95,775,1774,228,1779,1784,801,760,287,288,797,810,704,817,1785,812,145,151,165,177,840,457,259,149,100,289,853,888,181,912,967,856,883,969,927,187,188,192,974,140,186,1002,103,681,2021,493,190,1945,2010,116,191,2007,290,1947,1846,2159,2160,1848
1513	501,245,590,680,5,580,515,699,701,566,12,690,695,284,264,604,15,500,10
1514	206,735,886,895,901,915,921,926,262,929,1009,1054,1006,1953,1954,1142,1148,1149,1955,1950,1241,1485,1135,1990,1675,1392,1329,2392,1433,1454,1490,1521,1605,1706,2430,1896
1515	122,452,1418,2098,2161,2156,423,1787,1084,2232,1968,2260,1652,2153,2164,1945
1516	150,1788,1789,289,587,324,216,546,994,890,947,1004,12,237,2010,1127,1107,1147,1873,1844,2098,2097,2251,1846,2201,1418,2134
1517	1091,519,1085,1702,1878,1767,1879,2183,2185,2250,2113,2186,2318,2329,514,403,2416
1518	870,1056,1122,863,2092,238,1272,1338,2093,2012,239,1367,1372,1395,2094,1424,2013,401,1022,1471,1480,1495,1487,1494,1870,2029,1513,1576,1882,1614,1625,1843,1871,2174,1435,1524,1633,1787,1084,2017,2019,1729,1755,1883,2201,2232,482,2095,2284,1641,2352,887,2334,2433
1519	1960,111,420,1581,1095,378,1096,2014,2184,1875,1615,1882,421,1545,1655,2145,1637,2140,1874,2080,1674,1876,1580,1506,2078,2185,434,2137,475,2003,1712,1713,426,312,2144,2197,2081,2141,1768,2135,387,388,1711,2186,2267,2134,435,1418,2294,2327,2083,2136,1507,2084,389,2187,436,2396,2139,2138,2188,480
1520	245,701,699,721,566,600,610,705,767,722,563,778,637,810,800,341
1521	61,62,63,64,203,67,68,69,202,70,71,72,73,208,75,74,1308,210,80,77,78,211,79
1522	1550,1665,1731,1643,1762,1763,2017,2018,2019,1741,2307,2150,2308,2309,2310,2311,2312,2313,2314,2315,2403,2404,2426
1523	61,62,63,64,203,67,68,69,202,70,71,72,73,208,74,210,80,77,78,211,79
1524	559,733,453,868,608,912,181,183,967,101,953,1356,912,1040,102,1060,2114,1132,1138,184,1211,191,1231,1945,1519,1208,537,2165
1525	93,650,678,707,720,732,1817,1818,1974,1975,1099,1213,1248,663,1073,1628
1526	1285,1764,1329,2240,2248,2271,2269,1833,2272,1437,2297,2317,2326,2331,2346,2357,1067,2369,2375,2385,1915,2378,2392,2383,2400,481,2429,2436,2408
1527	1119,1172,344,618,1143,971,376,1200,930,1176,1256,1790,1021,1321,1367,345,408,1396,1395,1405,2013,1022,1495,1480,1583,1018,1614
1528	192,191,452,751,842,1023,1210,1229,1281,2010,2102,753,1294,2106,1873,1331,1040,1013,380,84,2101,1465,1917,1654,2140,1684,2097,1032,1678,2284,2099,2100
1529	1139,1125,1147,1120,1162,1849,378,1194,1108,1267,1193,1383,1410,1459,1842,1449,1233,736,424,1525,1585,1598,1885,1308,392,1375
1530	495,127,133,574,498,3,245,141,96,90,555,719,143,566,616,87,629,629,600,506,734,284,727,770,565,774,641,630,690,543,119,288,677,766,609,587,818,680,260,786,777,729,743,1815,1816
1531	90,529,544,572,591,12,495,496,483,227,670,719,734,763,736,575,2027,587,299,321,520,1204,776,1012,633,1932,1934,1938,2011,1021,42,10,302,337,473,2154,1435,338,1498,1863,387,2184,1217,1667,1684,2260,2284,389
1532	1,243,528,218,265,219,485,348,2023,2024,2025,2026,2027,287,289,288,945,890,1057,310,116,311,1218,1205,312,1221,1272,1250,1295,2145,1138,2146,1215,1281,2147,1293,1333,2144,1857,1398,2143,1097,416,2142,1480,1494,2141,2029,1856,1095,1096,2140,1506,2137,1324,2135,428,2165,2284,2166,2167
1533	495,647,606,1789,864,499,870,87,954,570,968,167,951,602,504,607,858,1121,1139,1855,1869
1534	786,956,1204,343,1129,1945,1170,344,1177,1206,534,1051,1225,971,1220,1279,334,1451,1367,1495,1855,238,1074,1078
1535	836,915,921,926,929,935,922,1009,745,1054,1061,1983,382,1953,1954,123,124,1955,1186,782,805,822,343,344
1536	700,1356,874,886,895,901,912,944,915,915,921,921,926,929,967,935,1966,912,843,1967,1054,336,944,458,1953,1954,1955,1968,1194,373,474,1088,1158,1925,476,1077,1926,335,106,470,1668,1083,2016,2175,440,2420,441,1905,1889,480
1537	1,95,491,492,225,796,742,768,694,100,217,101,1045,148,140,363,184,541,793,725,125,1208,543,1927,2103,1844,1853,842,260,387,1446,523,2384
1538	128,495,499,87,500,224,10,555,565,220,198,46,221,496,250,716,727,16,123,15,705,992,288,781,892,340,124,836,854,761,300,862,910,2030,893,564,908,2031,1362,1353,1290,1401
1539	181,275,797,184,2114,276,189,314,316,2115,2117,1256,2118,195,1396,2119,317,2120
1540	1860,1338,1867,1842,2183,1096,2184,2140,1824,2098,2185,2097,2135,2105,1881,2186,2134,2099,638,478,2136,1507,2187,2139,1906,2138
1541	1342,239,1867,410,1446,1479,2183,2090,1865,2109,1524,287,288,289,290,1873,116,1868,1208,1305,1577,424,2160,2014,388,385,1615,1633,1641,1640,2067,1824,1984,2140,1404,1674,1702,665,426,1767,198,1987,2262,2186,1039,2276,2275,1766,2284,2329,415,2433
1542	1021,117,339,937,1059,1267,1276,1322,2106,1022,1562,2095,1600,1843,1637,1867,1868,1696,1835
1543	784,862,1783,101,2007,979,845,184,105,1323,1436,1499,1416,412,1586,1628,1455,275
1544	201,63,203,67,248,202,205,71,2032,73,207,208,213,2035,2036,75,2039,209,1925,1424,2038,74,2042,2040,2043,2048,424,2045,2044,2046,2047,425,2033,210,1822,2080,2049,2053,1991,2051,1733,80,2081,2050,1593,77,1591,1992,78,794,2277,2301,2083,1596,2052,795,211,427,2054,2037,2195,36,79
1545	90,503,526,576,590,504,680,637,702,629,497,678,698,139,629,775,578,624,48,739,287,272,765,632,249,150,516,259,289,1789,1086,356,732,566,691,930,324,916,290,116,980,1036,1046,805,822,452,2108,2011,827,1790,118,1242,1059,1256,1026,1873,231,473,1372,29,2451,2183,360,2101,1868,400,420,541,1664,541,2098,423,1711,2097,1878,1883,521,1693,2267,1729,2099,435,2335,2225,389,2100,436,1208,2253
1546	323,1238,1243,1269,1289,1355,2106,413,1492,1552,1546,414,2249,1823,2306,2152,2362,2372,1323,2363,2385,2448,2392,2400,2383,2192,415,2436,2344,1900
1547	666,110,293,804,495,1966,610,1045,863,1069,1147,1138,1154,363,392,1948,1396,1209,1511,2446
1548	9,2008,2022,1205,1949,1577,1168,1633,1713,2133,1613,2276,2329,2416,450
1549	90,664,575,496,713,574,778,698,578,579,297,630,773,2023,2024,298,815,884,2025,814,827,596,92,856,322,570,959,103,681,2027,1368,473,1022,1027,1049,1128,1028,1021
1550	352,2103,1947,390,391,404,1363,1863,1994,386,1464,1543,1581,1984,1619,1686,1690,1676,439,1713,1744,1985,430,1750,2294,1729,1595,440,389,2396,2267,441,1905
1551	894,18,880,266,267,2024,2023,2025,264,356,947,587,964,1966,212,1004,14,1967,960,520,122,628,817,627,1453,1084,1968,1668
1552	1,1886,722,815,219,348,636,927,397,978,1020,2443,1214,534,1385,105,850,1323,1092,1344,1354,1393,474,471,476,1285,1525,470,465,1705,477,1765,2290,2376,2401
1553	518,166,711,760,778,146,159,512,519,1792,17,342,1799,1798,941,1806,452,1201,1240,1291,2073,1842,535,1878,1883,1879,514,2287,446,403,2323,440,2071,2427,2072
1554	800,252,924,125,112,113,856,938,185,287,289,356,729,705,670,1934,1933,167,879,970,950,864,114,1041,870,983,1180,1115,1158,1134,1167,1849,792,1293,1369,1088,2073,1842,1853,1106,1502,2126,1519,1564,1848,1851,743,1237,1852,1869,2198,1656,1083,1684
1555	674,713,722,271,624,355,799,738,287,288,864,300,299,873,289,633
1556	263,874,861,886,1978,1009,1975,1974,1979,663,1198,2033,659,1358,1733,915,2291,2194,2195
1557	1313,1675,1714,1749,1698,1759,1764,1414,1757,2246,2240,2306,2229,2332,2363,2392,2448,2383
1558	2011,2009,1948,1319,2153,2103,1787,1863,2154,1256,2156,1864,2158,1858,2160,1711,2162,441
1559	673,582,583,134,137,700,258,529,629,139,712,600,775,829,279,868,887,1040,1236,461,1022
1560	187,188,753,223,1969,559,778,1970,138,148,261,538,537,541,673,722,1886,287,288,610,1011,15,90,512,587,588,676,157,156,154,153,158,152,164,155,644,494,2,939,193,511,516,630,1123,39,245,502,501,566,604,624,605,222,1971,812,1067,128,565,592,590,593,873,642,454,347,361,925,1782,1817,890,1126,941,295,597,1318,191,1322,2092,189,1174,195,488,1015
1561	125,1783,1970,912,887,956,912,1045,1152,870,983,1172,1273,1200,107,1098,971,387
1562	90,1957,1959,630,89,88,91,1,596,293,294,827,936,597,592,641,640,593,714,343,1056,1119,186,190,1127,633,1172,376,1159,1321
1563	1960,1212,376,1017,924,1319,1056,1282,850,1303,1320,1136,1321,1945,1333,848,1334,1344,2063,1338,1098,1368,1359,1363,1396,1417,2013,1451,1022,461,1495,953,1874,1519,1560,1555,1078,1559,406,2064,2160,2446,2065,470,1637,1667,1677,1679,1030,432,440,2334,433,1906,1889,2414
1564	1002,1274,1077,1075,1343,1403,1061,1530,2092,1015,472,1418,1519,1435,387,388,1825,2079,1407,1265,1871,1843,2140,2110,1664,1960,1580,1918,1711,1676,1701,1713,1642,488,1032,2201,1070,1618,1649,1919,2219,1884,2232,2113,2267,2256,1836,2135,2276,2277,482,2099,2292,1732,2260,2294,2152,1834,2136,2335,2181,2273,2220,389,2287,2100,2340,2139,2431,2396,282,643,2266,2188
1565	529,5,133,285,283,123,124,842,751,855,916,125,764,343,1483,2068,1829
1566	57,162,160,161,169,170,168,171,176,178,711,710,857,1803,1806,1800,1797,1799,1792,1804,1796,1798,1794,1795,2019,2018,2017,373,547,966,548,669,1866,723,856,1503,1927,1504,2056,1565,1257,667,306,1337,1376,1171,1527,1928,1379,1587,1962,1608,2033,2032,2418
1567	50,1000,1116,332,1060,1145,2129,841,1248,2130,1349,1861,1444,416,1475,428
1568	596,495,1100,496,571,503,864,570,1049,1177,1191,1128,1192,1426,2016
1569	600,820,712,807,811,855,1789,905,898,1983,962,1817,999,49,789,1158,1164,1210
1570	1197,854,1290,1389,1855,401,1457,1022,1468,1524,424,1577,1576,1564,1875,425,1641,1548,1703,2233,2357,2352,2393,1906
1571	266,716,789,852,601,615,748,225,287,288,515,743,144,100,289,815,888,196,192,13,1306,870,983,136,925,102,833,834,1045,1059,1157
1572	346,217,2020,1972,347,2007,1306,865,1241,1570,1918,2336,313,1899,1901
1573	1232,924,1403,1477,1854,1533,1544,1581,1561,1597,368,1918,1690,1991,334,1360,1182,406,1745,1107,1729,1885,2081,1919,1992,2300,2294,2320,2083,407,2396,2413,2344,1921
1574	136,94,47,582,594,815,722,734,820,1799,356,1974,1975,1976,103,681,1978,1977,944,1966,1967,1968,310,716,750,808,1141,2087,130,249,1261,1332,2143,1097,1456,1341,1359,1273,1529,738,1027,1028,1825,1826,534,2102,2160,1506,1665,1635,1647,1718,1549,1095,1096,1554,1556,1717,1748,2232,1643,1762,481,2134,1558,1827,2063
1575	244,264,729,517,744,610,733,265,637,123,129,593,635,641,640,769,779,812,124,119,121,904,1003,190,2061,1165,1256,869,1276,1326,1321,1098,1022,2352,2334
1576	129,295,846,903,1960,1217,339,647,800,970,1225,1127,760,596,1119,1949,1321,590,1134,1234,1326,1280,1098,1547,1533,1561
1577	225,288,266,1952,1971,279,280,2020,589,840,1972,777,788,755,289,823,130,130,249,356,134,1783,942,953,259,966,2060,1966,1967,1040,1068,1109,1120
1578	253,97,528,529,562,590,678,720,575,12,136,254,734,732,783,340,351,1254
1579	1805,392,1256,1298,1026,1307,1479,1252,1235,1570,1525,1389,273,1700,430,1765,1833,1928
1580	671,243,145,151,542,163,291,165,652,177,919,1135,801,974,979,845,1047,1121,1118,1133,1146,1139,1155,648,1166,1162,1787,1199,1203,1205,1219,1229,1249,1289,1231,1303,1293,1330,1340,1344,1362,1365,1384,1419,1410,2143,82,1097,380,1855,1405,2000,1842,1482,416,83,1512,1233,1532,1496,84,1588,1874,1579,1095,1573,1875,1525,1598,1621,1624,2140,1876,1506,2003,1740,1760,1745,1751,2004,2233,387,2134,1827,2327,449,2393,450,2071,1899
1581	1584,1549,1550,1636,1647,1731,1643,1762,1763,1741,2308,2309,2310,2311,2312,2313,2314,2315,2403
1582	496,641,588,98,166,744,453,17,571,1796,593,570,92,592,596,621,1029,995,1049,1119,15,633,22,310,1177,533,1021,23,1192,1023,587,1024,1426,16,1025
1583	610,611,631,116,377,1366,1389,82,1424,2063,1447,424,425,368,426,2205,432,2277,433,427
1584	134,137,196,245,707,495,148,140,720,732,600,283,810,792,790,722,761,601,1785,1971,89,615,854,1972,347,1044,1124,184
1585	704,738,817,826,863,888,370,371,840,358,65,66,2009,969,570,812,994,1053,360,1103,1056,1069,458,1122,2010,1859,1154,1012,1787,1860,848,1211,1015,2102,2011,1290,2103,2106,1016,462,2012,1863,1372,1373,1387,1396,1867,1072,2013,1468,461,1864,1846,1868,1078,1858,2014,1625,1641,1640,2015,1084,1679,1711,2205,2105,2262,2267,2016,2275,1595,2136
1586	287,288,777,696,752,175,355,354,289,870,937,1059,1859,1103,1022,1867
1587	906,958,487,506,892,1113,946,977,1044,910,996,1116,1115,1124,564,731,1145,1167,1010,658,1249,1224,1281,1301,1362,1182,1501,138,1493,1553,793,1606,1607,1485,1691,2206,2254,2258
1588	641,864,777,788,121,5,287,288,289,842,1045,870,596,290,597,454,1859,942,1143,520,738,912,912,947,1004,1152,1860,618,1021,378,230,231,1132,1559,1560,232,399,400,1022
1589	766,818,810,893,707,720,732,799,984,1050,455,454,453,1849,1163
1590	1819,1221,1845,312,1231,1365,2001,1567,1424,1340,1564,2002,2145,1096,1622,26,1700,2080,1706,1710,413,2003,1592,2292,2005,2301,2250,51,2072
1591	20,662,1964,633,1849,1237,569,1270,1417,1022,1426,1528,1848,1851,1852
1592	545,936,1033,640,1119,1159,1212,335,29,2451,1398,1404,1425,1426,1842,2043,1609,1656,1663
1593	129,495,635,528,555,565,590,644,562,575,10,634,593,641,515,809,716,596,1100,531,1049,1177,1191,1426
1594	1792,1794,1793,162,160,161,169,170,168,171,176,178,711,710,1795,166,1797,356,1798,1799,842,1796,1800,1801,1132,1274,2063
1595	619,2055,742,906,957,256,351,495,914,846,1964,1160,1045,1156,1965,1205,1202,925,229,378,1231,532,1345,1352,1463,1357,1361,727,770,1334,1841,377,379,1274,1452,1842,364,497,2142,1233,1569,1567,387,1585,1688,1883,2292
1596	490,672,198,507,554,133,264,244,261,629,58,246,691,792,96,98,796,825,594,635,1972,874,886,899,701,699,936,657,2026,2023,265,6,17,2028,545,238,237,335,865,150,410,1200,1434,2173,1083
1597	1422,1381,1442,1470,1493,1510,1527,1553,1606,1607,1308,1626,1658,1691,1699,1743,2206,2254,2258,1981,1178
1598	918,870,942,956,1034,1035,971,1120,1118,1166,1199,452,1236,1279,1341,1386,1419,1491,1529,1846,233,1838
1599	1414,1013,1437,1474,1514,1453,1535,1582,1571,1465,1601,2092,2093,1580,1710,1716,1642,1747,1317,2222,2095,1678,2268,478,1545
1600	971,641,1069,812,1109,343,847,2062,344,369,1220,376,396,1960,569,677,2011,241,335,1190,800,1368,1382,1445
1601	1474,1433,1454,1490,1521,1329,1263,1430,1657,1683,2216,1571,1374,1385,2231,1771,2430,2295,2305,2289
1602	2,41,107,347,1011,523,524,522,919,761,792,491,525,101,828,559,1777,1086,1087,452,2444,843,2445,1372,780,842
1603	139,49,486,1208,1249,1845,1248,1261,1089,1052,1300,2145,230,1153,1013,912,402,2082,2074,1386,1156,2146,1863,1370,2077,1439,1441,2176,466,704,659,1012,1916,1502,1529,1453,1864,1846,1519,1554,1079,1466,1536,1573,1541,1027,1652,1534,1918,1084,2014,89,467,1671,1231,1732,1276,2134,1827,1883,2294,389,2386,2253
1604	2172,118,1430,1500,1423,1499,1464,1474,1469,1497,1909,1514,1511,1416,1509,1436,1524,1516,1284,1535,1530,417,1552,1472,1286,1543,1551,1546,1287,1288,1577,1846,1576,1601,1627,1917,1628,1632,1633,1617,1418,2127,1640,1648,55,1639,421,1645,1655,1660,56,1664,2439,1646,1649,1311,1662,1680,1312,1674,1670,1695,1314,368,1697,1704,2058,434,1702,1713,2128,1712,1991,426,1878,2111,1733,1711,1985,1755,1729,1767,1766,2201,1764,1986,430,1768,442,2214,2250,2247,2263,2227,2099,2298,2320,2329,2330,428,2194,1594,443,2368,407
1605	1405,647,1538,1435,1520,1576,1561,2064,1477,1629,1617,481,2061,1637,1669,1667,1190,1676,1711,1634,1559,1729,1522,1276,779,2259,2175,2280,2237,2273,1715,2212,1341,2294,2335,2320,2239,2352,389,2136,2424
1606	499,500,501,243,503,502,245,634,742,605,768,264,265,503,758,557,2452,759,242,560,2026,607
1607	2160,1946,1945,215,2161,2155,1949,1366,1383,1673,1690,1486,1555,955,1537,2162,1758,481,2212,2163,2165
1608	1515,1549,1635,1550,1636,1647,1718,1714,2218,2213,913,1741,1742,2307,2308,2309,2310,2311,2312,2313,2314,2315,2403,2404,2405,2426,2425
1609	245,566,587,590,740,144,739,877,1236,1254,86,1330,1013,1344,1098,1844,1377,1380,1409,1855,410,1451,1842,1440,1456,1479,1466,1570,1598,1623,470,1637,1656,1677,1687,1876,1875,1712,2013,1832,2233,1881,2280,2327,2336,2356,2373,2070,2393,2406,1901
1610	518,740,739,749,750,1011,624,641,766,593,617,598,767,640,528,1961,453,649,636,271,272,819,784,218,808,112,113,610,813,516,600,601,615,571,791,2023,818,17,530,867,531,925,22,1782,114,1050,1045,1104,1120,1138,310,86,1405,311,1451,1218
1611	162,160,161,169,170,168,176,178,711,710,1806,1800,1797,1804,1795,1812
1612	496,629,254,264,604,592,501,698,12,11,502,724,674,624,766,90,742,593,640,265,774,767,760,768,498,605,722,815,255,783,818,218,141,143,180,879,827,875
1613	486,577,1402,1285,1586,1612,1649,1618,1792,1798,1794,1803,1799,1707,710,162,171,169,170,178,2208,1739,1661,1195,212,2281,2328,2353,1870,2382,1871,1872,2411,2340,1902
1614	847,1015,1021,2106,1013,1344,125,24,2073,76,1473,2184,409,431,1827,2187
1615	581,685,157,637,673,529,566,705,743,223,1969,798,831,906,1569
1616	1192,495,570,1049,1177,1191,1426,1324,1452,1487,1576,234,1614,235,2438,1655,2439,1780,1695,368,2440,2058,2441,2442,2203,430,1768,2199,1765,2302,2357
1617	292,576,109,244,593,779,765,804,7,842,540,866,1122,1138,1625
1618	300,356,87,103,321,681,48,47,1008,382,2019,2018,2017,452,2023,2025
1619	1212,1144,1182,1231,1983,1384,1397,1424,1524,1633,1984,1702,1324,439,1985,1767,2205,1986,2198,2250,2238,440,319,2416,441,1905
1620	886,289,901,1789,921,2027,929,935,612,978,597,322,623,994,1549,1550
1621	1945,1141,1946,2062,1947,1156,2103,1335,352,1863,2154,1405,1469,394,1512,1495,1502,1538,405,1524,1530,1537,1588,1529,1577,846,2160,1882,1617,1615,1448,1609,482,1484,1633,316,2127,313,1655,1670,2439,2110,464,2140,1674,1787,1084,368,2440,439,1701,1690,318,2441,1693,1435,2111,2442,2177,1767,2239,2235,2267,438,1528,2276,2016,1876,2284,2299,1760,2282,2302,2329,1671,2233,406,2357,1654,2126,389,440
1622	310,309,312,1175,1215,1333,2144,1389,1398,2143,1429,1457,1095,1096,2320,2421
1623	515,401,1478,2278,870,983,1279,389,391,390,405,404,446,1685,1882,2421,2242,1454,1521
1624	1352,332,331,1378,1329,1430,1460,1508,1526,1514,1572,1657,1312,1314,1683,1764,1735,2202
1625	1124,1115,1167,1207,1245,1140,1255,879,951,1860,842,1063,1254,1299,1070,383,384,1346,378,1354,1386,408,1369,1380,1409,1293,1430,1447,1540,1567,229,1378,797,1566,1646,1688,1570,1669,1705,1551,1642,405,1750,352,1525,2228,1602,1963,1964,1965,2239,2244,444,2290,2295,2337,2376,1613,2387,1137,1002,2422,1713,2374
1626	94,95,287,288,672,1977,2020,864,1937,1935,1938,1936,356,968,1977,907,765,299,300,320,950,212,290,960,1792,1794,1799,1798,710,1803,160,161,711,162,169,170,171,168,176,178,710,1795,1797,1800,173,174,146,159,998,889,919,1057,1807,1940,1941,1942,1943,1944,321,549,1776,679,1979,966,650,1198,452,947,1004,1117,1169,247,557,2452,560,561,550,551,552,556,573,132,671,163,656,46,47,48,122,1873,118,1070,1945,1351,1420,55,1465,1882,1231,1287,1586,1618,1416,1436,1500,1497,1499,1649,2110,1842,56,1545,2113,81,2069,2181
1627	915,1009,1054,305,1953,458,1954,1955,1142,1148,325,326,1188,1140,167,879,2082,383,384,2074,1925,2077,2075,1926,2079,2076,130,249
1628	261,136,930,842,186,517,343,625,1029,1056,1176,1143,1152,1206,498,925,1122,1127,1017,1256,1190,1303,1098,1282,1344,1583
1629	562,1800,1937,1804,356,1801,1802,1805,710,1806,146,159,1807,1808,174,1809,1803,1812,1810,1811,1813,1814,173,687
1630	96,109,716,587,600,109,39,749,750,649,624,159,216,453,581,346,88,740,739,636,1086,778,93,725,784,797,810,791,226,738,150,864,923,541,541,347,807,914,90,483,610
1631	1140,270,1188,879,1945,1298,951,1307,1063,1335,1339,383,1348,384,1394,1859,1416,1430,1437,1302,1860,1482,1497,1461,1460,1499,1285,1514,1284,1546,1287,1551,1586,1618,1620,1566,1657,1311,1312,1686,2220,1833,2243,444,1834,2382,2389,2340,2412,2345
1632	90,95,2023,303,304,510,212,529,204,356,1975,646,1978,1979,122,205,99,655,305,325,549,679,661,650,1776,520,126,326,656,558,1778,639,653,378,377,207,489,1306,379,571,1090,40,209,1399,1434,2082,2074,2077,1841,31,569,2075,32,1288,2155,1243,1552,1076,33,1085,35,34,81,36
1633	541,539,192,509,114,184,1002,102,1044,1052,2060,189,140,194,1409
1634	15,1959,12,690,713,717,722,649,767,778,718,783,283,264,800,830,871,528,519,518,914,136,18,58,600,530,531,723,596,833,968,364,955,175,355,356,354,683,986,773,1039,1045,796,1138
1635	52,53,508,270,44,57,740,154,156,155,157,158,164,222,203,67,361,68,69,304,362,204,73,207,209,74,76
1636	1422,1442,1470,1501,1503,1504,1259,1264,1565,1568,1362,1249,1691,1699,1743,1727,2206,2254
1637	1022,596,1533,1561,633,1641,1640,2168,2169,1524,2250,2170,2238,2262,432,1083,1511,468,469,1906,924
1638	198,15,529,139,708,566,678,707,720,712,722,112,493,713,600,695,604,734,144,218,507,744,751,610,268,148,753,755,585,1086,593,772,369,825,249,457,187,188,192,842,540,181,509,196,644,184,140,149,1051,555,565,592,1056,595,1122,497,594,189,458,191,1051,194,537,142,541,2091,2225
1639	1214,1066,1230,280,281,1949,1273,1276,1847,1341,1359,1397,1408,930,1511,474,1523,778,377,379,1555,1559,1841,1877,684,1609,338,2110,1672,1715,1758,2212,2113,2181,415,2336,1901,2112
1640	2032,2035,2036,2039,2038,2042,2041,2040,2043,2048,2045,2044,2046,2047,262,1822,263,2049,2051,2050,1591,1596,2052,2193,2054,2037
1641	1118,1166,1199,1414,997,1437,1430,1460,1474,1518,1535,1539,1546,1540,1329,1310,1657,1710,2222,1735,2236,2304,2306,2328,2347,2353,913,1770,2368,2386,2378,2411,2435
1642	63,44,303,67,305,126,2074,31,32,2079,33,2080,35,1593,34,2083,36
1643	112,716,610,150,750,1086,288,808,289,1136,390,391,404,1449,405,1018,1440,1495,2067,2127,1019,2448
1644	58,3,576,590,96,506,629,4,143,597,19,2011,957,1446,1484,1522,446,389,319
1645	356,893,984,807,1045,172,364,813,289,288,1069,863,821,1003,50,365,302,644,241,1271,1112,363
1646	223,264,1959,705,592,90,575,265,593,172,630,507,516,453,596,1971,963,582,1204,597,762,13,1119,1159,1147,633,1782,455,456,1021,1425
1647	87,134,137,217,678,707,228,139,708,93,497,1779,711,160,161,564,94,12,47,171,169,90,578,127,129,133,635,641,733,48,225,579,15,16,170,168,176,178,833,226,710,91,542,715,2027,785,896,595
1648	483,1775,2217,127,133,96,587,493,484,716,610,215,1970,801,1785,100,8,925,961,101,974,1034,1035,994,185,1071,1945,1260,850,1325,1330,1365,28,387,1760,2267,389,2384
1649	585,283,718,799,809,1067,865,887,885,904,356,27,922,1045,1818,323,349,1366,2352
1650	90,725,145,698,146,716,724,708,283,264,90,750,159,165,166,287,288,176,630,688,1785,1791,1792,710,2020,839,814,1795,1972,894,709,1797,289,827,596,902,703,1973,856,957,986,290,1047,564,2021,1029,842,1133,1134,648,2022,1195,906,548,946,977,996,1116,1145,1124,1210,1205,1221,1275,1119,1159,1328,547,473,1369,352,1950,1862,1432,404,1861,405,2130,406,1077,1082,439,439,440,441,1905
1651	495,96,504,576,562,223,616,604,600,11,265,174,779,162,166,169,171,176,617,178,6,1791,1792,710,1794,1795,160,161,170,173,1797,855,1789,1798,2026,566,1796,1800,1801,351,619,1802,1804,1806,1807,603,643,651,654,1809,236,1810,1811,1812,1049,1813,452,1814,1809,213,214,2131,222,1426
1652	1271,1472,1546,1380,1571,1575,1648,1660,1700,1222,1683,1313,2272,2216,2306,2286,2297,2301,2325,1722,1617,81,1923,2375
1653	88,90,287,288,507,594,571,854,289,66,2009,873,712,807,898,916,804,817,602,619,1940,1941,1939,1942,1943,1053,1944,627,654,383,620,980,1036,1046,651,1945,116,532,1946,1947,1168,1012,1948,1274,1250,1949,2102,1938,2153,1206,1016,1366,1424,2156,2157,2158,1530,1537,424,2159,1541,2160,425,2161,1918,1025,1701,1684,1985,2162,426,1919,442,1418,1646,1652,1750,1883,2198,1986,2163,1836,2276,2277,2164,2165,427,2420,2166,2167,1921
1654	636,497,612,599,619,611,594,631,621,237,628,2012,1916,1530,1882
1655	679,303,304,661,650,510,902,1990,99,126,326,913,489,2082,1974,31,2079,33,1080,1991,35,1992,2083,1094
1656	624,529,637,763,453,355,598,493,600,95,604,784,487,792,791,605,799,825,797,712,790,780,601,789,807,615,119,754,777,788,608,881,853,885,454,906,914,1020,940,455,1002,865,1167
1657	512,724,227,273,755,779,610,987,808,781,807,457,833,804,864,842,121,289,903,125,570,943,769,1997,2060,1056,596,1109,1147,317,1017
1658	1406,1566,1612,1600,437,1686,1345,1695,1704,388,1711,387,318,1739,1712,1733,1744,1156,2114,2440,2438,2437,2439,2441,2442,842,1239,1675,1313,2203,2213,2220,1697,1218,2214,2236,1370,2241,349,1200,2172,2174,2173,2239,2267,1274,2238,2274,1884,277,2117,2119,2121,2123,1730,2302,1768,2276,2250,2330,2316,2186,2365,440
1659	199,515,604,752,605,630,696,224,610,110,587,889,580,890,1051,359,590,343,309,829,973,258,259,312,129,635,641,10,1272,593,1215,2147,1333,458,1782,2144,119,459,114,1097,460,2450,1022,2141,1868,1096,239,264,265,2135,2105,1832,2186,2136,1418,1507,2107,1065,2138,109,1899
1660	1430,1434,1460,1474,1450,1476,1909,1499,1514,1518,1285,1535,1284,1287,1552,1708,1710,1764,1766,1735,2213,2222,2218,2199,442,2236,2214,2249,1913,2246,1689,1765,1441,2240,2252,1833,2243,1922,1771,2255,2248,2268,1772,2269,1823,2282,2270,2238,2272,2291,2303,1834,1837,2083,2349,2372,2359,2382,2300,2379,2370,2340,1906,2412,2413,2171
1661	661,653,760,549,558,639,1776,1778,60,655,656,330,2129,73,1085
1662	804,829,1971,741,615,571,1067,119,370,781,1972,788,842,260,193,855,799,891,111,869,899,889,912,967,2030,973
1663	678,109,673,700,707,720,723,12,136,629,629,96,512,97,213,214,584,90,760,1366
1664	43,245,493,497,506,515,529,528,563,581,585,587,590,600,670,708,712,713,716,757,610,732,990,870
1665	958,1044,1060,1126,1318,2011,1197,105,40,453,2013,1440,458,459,1250,1368,51,1824,1576,1768,1730,1324
1666	1470,1500,1460,1476,1499,1492,1493,1474,1510,1472,1527,1518,1284,1552,1535,1910,1287,1553,1503,1501,1504,1257,1606,1258,1259,1264,1565,1568,1607,1586,1308,1546,1618,1626,1649,1311,1658,1514,1660,1691,1686,1699,1743,2254
1667	13,12,590,593,596,343,545,812,1045,1056,1119,14,597,666,769,1049,640,15,58,555,565,592,633,689,1147,647
1668	197,1513,329,1601,1645,2207,1736,1747,2215,1780,2246,736,2286,2326,2375,2392,2418,2417
1669	2103,1336,1863,1456,1078,1858,1486,2446,1864,1338,1637,1556,1557,2245,2232,133,733,2280
1670	1208,1305,1332,473,1439,1441,891,1235,1363,1529,1535,1554,1618,1632,1825,1826,1649,1645,1516,1556,1838,1747,1764,2224,1557,1823,2271,2304,1773,2317,2317,2322,2347,2326,1558,2377,2386,2385,2410,2179,2414
1671	807,454,615,1963,310,940,1964,1164,628,1194,1182,1787,311,2443,1208,1012,1229,1845,1274,2153,1320,338,1013,1360,1366,1389,1459,1429,1443,1452,1457,1538,2109,1235,2158,2141,1537,51,2122,423,1884
1672	218,219,755,673,700,778,616,617,512,348,342,2027,518,519,928,1045,1109,1040,759,1224,1321,1093,596,633,2073,555,1098,535,230,231,232,399,400,1623,1081,1669,536,423,1717,1748,2197,2232,2330,514,2359,1594,887,403
1673	559,523,857,524,997,491,1786,204,793,564,205,648,525,492,207,42,1929,209,1428
1674	1775,2217,695,288,806,543,923,735,773,872,1931,289,609,894,297,298,707,340,912,837,796,842,836,870,955,927,983,244,994,812,1045,891,610,759,1119,117,116,3,1154,1187,290,1159,343,344,241,376,452,1107,1254,1098,1380,1334,1395,601,615,1511,1479,1528,2101,1466
1675	5,555,167,287,1067,269,268,297,298,920,934,613,930,383,951,322,870,879,983,1051,343,323,357,125,1122,911,130,333,618,1206,384,1208,1188,1281,1305,1326,2066,1338,1367,334,1427,386,1479,1495,1502,1560,387,2014,1625,1655,1667,1883,1019,2267,2352,2069,2171,2071,2188,2072
1676	82,1502,1516,1522,2101,424,1541,1404,1577,1453,1465,1095,1882,1096,317,482,1612,1622,1614,1600,644,1210,1369,1871,1633,1081,1624,1640,1127,129,635,641,1880,536,1412,1589,1602,1917,1662,2098,2140,1876,1665,1031,1281,1347,1580,434,1276,475,423,2132,2131,1447,2097,1684,2133,1032,2201,1480,1730,1879,2198,2170,2134,1218,2260,1156,1324
1677	142,126,102,925,1786,555,825,28,797,464,2149,1570,1603,410,910,1700,1222,466
1678	150,287,288,766,810,818,853,940,1782,1938,1937,1935,2009,191,1167,1237,1255
1679	753,769,288,821,293,294,842,454,567,181,962,927,455,188,994,1147,456,104,1274,1366,2126
1680	527,741,767,778,1958,765,741,111,119,881,837,899,531,530,198,180,912,364,907,980,1036,1046,327,1960,2140,1730
1681	218,287,346,740,739,742,1086,245,539,782,756,112,113,457,698,724,923,347,912,1180
1682	218,761,792,1974,829,348,781,242,987,453,346,347,1434,1353,1381,130,1536,444
1683	1515,1549,1635,1636,1647,1731,1643,1762,1763,1741,2308,2307,2309,2310,2311,2312,2313,2314,2315,2403,2404,2405,2426,2425
1684	961,853,761,940,958,962,2028,1002,186,1118,1124,797,1137,1167,1369,1409,1567,2091,1897
1685	575,615,528,92,356,571,356,570,593,630,114,531,530,567,597,3,4,1775,2023,2217
1686	90,492,672,686,93,94,529,564,90,95,223,810,1970,1969,1171,131,675,715,785,896,1565,1568,332,331,330,1422,1442,1470,1376,1503,1504,1553,1264,1501,1607,559,1493,1510,1626,1743,2206,2254
1687	1256,658,640,1021,596,1045,1334,1946,1947,1945,647,970,1022,2159,2162,2163,2259
1688	116,1319,587,1334,619,1361,1340,1389,1842,1059,1166,1482,1420,1203,2184,1651,424,906,1960,2185,309,310,311,312,2144,2141,2135,1867,1868,1824,1330,1365,1712,2069,2430,2427
1689	497,15,708,224,515,637,666,697,600,749,516,601,615,637,769,833,595
1690	116,1012,1253,1026,232,1855,1511,1536,1825,1616,187,1737,2197,2256,2367,2384,2307
1691	3,4,141,143,254,253,496,495,555,565,592,590,737,5,593,698,724,641
1692	929,322,968,906,977,996,994,323,1983,321,998,102,101,100,493,1116,877,738,1150,2010,1118,1063,814,2104,1166,1145,333,1214,1174,1293,2154,1857,1351,1445,2185,2210
1693	1405,1209,1083,640,318,1324,1387,2284,1395,2316,1087,2352,319,2070,2420,2071,2434
1694	17,859,298,868,1931,275,931,22,873,619,287,288,147,1056,1156,1194,2117,273,1026,1303,1324,980,334,1136,1452,2119,1467,2121,1576,1885,1655,2120,1878,1768,2302,2365,449,1988,1835,2124
1695	61,62,63,64,203,67,68,69,510,202,70,71,73,489,208,75,74,210,80,77,35,78,211,79
1696	370,1945,868,754,498,962,953,1056,1322,2063,1236,870,1098,1426,1455,346
1697	2236,2240,2241,1922,2248,2269,2272,2274,913,2286,2303,2196,2333,1914,2229,2306,2354
1698	672,686,991,584,767,264,722,2020,864,347,346,15,17,16,22,102,20,455,454,453,456,105,23,1303,1344,24,1564,26,25,1512,1477,2367
1699	685,529,566,1113,975,878,994,1040,842,979,845,906,946,977,892,910,996,1118
1700	1258,1257,1331,1375,857,1493,1510,1527,329,1675,1754,2202,2293,2211,2283,1681
1701	747,993,309,1953,1125,1954,310,1955,1150,1142,1148,1149,1859,367,1161,2056,1196,1203,311,1186,2129,1041,1238,1042,1242,312,1269,1175,2145,2146,1008,2147,1234,2106,1924,2144,1364,1401,1402,2143,1097,1434,1439,1450,1462,2142,1412,1587,2141,1095,1096,1615,2140,2098,1681,368,2169,1506,2137,1665,1966,1712,1300,1020,2170,2231,2359,2303,2379,474,2171
1702	133,288,749,86,961,788,754,243,1045,1062,705,1945,1136,343,344,1274,1495
1703	156,1292,284,760,1388,1311,2075,1682,972,2376,2339,2401,2411,2418,2341,2342,2343,2412,2059,1890,1681,1900,1903,1896
1704	799,594,457,782,805,807,110,17,13,816,865,885,7,454,1817,309,117,310,312,1088,316,315,313,1197,595,627,1334,1440
1705	882,978,813,1105,1140,268,941,1138,1170,1213,1205,534,1189,1248,533,1301,850,1231,1273,1303,1293,1344,1362,1857,24,1397,2000,401,1842,416,471,1233,965,1532,84,2126,1435,1562,1520,1598,2127,470,1880,1697,1634,1740,1883,2198,2237,1827,317
1706	1544,1512,1874,1876,1580,1095,1096,1506,1695,2137,414,475,1487,25,1760,2097,1032,1883,507,2065,2064,1678,1613,2170,2262,438,2092,2134,478,2136,2093,2178,2192,1897
1707	495,1932,58,1,109,109,555,633,117,1021,1023,549,1403,334,1441,497,598,585,1554,1844
1708	937,198,1253,1342,1361,911,1841,239,1363,1351,1404,82,1235,1420,1524,1453,417,51,1577,1465,1825,2079,1633,1843,1545,1826,2180,2068,2438,2437,2110,1624,2439,2080,2098,1059,2106,1609,2082,1084,1580,368,1505,1697,1702,1704,475,1991,665,2441,1642,2097,1132,1262,1384,1446,2111,1745,2442,1767,2203,2205,1678,479,2250,2247,1732,2227,1877,2300,2302,2298,2322,478,2329,2181,2357,2355,2365,2287,1208,2288,2416,2265,2413,2179,2190,1921,480
1709	43,157,156,154,153,152,155,550,552,551,556,554,573,671,494,50,634
1710	1974,2019,2018,1950,302,1135,1438,1586,1977,1649,1618,1739,2208,2236,81
1711	270,1111,1103,1157,1181,452,1214,1219,1135,1243,1269,1323,979,1121,1184,1227,1260,1289,1294,845,1325,1331,337,1355,1423,1401,1450,1542,1476,1492,1509,1552,55,1627,421,1649,56,1660,1669,1680,434,1728,2215,2279,2249,2271,1823,1773,2285,1834,2336,2385,2386,436,2436,1900
1712	437,2216,2058,1721,1733,1744,2213,2218,1441,2289,2295,2295,2303,2305,2196,2319,2331,2325,2338,2351,2354,2364,2375,2398,2409,2432,1903
1713	1434,1353,1491,1381,1422,1442,1470,1493,1510,1527,1340,1419,1118,1727,1385,2199,1330,1482,1588,1365,858,932,851
1714	844,312,199,2144,2141,1095,1096,40,2140,1506,2137,2135,117,2136,115,2117,2121,273,2114,274,277,2120,1835,2124
1715	365,92,936,597,903,622,607,1045,1119,937,633,367,1172,1159,23,1021,2106,1321,345,408,419,1874,1614,2180,1650,2098,1663,2097,1768,2233,438,2302,2099,2327,2316,2365,2365,2393,445,2397,2171,2431,1894,1888,2112,1907
1716	1184,1202,1214,1227,1241,1243,1252,1263,1323,1339,1786,1329,1352,1416,1413,1430,1450,1428,1497,1436,1499,1552,1539,1586,1618,1310,1736
1717	1285,1926,1284,1552,2055,857,1222,1618,1754,2215,2202,2218,2213,2246,1518,2252,2221,2293,2286,2297,2303,2229,2333,2274,2331,1834,2325,2321,2319,2324,2350,2348,2351,2332,2360,2364,2369,2375,2382,2372,2394,2395,2398,2402,2408,2409,2340,2407,2417,2432,2429,2345
1718	505,1119,199,647,970,633,597,1169,662,1225,390,1240,301,302,1845,1134,391,238,640,1109,1281,338,404,237,194,1088,1035,1101,1098,1343,1407,313,363,1217,719,1266,411,1417,1443,595,755,405,627,1048,304,1509,1435,1528,1520,1021,412
1719	175,355,716,750,808,831,945,46,1137,532,2061,1859,1203,534,462,1411,463,1867,1431,1415,386,2048,1560,2101,1673,2111,1746,2175,2289,2099,438,2100,2193,2107,2165,2166,2112
1720	246,933,349,397,1200,308,1236,1197,1256,2172,1098,2173,1434,1513,387,2174,1589,1674,1667,1760,1746,1729,430,1987,2175,2299,2320,2330,2335,2355,2391,1988,433,1989,2345
1721	1584,1635,1550,1731,1741,1742,2307,2308,2309,2310,2311,2312,2313,2314,2315,2403,2404,2405,2426,2425
1722	644,600,515,576,949,2027,1109,1842,1229,1233,1821,29,2451,337,2160,1256,1407
1723	592,630,457,596,597,1119,633,1172,1159,452,1021,1017,1022,1484,1256
1724	1825,1653,1546,1434,1312,1675,1566,1582,1708,1838,1571,426,2219,1676,1563,2241,2196,386,2306,1848,381,2355,1507,2134,2136,427,415,373
1725	87,497,109,566,575,5,213,214,254,253,264,506,528,555,562,565,585,590,670,701,699,729,734,583,109,218,624,616,763
1726	515,355,892,887,1035,971,1104,979,845,1111,1121,1219,1289,1048,352,1325,1994,386,405,1445,1022,1495,1509,406,401,1686,439,2205,2238,2300,1083,440,2391,441,1905,2433,2413
1727	709,797,537,1886,286,538,917,453,851,492,857,487,540,559,853,273,776,454,940,101,22,948,842,1002,184,1101,843,1121,330,1207,2129,1929
1728	88,517,245,566,493,629,629,600,507,744,541,541,1961,825,601,807,355,755,370,371,835,287,288,864,313,862,637,100,289,891,918,454,914,912,967,931,953,962,455,1005,2060,903,925,1104,1120,1132,1204,1945,1045,842,1115,1124,1154,865,1849,125,1560,1677,2029,1455
1729	564,582,10,676,583,634,706,512,732,129,773,778,801,145,151,789,272,271,797,804,453,807,370,823,266,454,893,870,878,952,185,1045,1120,1129,455,1512,1869
1730	601,720,101,618,1151,1013,1423,1466,1604,1611,26,1659,2015,1727,2210,1879,2214,403,2112
1731	299,1927,2056,1169,782,805,1950,1866,2102,291,1234,1364,1929,1462,1547,1928,1590,1645,1694,2209,2318,2326,1587,2380,797,853,940
1732	515,562,109,529,1956,12,726,771,271,272,630,833,113,596,6,933,1548,1495,1176,1711
1733	46,644,493,484,138,142,15,160,757,672,716,713,722,537,188,148,749,507,835,780,101,1391,86,1604
1734	1710,1714,1316,1724,1734,2207,1752,1749,2222,2218,1757,2226,1913,2246,2240,1922,2243,2447,2248,2272,2270,2289,2295,2306,2305,2196,1914,2229,2317,1837,2325,2338,2255,2332,2354,1923,2369,1915,1681,2392,2383,2341,2430,2344,1900,1896
1735	2032,2035,1349,2036,28,1397,2039,1400,1409,1417,2038,2042,2075,1074,535,1567,2046,1614,2076,1822,2080,1509,865,2049,2078,2053,2123,1591,2052,2084,2388,2054
1736	1935,133,1942,1943,1944,2068,1946,1140,1947,2153,2066,2103,1787,378,377,379,1361,2012,1841,1863,1274,1366,1229,1156,2155,1950,1945,2156,1842,1142,405,2157,1440,1869,1420,1233,2158,2011,1530,1537,1487,2159,1846,1858,2014,2160,1882,1576,2067,1843,1453,1545,943,1655,1633,1404,1577,1880,2161,1668,1084,1701,590,504,2162,1883,1597,1768,2163,1881,2267,387,2276,2164,1733,2365,2069,447,389,2165,2166,2071,2167,1888,2072,480,1907
1737	931,928,1113,957,963,1066,1121,1109,1120,1130,1155,1167,658,1147,1194,1201,1229,1240,1249,1246,2011,1224,1041,1042,1175,1248,1291,1272,1301,2145,1320,1138,1215,2146,1302,2147,866,985,1293,1335,1333,1093,1322,1334,1362,1398,2143,82,24,380,1097,2073,1156,1074,1842,416,83,1440,2094,1480,1487,1532,2168,1105,1494,84,1531,2141,1868,1528,1856,1579,1564,1095,1096,2127,1646,1740,1878,1755,2201,1879,1829,444,2337,1594,403,2422,1899,480,2191
1738	710,1795,1797,1794,1798,912,1799,1804,631,1008,1150,1196,1234,1694,2058,2209,1773,2297,2317,2331,2351,2358,2364,2362,2377,2386,2385,2394,2380,2398,2400,2408,2417,2412,2059,2432,2436,1898,1903
1739	2009,826,907,994,1942,1941,1940,357,297,1173,452,1208,2011,2104,2108,1255,1274,1305,462
1740	696,580,12,727,714,138,509,698,724,778,528,718,690,539,834,540,188
1741	418,1842,1440,1477,1487,1502,597,1022,1438,1844,1853,1854,1287,2126,1366,1559,420,875,1581,1522,1523,1576,1486,1548,1555,1519,1541,1609,1618,1825,388,234,235,1826,1641,1640,2127,1639,1655,1664,1669,1662,1672,2098,421,368,1690,59,2128,1701,2003,1715,872,1758,1767,2205,2212,2004,1703,1713,1885,2262,2239,2259,1884,2276,1881,736,2197,2285,2294,2302,478,2329,2323,2336,428,1418,1265,1652,2260,2316,1441,2357,273,2120,1855,1960,2184,2186,2183,2185,2365,1528,1557,1558,1554,1556,2359,1531,389,2151,2379,446,1435,1309,1350,1520,2373,440,2125,2399,407,2396,2070,1638,1835,2416,2397,450,1906,441,2423,445,2410,2427,109,117,1901,1642,1883,2414,1897,2124
1742	1428,1526,1628,1608,2216,1723,1700,2211,2202,2223,2306,2196,2303,1823,2325,2338,2332,2354,2364,2369,1923,2375,2363,2448,2394,2383,2402,2417,2432,1898,1903
1743	152,494,295,651,654,1153,937,922,335,2034,1277,278,303,304,305,325,326,1300,1173,2145,2031,2147,2146,395,2041,1418,2043,1652,888,1703
1744	288,147,457,865,897,1109,1147,1218,1208,1212,1271,1295,1956,930,1945,1424,1366,387,714,2276,2420,1888
1745	642,965,684,2116,453,454,2115,455,378,2117,377,1841,2118,1863,2119,2121,1389,1877,1429,2122,1131,475,2098,2097,1127,387,1711,1440,2123,2071,1907
1746	89,88,545,3,5,587,515,288,6,227,649,894,289,920,979,1108,947,1004,1121,1052,1153,1219,1845,1289,1036,1410,230,1276,830,1022,103,473,681,1511,971,1220,2126,1342,1854,980,1107,1020
1747	141,507,497,506,143,716,264,629,722,775,736,227,285,750,292,760,770,765,779,799,790,829,608,8,899,916,900,918,597,186,1780,190,847,1158,1165,1859,376,1218
1748	3,678,590,991,499,500,483,734,600,690,527,624,766,992,453,810
1749	1711,1081,439,1884,1755,2267,1182,1555,1758,478,666,1334,697,769,389,2069,943,438,2284,440,1484,2070,2107,1012,2397,2423
1750	708,894,1372,1343,1265,2010,1403,597,1022,1477,1456,842,2168,1479,1815,1560,1581,488,387,1190,1303,1344,386,2169,1690,1676,1729,2170,2267,2294,2199,1695,2278,2323,1484,482,438,389,1615,1512,994,1760,2391,2396,445,2171,2390,1888
1751	249,826,91,864,358,925,359,994,360,2010,2011,1303,1372,232,1855,1072,2013,1479,1876,423,1717,2197,447
1752	61,62,63,64,203,67,68,69,510,202,71,73,208,75,74,210,80,77,78,211,79
1753	1425,2141,2140,2169,1506,2137,2135,2170,2134,435,2136,1507,447,436,2171,2138,1921
1754	1091,1434,1840,1603,1235,1453,1519,1604,1541,1611,1659,2442,2210,1720,2336,2355,2421,1901
1755	896,2017,504,576,930,913,950,1186,338,906,977,1102,1061,1169,217,975,306,542,550,547,557,1222,2452,831,248,1983,743,908,806,284,2082,1462,278,304,849,1306,1208,1924,2149,258,1433,1974,1990,1379,152,494,1280,1605,801,1184,1227,1536,1646,353,1001,1251,1329,1254,1384,1786,1414,1845,2033,1612,1311,1416,695,1000,1925,425,1116,1780,1846,424,1056,1125,1490,1200,887,1454,2207
1756	566,832,287,288,354,811,830,894,289,643,651,980,1003,994,1039,1045,186,190,1144,238,230,1326,232,1867,1853,405,1022,399,1418,424,1860,423,665,2232,1652,2260,445,1881,2139,2071,427,2138
1757	1323,1329,1348,1350,1355,1352,1463,1386,1378,1379,1401,1394,1380,1399,1458,1397,2155,1859,1413,1416,1366,1430,875,1357,1436,1438,1439,1450,386,1497,2156,1461,1500,1467,1460,1476,1474,1869,1440,1482,1479,1512,1475,1499,1469,1492,1480,1484,2040,1494,1283,1472,1514,1518,535,1285,1516,1354,1529,1560,835,1284,1552,1233,1286,2048,1539,1079,1551,1288,2045,1570,1540,1582,1533,2044,387,1573,1597,1586,1287,1618,1627,1769,1309,482,1620,388,1623,1630,1632,1629,1621,1651,2169,1311,2012,1657,1661,1619,1670,422,1669,1822,1686,1665,1673,1693,1697,1688,2440,1700,1315,1707,1838,2242,1711,1708,1710,1727,2441,1316,1739,1760,1744,1755,2442,1766,1751,430,1761,1759,1764,2205,2201,1735,2208,2213,2220,2215,2245,2228,2236,2249,1765,2170,2235,1833,1771,2263,1716,2243,2261,2447,2268,2281,2282,1772,2304,2270,2290,2297,2294,2298,2328,1834,2325,2329,2335,2336,2278,2347,1837,2338,2353,2354,2368,2372,2369,2361,2376,2367,2382,2386,2389,2378,2448,2264,2125,2370,2193,2401,2398,433,2339,2409,2342,2411,2340,1904,2418,1906,2171,2341,2412,2429,2422,2344,2435,1891,1890,2374,2427,1901,1888,1900,2345,1902,1896
1758	95,148,1976,140,538,541,287,792,799,353,559,1777,90,134,1306,109,551,1971,491,492,193,615,758,1977,906,1169,1815
1759	637,722,664,864,936,340,341,1069,1122,1143,376,2119,1538,1078,1484,482
1760	146,159,162,160,161,169,171,711,710,174,1799,1792,1794,1803,387,1851
